meno,priezvisko,cele meno (vzorec),live on website?,rok narodenia,narodnost,institucia,krajina posobnosti,odbor,web,email,Google Scholar profil,GS H-index,Semantic Scholar profil,SS H-index,poznamka 1,poznamka 2,poznamka 3,,,,,,,,,,,
Stanislav,Tokár,Stanislav Tokár,ANO,1952,,UK,SR,fyzika elementárnych častíc,http://atlas.hep.dnp.fmph.uniba.sk/~tokar/MyHomePage.html,Stanislav.Tokar@fmph.uniba.sk,https://scholar.google.com/citations?user=2HzXQEkAAAAJ&hl=sk&oi=sra,248,,,https://uniba.sk/fileadmin/ruk/veda/docprof/FMFI_UK/Tokar/01_inauguracia_zivotopis__tokar.pdf,,,,,,,,,,,,,
Roman,Lysák,Roman Lysák,ANO,1979,SR,https://www.fzu.cz/en/people/rndr-roman-lysak-phd,ČR,elementary particle physics,https://www.fzu.cz/en/people/rndr-roman-lysak-phd,lysak@fzu.cz,https://scholar.google.com/citations?user=jkguv3UAAAAJ&hl=sk&oi=ao,238,,,https://www.yumpu.com/xx/document/read/33279054/a-1-2-ivotopis,,,,,,,,,,,,,
Pavol,Bartoš,Pavol Bartoš,ANO,,SK,UK,SR,subjadrová fyzika,https://inspirehep.net/authors/1051572,Pavol.Bartos@fmph.uniba.sk,https://scholar.google.com/citations?hl=en&user=pCW77HEAAAAJ,218,,,,,,,,,,,,,,,,
Tomáš,Dado,Tomáš Dado,ANO,,,TU Dortmund,Nemecko,subjadrová fyzika,,,https://scholar.google.com/citations?hl=sk&user=ySoDoW4AAAAJ,184,,,,,,,,,,,,,,,,
Branislav,Sitár,Branislav Sitár,ANO,1946,,,SR,subjadrová fyzika,,branislav.sitar@fmph.uniba.sk,https://scholar.google.com/citations?user=4ymEP0sAAAAJ&hl=sk,157,,,,,,,,,,,,,,,,
Ján,Vilček,Ján Vilček,ANO,1933,,,USA,,,Jan.Vilcek@nyulangone.org,https://scholar.google.com/citations?user=zG9xTAcAAAAJ&hl=en,101,,,,,,,,,,,,,,,,
Jozef,Gécz,Jozef Gécz,ANO,1962,,,Austrália,Human genetics,,jozef.gecz@adelaide.edu.au,https://scholar.google.com.au/citations?user=FTejMNwAAAAJ&hl=en,105,,,,,,,,,,,,,,,,
Klara,Nahrstedt,Klara Nahrstedt,ANO,1957,,,USA,,,klara@illinois.edu,https://scholar.google.com/citations?hl=en&user=TW0t25AAAAAJ,94,,,,dcera Ruzeny Bajcsy,,,,,,,,,,,,
Ján,Veizer,Ján Veizer,ANO,1941,,U. of Ottawa,Kanada,Earth science,https://mysite.science.uottawa.ca/jveizer/,jveizer@uottawa.ca,https://scholar.google.com/citations?user=b-gm8tgAAAAJ&hl=en,92,,,https://en.wikipedia.org/wiki/Jan_Veizer,,,,,,,,,,,,,
František,Baluška,František Baluška,ANO,1957,,,Nemecko,,,baluska@uni-bonn.de,https://scholar.google.it/citations?user=KF4AYR4AAAAJ&hl=en,92,,,,,,,,,,,,,,,,
Jozef,Bartunek,Jozef Bartunek,ANO,,,"Interventional and Heart Failure Cardiologist at Cardiovascular Center, Aalst",Belgicko,, ,,https://scholar.google.com/citations?hl=en&user=ByfssdMAAAAJ,89,,,,,,,,,,,,,,,,
Igor ,Jurišica,Igor  Jurišica,ANO,1967,,,Kanada,, ,https://scholar.google.com/citations?user=Hi9ALnkAAAAJ&hl=sk&oi=ao,https://scholar.google.ca/citations?user=Hi9ALnkAAAAJ&hl=en,89,,,,,,,,,,,,,,,,
Katarína,Křížková Gajdošová,Katarína Křížková Gajdošová,ANO,,,,ČR,,,katarina.gajdosova@fjfi.cvut.cz,https://scholar.google.com/citations?user=n1zAfusAAAAJ&hl=en,92,,,,,,,,,,,,,,,,
Ružena,Bajcsy,Ružena Bajcsy,ANO,1933,,,USA,,,bajcsy@eecs.berkeley.edu,https://scholar.google.com/citations?user=s9Ikf1EAAAAJ&hl=en,78,,,,,,,,,,,,,,,,
Vladimír,Džavík,Vladimír Džavík,ANO,,,Univ. of Toronto,Kanada,,,vlad.dzavik@uhn.ca,https://scholar.google.com/citations?hl=en&user=psbZKP4AAAAJ,76,,,,,,,,,,,,,,,,
Eleonóra,Fabiánová,Eleonóra Fabiánová,ANO,1953,,RÚVZ BB,SR,,,eleonora.fabianova@ku.sk,https://scholar.google.co.uk/citations?user=Ey9s5FcAAAAJ&hl=en&oi=ao,75,,,,,,,,,,,,,,,,
Radko,Mesiar,Radko Mesiar,ANO,1951,,,SR,,,mesiar@math.sk,https://scholar.google.sk/citations?hl=sk&user=_kXpl5YAAAAJ,78,,,,,,,,,,,,,,,,
Marián,Brestič,Marián Brestič,ANO,1959,,,SR,,,Marian.Brestic@gmail.com,https://scholar.google.sk/citations?user=9LXjvp8AAAAJ&hl=sk&oi=ao,91,,,,,,,,,,,,,,,,
Silvia,Pastoreková,Silvia Pastoreková,ANO,1961,,,SR,,,virusipa@savba.sk,https://scholar.google.com/citations?hl=en&user=7AYmCSIAAAAJ,74,,,,,,,,,,,,,,,,
Jaromír,Pastorek,Jaromír Pastorek,ANO,1957,,,SR,,,pastorek@up.upsav.sk,https://scholar.google.com/citations?user=r7j9ZoYAAAAJ&hl=en&oi=sra,71,,,https://sk.wikipedia.org/wiki/Jarom%C3%ADr_Pastorek,https://www.vedatechnika.sk/SK/enoviny/ZakciiNCPVaT/Documents/prof.Pastorek-curriculum%20vitae.pdf,,,,,,,,,,,,
Pavel,Cheben,Pavel Cheben,ANO,1967,,,Kanada,,,Pavel.Cheben@nrc-cnrc.gc.ca,https://scholar.google.com/citations?user=Krtl-TsAAAAJ&hl=en,70,,,,,,,,,,,,,,,,
Vladimír,Bencko,Vladimír Bencko,ANO,,,Univ. Karlova,ČR,epidemiológia,,,https://scholar.google.com/citations?hl=en&user=ie2ZQ5wAAAAJ,70,,,,,,,,,,,,,,,,
Imrich ,Chlamtáč,Imrich  Chlamtáč,ANO,,,,,,,,https://scholar.google.com/citations?hl=en&user=bWqipasAAAAJ,70,,,,,,,,,,,,,,,,
Peter ,Boor,Peter  Boor,ANO,1979,,U. of Aachen,Nemecko,,,pboor@ukaachen.de,https://scholar.google.com/citations?hl=en&user=5d0eNiEAAAAJ,78,,,,,,,,,,,,,,,,
Marek ,Majdan,Marek  Majdan,ANO,,,TrUni,SR,Verej. zdravie,,mmajdan@truni.sk,https://scholar.google.sk/citations?user=xwG1s8YAAAAJ&hl=sk&oi=sra,70,,,https://www.truni.sk/prorektori-trnavskej-univerzity-v-trnave,,,,,,,,,,,,,
Barbora,De Courten,Barbora De Courten,ANO,,,Monash,Austrália,,,Barbora.DeCourten@monash.edu,https://scholar.google.com.au/citations?user=Q_0mjq0AAAAJ&hl=en,75,,,,,,,,,,,,,,,,
Fedor,Šimkovic,Fedor Šimkovic,ANO,1950,,,SR,,,Fedor.Simkovic@fmph.uniba.sk,https://scholar.google.sk/citations?hl=sk&user=aC__pxUAAAAJ,73,,,,,,,,,,,,,,,,
Jozef,Šamaj,Jozef Šamaj,ANO,1964,,,ČR,,,jozef.samaj@upol.cz,https://scholar.google.com/citations?user=thQgjcsAAAAJ&hl=en,60,,,,,,,,,,,,,,,,
Mária,Dušinská,Mária Dušinská,ANO,,,NILU,Nórsko,,https://www.nilu.com/employee/maria-dusinska/,mdu@nilu.no,https://scholar.google.com/citations?user=tF7f4yEAAAAJ&hl=en,72,,,https://twinalt.com/team/prof-maria-dusinska/,https://www.researchgate.net/profile/Maria-Dusinska,https://ec.europa.eu/health/scientific_committees/consumer_safety/docs/cv_sccs_dusinska_en.pdf,,,,,,,,,,,
Ervin,Fodor,Ervin Fodor,ANO,1965,,Oxford,Veľká Británia,,https://www.path.ox.ac.uk/content/ervin-fodor,ervin.fodor@path.ox.ac.uk,https://scholar.google.com/citations?hl=en&user=vcIizE8AAAAJ,67,,,https://scholar.google.com/citations?hl=en&user=vcIizE8AAAAJ,,,,,,,,,,,,,
Jozef,Šamaj,Jozef Šamaj,ANO,,SK,UPOL,ČR,botanika,https://kbt.upol.cz/en/,jozef.samaj@upol.cz,https://scholar.google.com/citations?user=thQgjcsAAAAJ&hl=en,67,,,https://kbt.upol.cz/en/bildere/homee/CV.pdf,,,,,,,,,,,,,
Peter,Šutovský,Peter Šutovský,ANO,1967,,,USA,,,sutovskyp@missouri.edu,https://scholar.google.com/citations?user=UVGb060AAAAJ&hl=en,65,,,https://slovensko.rtvs.sk/rubriky/nasi-a-svetovi/175882/nasi-a-svetovi-peter-sutovsky,https://www.obec-beckov.sk/upload/obec/cestny_doktorat_psvs3.pdf,,,,,,,,,,,,
Vladimír,Bužek,Vladimír Bužek,ANO,1957,,,SR,,,vladimir.buzek@savba.sk,https://scholar.google.sk/citations?hl=sk&user=m2hSZWQAAAAJ,63,,,,,,,,,,,,,,,,
Peter ,Richtárik,Peter  Richtárik,ANO,,,,Saudská Arábia,,,,https://scholar.google.com/citations?user=pGh242UAAAAJ&hl=en,71,,,,,,,,,,,,,,,,
Peter,Biely,Peter Biely,ANO,1941,,SAV,SR,,http://www.chem.sk/people/bielypeter/,chempbsa@savba.sk,https://scholar.google.com/citations?hl=en&user=NvXlxjkAAAAJ,63,,,,,,,,,,,,,,,,
Eva ,Benková,Eva  Benková,ANO,1969,,,Rakúsko,,,eva.benkova@ist.ac.at,https://scholar.google.com/citations?user=3knjVQkAAAAJ&hl=en,66,,,,,,,,,,,,,,,,
Jaroslav,Fabián,Jaroslav Fabián,ANO,1967,,,Nemecko,,,jaroslav.fabian@ur.de,https://scholar.google.com/citations?user=bNu69CcAAAAJ&hl=en,68,,,,,,,,,,,,,,,,
Robert,Kralovics,Robert Kralovics,ANO,1970,SVK,Medical University of Vienna,Rakúsko,Hematológia,,robert.kralovics@meduniwien.ac.at,https://scholar.google.com/citations?user=-oTaCR8AAAAJ&hl=en,66,,,https://www.linkedin.com/in/robert-kralovics-0150ab32/,https://mpnforum.com/robert-kralovics/,https://en.wikipedia.org/wiki/Robert_Kralovics,,,,,,,,,,,
Ladislav,Mucina,Ladislav Mucina,ANO,1956,,Murdoch university,Australia,Vegetation science,https://academic.microsoft.com/author/904038971/publication/search?q=Ladislav%20Mucina&qe=Composite(AA.AuId%253D904038971)&f=&orderBy=0&paperId=1970982498,Ladislav.Mucina@murdoch.edu.au,https://scholar.google.com.au/citations?hl=en&user=BPId440AAAAJ,64,,,Nar. Piešťany 1956,https://en.wikipedia.org/wiki/Ladislav_Mucina,,,,,,,,,,,,
Pavel,Povinec,Pavel Povinec,ANO,1942,,,SR,,,pavel.povinec@uniba.sk,https://scholar.google.sk/citations?hl=sk&user=o8DYjGMAAAAJ,65,,,,vedec roka 2016,,,,,,,,,,,,
Vladimír,Černý,Vladimír Černý,ANO,1952,,,SR,,,vladimir.cerny@fmph.uniba.sk,https://scholar.google.com/citations?user=m-twF5IAAAAJ&hl=en,60,,,,,,,,,,,,,,,,
Marcel,Franz,Marcel Franz,ANO,,,,Kanada,,,franz@physics.ubc.ca,https://scholar.google.com/citations?user=qOmkOIAAAAAJ&hl=en,63,,,,,,,,,,,,,,,,
Richard,Kvetňanský,Richard Kvetňanský,ANO,1937-2016,,SAV,SR,,,zomrel v 2016,https://scholar.google.com/citations?user=eZE5eZwAAAAJ,60,,,,,,,,,,,,,,,,
Pavol,Bauer,Pavol Bauer,ANO,,,,Holandsko,,,P.Bauer@tudelft.nl,https://scholar.google.nl/citations?user=hH3CJhcAAAAJ&hl=nl,67,,,,,,,,,,,,,,,,
Ivan,Rektor,Ivan Rektor,ANO,1948,,MUNI,ČR,extreme war stressepileptologymovement disordersmusic in brain,https://www.muni.cz/lide/1073-ivan-rektor/zivotopis,ivan.rektor@ceitec.muni.cz,https://scholar.google.com/citations?hl=en&user=DUYrlx0AAAAJ,60,,,,,,,,,,,,,,,,
Norbert,Werner,Norbert Werner,ANO,,,MUNI,ČR,,,239396@mail.muni.cz,https://scholar.google.com/citations?hl=en&user=D93yu9MAAAAJ,63,,,,,,,,,,,,,,,,
Alexandra ,Bražinová,Alexandra  Bražinová,ANO,1971,,,SR,,,alexandra.brazinova@fmed.uniba.sk,https://scholar.google.com/citations?view_op=list_works&hl=sk&user=_tpva74AAAAJ&gmla=AJsN-F4enZVXEbSLey5sIxs2iYX1b7cqmKalMsteEbPCoYJYJxTGQ_Zt-LvTIN2kkDL4gvas8IzPL_-d-a2pm35LzuGeTzsZ-_QtrpIO0EjpojuHFcUXAHqhiyBxqm1VoP8CFAzsgdRpPW7w8bg5bGlASKOHjuCzhA&fbclid=IwAR3a7AhdjAeyLhXviBDKjED2xYkm112lWx5VvKswNvukEuxNdsJdW37SfLg,59,,,,,,,,,,,,,,,,
Maroš,Ferenčík,Maroš Ferenčík,ANO,,,Oregon Health & Science University,USA,Kardiológia,https://scct.org/page/BioMarosFerencik,,https://scholar.google.com/citations?user=3R-9xP4AAAAJ&hl=en,59,,,,,,,,,,,,,,,,
Ján,Sládek,Ján Sládek,ANO,1952,,,SR,,,usarslad@savba.sk,https://scholar.google.sk/citations?user=EuDw2JcAAAAJ&hl=sk&oi=ao,58,,,,,,,,,,,,,,,,
Vladimír,Sládek,Vladimír Sládek,ANO,1954,,,SR,,,vladimir.sladek@savba.sk,https://scholar.google.sk/citations?hl=sk&user=Z8DDt0kAAAAJ,58,,,,,,,,,,,,,,,,
Miro ,Zeman,Miro  Zeman,ANO,1957,,,Holandsko,,,m.zeman@tudelft.nl,https://scholar.google.nl/citations?user=YP4gwRsAAAAJ&hl=nl,62,,,,,,,,,,,,,,,,
Marián,Hajdúch,Marián Hajdúch,ANO,1969,SR,UPOL,ČR,,https://www.imtm.cz/users/mari%C3%A1n-hajd%C3%BAch,marian.hajduch@upol.cz,https://scholar.google.cz/citations?user=-jBJ1_gAAAAJ&hl=cs,59,,,https://cenamesta.cz/laureati/marian-hajduch/,https://www.linkedin.com/in/marian-hajduch-398a1b1a/?originalSubdomain=cz,,,,,,,,,,,,
Andrea,Jurišicová,Andrea Jurišicová,ANO,,,,Kanada,,,jurisicova@mshri.on.ca,https://scholar.google.com/citations?user=JPCdl08AAAAJ&hl=en,54,,,,,,,,,,,,,,,,
Lívia,Ludhová,Lívia Ludhová,ANO,1973,,FZ Juelich,Nemecko,low-energy neutrino physics,https://www.fz-juelich.de/SharedDocs/Personen/IKP/IKP-2/EN/Active/Ludhova_L.html?nn=498470,l.ludhova@fz-juelich.de,https://scholar.google.com/citations?hl=en&user=qZt_50MAAAAJ,59,,,https://orcid.org/0000-0002-3875-0590,http://collaborations.fz-juelich.de/ikp/neutrino/group_mem/group_mem_livia.html,,,,,,,,,,,,
Daniela,Ježová,Daniela Ježová,ANO,1949,,SAV,SR,farmakológia,,daniela.jezova@savba.sk,https://scholar.google.com/citations?user=FP0fIkEAAAAJ,54,,,,,,,,,,,,,,,,
Martin,Maršala,Martin Maršala,ANO,,,,USA,,,mmarsala@ucsd.edu,https://scholar.google.com/citations?user=NTGtkq0AAAAJ&hl=en,56,,,,,,,,,,,,,,,,
Jozef,Adamčík,Jozef Adamčík,ANO,,SK,UNIFR,Švajčiarsko,protein aggregationamyloid fibrilsDNApolysaccharidescellulose,,jozef.adamcik@unifr.ch,https://scholar.google.co.th/citations?hl=en&user=HQl63YoAAAAJ,57,,,https://www.linkedin.com/in/adamcik-jozef-6a65878a/?originalSubdomain=ch,,,,,,,,,,,,,
Martin,Holčík,Martin Holčík,ANO,,,Carleton University,Kanada,,https://carleton.ca/healthsciences/people/martin-holcik/,martin.holcik@carleton.ca,https://scholar.google.ca/citations?user=nluwC9EAAAAJ&hl=en,55,,,https://www.linkedin.com/in/martin-holcik-69896210/?originalSubdomain=ca,,,,,,,,,,,,,
Jozef,Kečkéš,Jozef Kečkéš,ANO,,,MUL,Rakúsko,Micro- and Nanostructure Characterization and Micro- and Nanomechanics,,jozef.keckes@unileoben.ac.at,https://scholar.google.com/citations?user=vPBEaHQAAAAJ&hl=de,55,,,,,,,,,,,,,,,,
Philipp,Kukura,Philipp Kukura,ANO,1978,,,Veľká Británia,,,philipp.kukura@chem.ox.ac.uk,https://scholar.google.co.uk/citations?user=NgHGnt0AAAAJ&hl=en,57,,,,,,,,,,,,,,,,
Ľuboš,Mitáš,Ľuboš Mitáš,ANO,,,,USA,,,lmitas@unity.ncsu.edu,https://scholar.google.com/citations?user=iqeVgOAAAAAJ&hl=en,54,,,,,,,,,,,,,,,,
Peter,Hedera,Peter Hedera,ANO,,,,USA,,,peter.hedera@Vanderbilt.Edu,https://scholar.google.com/citations?user=QB0X-6sAAAAJ&hl=en,55,,,,,,,,,,,,,,,,
Jana,Košecká,Jana Košecká,ANO,,,,USA,,,kosecka@cs.gmu.edu,https://scholar.google.com/citations?user=sQ6l4sMAAAAJ&hl=en,52,,,,,,,,,,,,,,,,
Stano,Pekár,Stano Pekár,ANO,1970,SK,MUNI,ČR,Behavioural ecologyEvolutionary ecology,https://www.sci.muni.cz/zoolecol/inverteb/?teams=prof-stano-pekar-ph-d,pekar @sci.muni.cz,https://scholar.google.com/citations?user=o7qWfUAAAAAJ&hl=en&oi=ao,55,,,https://www.databazeknih.cz/zivotopis/stano-pekar-34472,,,,,,,,,,,,,
Pavol,Prokop,Pavol Prokop,ANO,1976,,,SR,,,pavol.prokop@uniba.sk,https://scholar.google.sk/citations?user=q6uGy_4AAAAJ&hl=sk,56,,,,,,,,,,,,,,,,
Peter ,Šebo,Peter  Šebo,ANO,1960,,AV ČR,ČR,Mikrobiológia,,sebo@biomed.cas.cz,https://scholar.google.com/citations?user=S2rPQ8MAAAAJ&hl=en,54,,,https://is.cuni.cz/studium/soub_mana/index.php?do=xdownload&fileid=137859&dlpar=YToxOntzOjk6InNvdWJfbWFuYSI7YTo0OntzOjk6Im9wZW5fZGlycyI7YToyOntpOjEzNzg1NjtiOjE7aTo2NjYzO2I6MTt9czo5OiJyb290ZGlyaWQiO3M6NjoiMTM3ODU2IjtzOjEzOiJzZWxlY3RlZGRpcmlkIjtzOjY6IjEzNzg1NyI7czo3OiJ6YWxvemthIjtzOjc6InNvdWJvcnkiO319,,,,,,,,,,,,,
Ivan ,Tkáč,Ivan  Tkáč,ANO,1954,,,USA,,,tkacx001@umn.edu,https://scholar.google.com/citations?user=DNCCZHYAAAAJ&hl=en,55,,,,,,,,,,,,,,,,
Mária,Hrmová,Mária Hrmová,ANO,,,,Austrália,,,maria.hrmova@adelaide.edu.au,https://scholar.google.com.au/citations?user=Hvt2QdYAAAAJ&hl=en,52,,,,,,,,,,,,,,,,
Jana,Madejová,Jana Madejová,ANO,1956,SK,SAV,SR,Íly,https://www.sav.sk/?lang=sk&doc=user-org-user&user_no=1105,jana.madejova@savba.sk,https://scholar.google.com/citations?user=x3j3iy8AAAAJ&hl=sk&oi=ao,54,,,https://www.learned.sk/wp-content/uploads/2020/03/Zivotopis_Madejova.pdf,https://www.researchgate.net/profile/Jana-Madejova,https://vedanadosah.cvtisr.sk/priroda/chemia/jana-madejova-nominovana-na-slovenku-roka-2018/,,,,,,,,,,,
Juraj,Parajka,Juraj Parajka,ANO,,,,Rakúsko,,,parajka@hydro.tuwien.ac.at,https://scholar.google.com/citations?user=EI8VHcMAAAAJ&hl=en,53,,,,,,,,,,,,,,,,
Pavol,Hell,Pavol Hell,ANO,1946,,,Kanada,,,pavol@sfu.ca,https://scholar.google.com/citations?user=8KDwlbEAAAAJ&hl=en,51,,,,,,,,,,,,,,,,
Martin,Krššák,Martin Krššák,ANO,,,,Rakúsko,,,martin.krssak@meduniwien.ac.at,https://scholar.google.com/citations?user=Ynt9VvUAAAAJ&hl=sk&oi=ao,53,,,,,,,,,,,,,,,,
Igor,Krupa,Igor Krupa,ANO,1968,,,Katar,,,igor.krupa@qu.edu.qa,https://scholar.google.com/citations?user=Pz7_cpAAAAAJ&hl=en,53,,,,,,,,,,,,,,,,
Peter,Kubatka,Peter Kubatka,ANO,1973,,UK+KU,SR,Onkológia,https://www.linkos.cz/lide/doc-rndr-peter-kubatka/,peter.kubatka@uniba.sk,https://scholar.google.com/citations?hl=sk&user=Bg2qAyoAAAAJ,49,,,https://www.linkos.cz/lide/doc-rndr-peter-kubatka/,https://www.ku.sk/en/peter.kubatka/,https://uniba.sk/fileadmin/ruk/veda/docprof/PriF_UK/KUBATKA/CV_Kubatka.pdf,,,,,,,,,,,
Peter,Švihra,Peter Švihra,ANO,,,CERN,Švajčiarsko,,https://ep-rnd.web.cern.ch/person/peter-svihra,peter.svihra@cern.ch,https://scholar.google.com/citations?user=Ud3obX9UjLcC&hl=sk&oi=ao,59,,,https://www.linkedin.com/in/peter-svihra/details/languages/,,,,,,,,,,,,,
Roman,Boča,Roman Boča,ANO,1950,,,SR,anorganická chémia,,roman.boca@ucm.sk,https://scholar.google.com/citations?user=I5zYMOsAAAAJ&hl=en,51,,,,,,,,,,,,,,,,
Rastislav,Bodík,Rastislav Bodík,ANO,1968,,,USA,,,bodik@cs.washington.edu,https://scholar.google.com/citations?user=YrihYtsAAAAJ&hl=en,52,,,,,,,,,,,,,,,,
Josef,Jampílek,Josef Jampílek,ANO,1977,Cech?,Univerzita Komenského +Analytika.sk,SR,Medicinálna chémia,https://analytika.sk/o-nas/pracovnici/josef-jampilek/,josef.jampilek@uniba.sk,https://scholar.google.sk/citations?user=co9rdhQAAAAJ&hl=sk&oi=sra,52,,,Nar. Praha,titul prof. z UK,pracuje v SR,https://www.rtvs.sk/radio/archiv/11436/1648379,,,,,,,,,,
Peter,Komadel,Peter Komadel,ANO,1955-2021,,SAV,SR,,,zomrel v 2021,https://scholar.google.com/citations?user=ubIkrj4AAAAJ,50,,,,,,,,,,,,,,,,
Igor,Lacík,Igor Lacík,ANO,1962,,,SR,,,igor.lacik@savba.sk,https://scholar.google.sk/citations?hl=sk&user=SB6Z-ScAAAAJ,49,,,,,,,,,,,,,,,,
Andrea,Madarasová Gecková,Andrea Madarasová Gecková,ANO,1972,,,SR,,,andrea.geckova@upjs.sk,https://scholar.google.sk/citations?hl=sk&user=VbZM3zYAAAAJ,52,,,,,,,,,,,,,,,,
Vladimír,Mlynárik,Vladimír Mlynárik,ANO,1951,,,Rakúsko,,,vmlyna@gmail.com,https://scholar.google.com/citations?hl=en&user=OYXbmu0AAAAJ,50,,,,,,,,,,,,,,,,
Mária,Omastová,Mária Omastová,ANO,1962,,,SR,,,upolmaom@savba.sk,https://scholar.google.sk/citations?user=8X3B8LAAAAAJ&hl=sk,54,,,,vedec roka 2016,,,,,,,,,,,,
Jozef,Rovenský,Jozef Rovenský,ANO,1943,SK,NÚRCh,SR,reumatológia,,rovensky@nurch.sk,https://scholar.google.com/citations?hl=en&user=fDCOJWcAAAAJ,50,https://www.semanticscholar.org/author/J.-Rovensk%C3%BD/4334238,30,https://www.piestanskydennik.sk/2017/01/30/z-postu-riaditela-nurch-u-odchadza-medzinarodne-uznavany-odbornik/,,,,,,,,,,,,,
Ján,Tkáč,Ján Tkáč,ANO,1972,,,SR,,,chemtkac@savba.sk,https://scholar.google.sk/citations?user=jfkqa18AAAAJ&hl=sk&oi=ao,50,,,,,,,,,,,,,,,,
Ľubor,Borsig,Ľubor Borsig,ANO,,,,Švajčiarsko,,,lborsig@access.uzh.ch,https://scholar.google.ch/citations?user=XOPkMEAAAAAJ&hl=de,52,,,,,,,,,,,,,,,,
Peter,Celec,Peter Celec,ANO,1979,,,SR,,,petercelec@gmail.com,https://scholar.google.sk/citations?hl=sk&user=iPch8vQAAAAJ,51,,,,,,,,,,,,,,,,
Michal,Hammel,Michal Hammel,ANO,,,Lawrence Berkeley National Laboratory,USA,molekulárna biofyzika,https://biosciences.lbl.gov/profiles/michal-hammel-2/,MHammel@lbl.gov,https://scholar.google.com/citations?hl=en&user=ElcuTkwAAAAJ,52,,,,,,,,,,,,,,,,
Ján,Minár,Ján Minár,ANO,1975,,,ČR,,,jminar@ntc.zcu.cz,https://scholar.google.com/citations?user=EZ8YetQAAAAJ&hl=en,49,,,,,,,,,,,,,,,,
Marek,Živčák,Marek Živčák,ANO,,,,SR,,,Marek.Zivcak@uniag.sk,https://scholar.google.sk/citations?user=fbrMtJsAAAAJ&hl=sk,55,,,,,,,,,,,,,,,,
Marek,Hatala,Marek Hatala,ANO,,,,Kanada,,,mhatala@sfu.ca,https://scholar.google.com/citations?hl=en&user=ApdHT0UAAAAJ,47,,,,,,,,,,,,,,,,
Boris,Klempa,Boris Klempa,ANO,,,SAV,SR,Virológia,,viruklem@savba.sk,https://scholar.google.com/citations?user=FSHRkJgAAAAJ&hl=en,49,,,https://www.esetscienceaward.sk/sk/archiv/finalisti/2020/boris-klempa,https://vedanadosah.cvtisr.sk/tag/boris-klempa/,,,,,,,,,,,,
Oľga,Pecháňová,Oľga Pecháňová,ANO,1962,,,SR,,,Olga.Pechanova@savba.sk,https://scholar.google.sk/citations?user=1bNNlZUAAAAJ&hl=sk,47,,,,,,,,,,,,,,,,
Martin,Pelikán,Martin Pelikán,ANO,,,,USA,,,,https://scholar.google.com/citations?user=f59x6y4AAAAJ&hl=en,45,,,,,,,,,,,,,,,,
Vladimír,Šepelák,Vladimír Šepelák,ANO,,,Karlsruhe institute of Technology,Nemecko,Nanotechnológia,,vladimir.sepelak@kit.edu,https://scholar.google.com/citations?user=gpGngJUAAAAJ&hl=en&oi=sra,47,,,https://www.learned.sk/wp-content/uploads/2020/02/Zivotopis-Vladimir-Sepelak.pdf,,,,,,,,,,,,,
Miloš,Tóth,Miloš Tóth,ANO,,???,U. of Technology Sydney,Austrália,Fyzika,https://profiles.uts.edu.au/Milos.Toth,Milos.Toth@uts.edu.au,https://scholar.google.com/citations?hl=en&user=OMBz3bIAAAAJ,51,,,,,,,,,,,,,,,https://www.semanticscholar.org/author/I.-Chod%C3%A1k/6733521,30
Dušan,Uhrín,Dušan Uhrín,ANO,,,U. of Edinburgh,UK,,,dusan.uhrin@ed.ac.uk,https://scholar.google.com/citations?user=BSx7_CEAAAAJ&hl=en,47,,,,,,,,,,,,,,,,
Branislav,Vrana,Branislav Vrana,ANO,,,MUNI,ČR,,,branislav.vrana@recetox.muni.cz,https://scholar.google.com/citations?user=50d9fJAAAAAJ&hl=sk,49,,,,,,,,,,,,,,,,
Vlasta,Brezová,Vlasta Brezová,ANO,1958,,STU,SR,,,vlasta.brezova@gmail.com,https://scholar.google.co.uk/citations?user=kKciUuQAAAAJ&hl=en&oi=ao,49,,,,,,,,,,,,,,,,
Dušan,Hesek,Dušan Hesek,ANO,,,Univ. of Notre Dame,USA,Chémia,https://www.researchgate.net/profile/Dusan-Hesek,Dhesek@nd.edu  Dhesek@gmail.com,https://scholar.google.com/citations?user=D5pfAK0AAAAJ&hl=en,48,,,https://www.sav.sk/index.php?lang=sk&charset=&doc=journal&journal_no=25&do=print,,,,,,,,,,,,,
Andrej,Kráľ,Andrej Kráľ,ANO,1969 Bratislava,,Hannover Med. Uni,Nemecko,,,kral@neuroprostheses.com,https://scholar.google.com/citations?user=y0Fdk30AAAAJ&hl=en,48,,,https://www.neuroprostheses.com/AK/Main.html,https://www.neuroprostheses.com/AK/CV.html,,,,,,,,,,,,
Peter,Kružliak,Peter Kružliak,ANO,,,MUNI,ČR,Molek. biológia,https://www.intechopen.com/profiles/80325,416995@mail.muni.cz,https://scholar.google.com/citations?user=ICo_N5sAAAAJ&hl=sk,50,,,"Absolventi UK: MUDr v 2007, nar. v Handlovej",https://www.linkedin.com/in/peter-kruzliak-b61a8a47/?originalSubdomain=cz,https://www.intechopen.com/profiles/80325,,,,,,,,,,,
Karol,Marhold,Karol Marhold,ANO,,,,ČR,,,karol.marhold@savba.sk,https://scholar.google.com/citations?user=uA0tObYAAAAJ&hl=en,49,,,,,,,,,,,,,,,,
Helena,Mitášová,Helena Mitášová,ANO,,,,USA,,,hmitaso@ncsu.edu,https://scholar.google.com/citations?user=TIVMwT4AAAAJ,47,,,,,,,,,,,,,,,,
Alexander,Rosa,Alexander Rosa,ANO,1937,,,Kanada,,,rosa@mcmaster.ca,https://scholar.google.com/citations?user=7lVA1vkAAAAJ&hl=en&oi=sra,46,,,,,,,,,,,,,,,,
Tomáš,Trnovec,Tomáš Trnovec,ANO,1932,,SZU,SR,Farmakológia,,tomas.trnovec@szu.sk,https://scholar.google.com/citations?view_op=list_works&hl=sk&hl=sk&user=iQivvkcAAAAJ,48,https://domov.sme.sk/c/3465398/prezident-udeloval-vyznamenania.html,,,,,,,,,,,,,,,
Bibiana,Bielekova,Bibiana Bielekova,ANO,1969,SK,Bethesda,USA,,https://irp.nih.gov/pi/bibiana-bielekova,Bibi.Bielekova@nih.gov,https://scholar.google.com/citations?user=vt8wV08AAAAJ&hl=en,47,https://www.semanticscholar.org/author/B.-Bielekova/6138131,36,,,,,,,,,,,,,,
Ján,Dusza,Ján Dusza,ANO,1952,SK,SAV,SR,Nanomateriály,https://www.sav.sk/?lang=sk&doc=user-org-user&user_no=1414&action=cv,jdusza@saske.sk,https://scholar.google.com/citations?user=FMHHfNAAAAAJ&hl=sk&oi=ao,44,,,,,,,,,,,,,,,,
Ivan ,Glesk,Ivan  Glesk,ANO,,SK,Strathclyde,Veľká Británia,Elektrotechnika,,,https://scholar.google.com/citations?user=2f6Yg78AAAAJ&hl=sk&oi=ao,44,,,,,,,,,,,,,,,,
Štefan,Janeček,Štefan Janeček,ANO,,,,SR,,,Stefan.Janecek@savba.sk,https://scholar.google.sk/citations?user=_l2tp6kAAAAJ&hl=en,44,,,,,,,,,,,,,,,,
Miroslav,Kolesík,Miroslav Kolesík,ANO,,,,USA,,,kolesik@acms.arizona.edu,https://scholar.google.com/citations?hl=en&user=1tCBM2kAAAAJ,44,,,,,,,,,,,,,,,,
Michal ,Mokrý,Michal  Mokrý,ANO,1982,,UMC,Holandsko,,,mmokry@umcutrecht.nl,https://scholar.google.com/citations?hl=en&user=rX7GiUAAAAAJ,44,,,,,,,,,,,,,,,,
Peter ,Molnár,Peter  Molnár,ANO,1967,,ETH,Švajčiarsko,,,peter.molnar@ifu.baug.ethz.ch,https://scholar.google.de/citations?hl=en&user=HRppEBIAAAAJ,44,,,,,,,,,,,,,,,,
Ivo,Petráš,Ivo Petráš,ANO,1973,,TUKE,SR,,,ivo.petras@tuke.sk,https://scholar.google.sk/citations?user=01msi28AAAAJ&hl=sk&oi=ao,44,,,,,,,,,,,,,,,,
Peter,Gemeiner,Peter Gemeiner,ANO,1946,,,SR,,,chempege@savba.sk,https://scholar.google.com/citations?user=SojnMuAAAAAJ&hl=da,43,,,,,,,,,,,,,,,,
Tomáš,Grim,Tomáš Grim,ANO,1973,,U.of Ostrava,ČR,,,tg.cuckoo@gmail.com,https://scholar.google.com/citations?hl=en&user=T0MNJGgAAAAJ,43,,,,,,,,,,,,,,,,
Iwar,Klimeš,Iwar Klimeš,ANO,1951,SR,SAV,SR,patofyziologia,http://www.endo.sav.sk/dld/dld-staff.php,zomrel 2022,https://scholar.google.com/citations?hl=en&user=2KzmeQUAAAAJ,43,,,,,,,,,,,,,,,,
Igor ,Kozák,Igor  Kozák,ANO,1971,,UCSD,SAE,,,,https://scholar.google.com/citations?hl=en&user=uQGtqxoAAAAJ,43,,,https://www.visionacademy.org/vision-academy-community/the-faculty/dr-igor-kozak,,,,,,,,,,,,,
Peter,Massányi,Peter Massányi,ANO,1968,,Uniag,SR,Veterina,https://sites.google.com/site/massanyip/1_curriculum-vitae,peter.massanyi@uniag.sk,https://scholar.google.com/citations?user=pXeemKMAAAAJ&hl=sk,43,,,https://orcid.org/0000-0002-4216-0948,,,,,,,,,,,,,
Štefan,Matejčík,Štefan Matejčík,ANO,,,UK,SR,,,Stefan.Matejcik@fmph.uniba.sk,https://scholar.google.sk/citations?user=Bvdw6vIAAAAJ&hl=sk&oi=ao,43,,,,,,,,,,,,,,,,
John,Nabelek,John Nabelek,ANO,1952,,,USA,,,john.nabelek@oregonstate.edu,https://scholar.google.com/citations?user=G0MJo3UAAAAJ&hl=en,43,,,,,,,,,,,,,,,,
Peter,Tiňo,Peter Tiňo,ANO,,,,Veľká Británia,,,P.Tino@cs.bham.ac.uk,https://scholar.google.sk/citations?user=jntY1osAAAAJ&hl=sk,43,,,https://www.cs.bham.ac.uk/~pxt/tino.cv.web.html,,,,,,,,,,,,,
Anna ,Zajacová,Anna  Zajacová,ANO,,,UWO,Kanada,,https://annazajacova.com/,ANNA.ZAJACOVA@UWO.CA,https://scholar.google.com/citations?user=KuJXbr4AAAAJ&hl=en,43,,,https://annazajacova.com/wp-content/uploads/2021/11/Zajacova-CV-Nov-2021.pdf,https://www.facebook.com/anna.zajacova.50,,,,,,,,,,,,
Tomáš,Kalinčík,Tomáš Kalinčík,ANO,1982,,University of Melbourne,Austrália,,,tomas.kalincik@unimelb.edu.au,https://scholar.google.com/citations?hl=en&user=uoit0TEAAAAJ,42,,,,,,,,,,,,,,,,
Tomáš,Kirchhoff,Tomáš Kirchhoff,ANO,,,NYU,USA,genetika rakoviny,https://www.kirchhofflab.org/team,Tomas.Kirchhoff@nyulangone.org,https://scholar.google.com/citations?user=RSuayLUAAAAJ&hl=en,42,,,,,,,,,,,,,,,,
Pavol,Kováč,Pavol Kováč,ANO,,,NIH,USA,organická chémia,https://www.niddk.nih.gov/about-niddk/staff-directory/biography/kovac-paul,pavol.kovac@nih.gov,https://scholar.google.com/citations?user=qLF9WqcAAAAJ&hl=sk&oi=ao,42,https://www.semanticscholar.org/author/P.-Kov%C3%A1%C4%8D/2123471,39,https://www.niddk.nih.gov/about-niddk/staff-directory/biography/kovac-paul,,,,,,,,,,,,,
Martin,Bačkor,Martin Bačkor,ANO,1970,,UPJŠ,SR,,,martin.backor@upjs.sk,https://scholar.google.co.uk/citations?user=yuz_CywAAAAJ&hl=en&oi=sra,41,,,,,,,,,,,,,,,,
Marcela,Brissova,Marcela Brissova,ANO,,,Vanderbilt U.,USA,Diabetes,https://medicine.vumc.org/person/marcela-brissova-phd,marcela.brissova@vumc.org,https://scholar.google.com.tr/citations?user=3rQF3wIAAAAJ&hl=ja,41,,,https://www.researchgate.net/profile/Marcela-Brissova,https://slovensko.rtvs.sk/rubriky/nasi-a-svetovi/210476/nasi-a-svetovi-marcela-brissova,,,,,,,,,,,,
Tomáš,Bučko,Tomáš Bučko,ANO,,,UK,SR,,,tomas.bucko@uniba.sk,https://scholar.google.de/citations?user=wsJN2SMAAAAJ&hl=en,41, ,,,,,,,,,,,,,,,
Roman,Horváth,Roman Horváth,ANO,,,,ČR,,,horvath@fsv.cuni.cz,https://scholar.google.com/citations?hl=en&user=QCr9FugAAAAJ,41,,,,,,,,,,,,,,,,
Ondrej,Lexa,Ondrej Lexa,ANO,1972,,Univerzita Karlova,ČR,,,,https://scholar.google.cz/citations?user=lo8ugg0AAAAJ&hl=en,41,,,,,,,,,,,,,,,,
Jozef,Masarik,Jozef Masarik,ANO,1959,,UK,SR,,,jozef.masarik@uniba.sk,https://scholar.google.com/citations?user=DkqU0V4AAAAJ&hl=th,41,,,,,,,,,,,,,,,,
Michal ,Mego,Michal  Mego,ANO,1977,,,SR,,,michal.mego@nou.sk,https://scholar.google.sk/citations?hl=sk&user=NvHY0EcAAAAJ,41,,,,,,,,,,,,,,,,
Jozef,Noga,Jozef Noga,ANO,1955,,UK,SR,Teoretická chémia,,jozef.noga@uniba.sk,https://scholar.google.com/citations?hl=en&user=lZvsE4EAAAAJ,41,,,,,,,,,,,,,,,,
Alexander V.,Sirotkin,Alexander V. Sirotkin,ANO,1954,,UKF,SR,,,asirotkin@ukf.sk,https://scholar.google.sk/citations?hl=sk&user=hVqCXAcAAAAJ,41,,,,,,,,,,,,,,,,
Pavel,Ciaian,Pavel Ciaian,ANO,,,,Španielsko,,https://fem.uniag.sk/en/pavel-ciaian/,pavel.ciaian@ec.europa.eu,https://scholar.google.sk/citations?user=s_AVnN0AAAAJ,40,,,"email vysoko pravdepodobný, nepotvrdený",,,,,,,,,,,,,
Tibor,Hianik,Tibor Hianik,ANO,,,UK,SR,,,Tibor.Hianik@fmph.uniba.sk,https://scholar.google.sk/citations?hl=sk&user=FNfPewQAAAAJ,40,,,,,,,,,,,,,,,,
Norbert,Kučerka,Norbert Kučerka,ANO,1976,SK,UK,Rusko SR,,http://www.norbbi.com/curriculum/curriculum.html,KUCERKA@fpharm.uniba.sk,https://scholar.google.sk/citations?user=W9ls60kAAAAJ&hl=sk&oi=sra,40,,,"Mám nejasno, kde vlastne je kmeňovým pracovníkom, je tam cv, ale neviem, či UNIBA alebo Dubna.",,,,,,,,,,,,,
Milan,Paluš,Milan Paluš,ANO,1963,,AV ČR,ČR,,,mp@cs.cas.cz,https://scholar.google.com/citations?hl=en&user=ovMJkzsAAAAJ,40,,,http://www.cs.cas.cz/mp/,,,,,,,,,,,,,
Pavol,Szomolányi,Pavol Szomolányi,ANO,1966,,MedUniWien,Rakúsko,,,,https://scholar.google.co.uk/citations?user=tFQBoAcAAAAJ&hl=en&oi=ao,40,,,,,,,,,,,,,,,,
Ladislav ,Timuľák,Ladislav  Timuľák,ANO,,,TCD,Írsko,Psychológia,https://www.icp2020.com/cv/cv-ladislav-timulak/,timulakl@tcd.ie,https://scholar.google.com/citations?hl=en&user=NoS4378AAAAJ,40,,,https://www.icp2020.com/cv/cv-ladislav-timulak/,,,,,,,,,,,,,
Daniel,Tunega,Daniel Tunega,ANO,1961,,BOKU,Rakúsko,,,daniel.tunega@boku.ac.at,https://scholar.google.sk/citations?user=6XPvlE8AAAAJ&hl=en,40,,,,,,,,,,,,,,,,
Miroslav,Urban,Miroslav Urban,ANO,1942,,UK,SR,,,miroslav.urban@uniba.sk,https://scholar.google.com/citations?hl=en&user=9Ff2ZsoAAAAJ,40,,,,,,,,,,,,,,,,
Michal,Bajdich,Michal Bajdich,ANO,,,Stanford,USA,,https://suncat.stanford.edu/people/michal-bajdich,bajdich@slac.stanford.edu,https://scholar.google.com/citations?hl=en&user=x9sZ1Q4AAAAJ,39,,,https://suncat.stanford.edu/sites/default/files/MBajdich_CV_late_2020_0.pdf,,https://suncat.stanford.edu/sites/default/files/MBajdich_CV_late_2020_0.pdf,,,,,https://www.facebook.com/michal.bajdich.37,,,,,,
Juraj,Bujdák,Juraj Bujdák,ANO,1965,,UK,SR,,,juraj.bujdak@uniba.sk,https://scholar.google.sk/citations?hl=en&user=WHTCo3IAAAAJ,39,,,,,,,,,,,,,,,,
Martin,Gmitra,Martin Gmitra,ANO,,,UPJŠ,SR,,,martin.gmitra@upjs.sk,https://scholar.google.sk/citations?user=LQxDmrQAAAAJ&hl=en,39,,,,,,,,,,,,,,,,
Miroslav,Grmela,Miroslav Grmela,ANO,1939 Trnava,,Polytechnique Montreal,CA,thermodynamicsstatistical mechanicsHamiltonian and gradient dynam,,miroslav.grmela@polymtl.ca,https://scholar.google.com/citations?user=zOaoU8MAAAAJ&hl=sk&oi=ao,39,https://www.semanticscholar.org/author/M.-Grmela/1802115,37,"Encyclopedia of Bohemian and Czech-American Biography, Zväzok 2",,,,,,,,,,,,,
Branislav,Hredzak,Branislav Hredzak,ANO,,,"University of New South Wales, Sydney",Austrália,,,b.hredzak@unsw.edu.au,https://scholar.google.com/citations?hl=en&user=LSvxvEIAAAAJ,39,,,,,,,,,,,,,,,,
Juraj,Hromkovič,Juraj Hromkovič,ANO,1958,,ETH,Švajčiarsko,,,juraj.hromkovic@inf.ethz.ch,https://scholar.google.com/citations?user=xG2VV1UAAAAJ&hl=de,39,,,https://slovensko.rtvs.sk/rubriky/nasi-a-svetovi/24924/nasi-a-svetovi-juraj-hromkovic,,,,,,,,,,,,,
Tomáš,Klieštik,Tomáš Klieštik,ANO,1972,,UniZA,SR,,,tomas.kliestik@fpedas.uniza.sk,https://scholar.google.com/citations?user=zsFNpOgAAAAJ&hl=en,39,,,https://www.uniza.sk/document/hab_in/529885c867b31.pdf,https://globalizacia.com/speaker/tomas-kliestik/,,,,,,,,,,,,
Alexander ,Kromka,Alexander  Kromka,ANO,,,AV ČR,ČR,,,kromka@fzu.cz,https://scholar.google.cz/citations?user=3S5wnV8AAAAJ&hl=cs,39,,,https://www.fzu.cz/~kromka/cv.htm,,,,,,,,,,,,,
Andrej,Liptaj,Andrej Liptaj,ANO,1980,,SAV,SR,,,andrej.liptaj@savba.sk,https://scholar.google.com/citations?user=cwsmFUUAAAAJ&hl=sk,39,,,,,,,,,,,,,,,,
Juraj ,Majtán,Juraj  Majtán,ANO,,,SAV,SR,,,juraj.majtan@savba.sk,https://scholar.google.sk/citations?hl=en&user=Wt7wd3QAAAAJ,39,,,,,,,,,,,,,,,,
Peter ,Moczo,Peter  Moczo,ANO,1956,,,SR,,,moczo@fmph.uniba.sk,https://scholar.google.sk/citations?hl=sk&user=OF5iXJQAAAAJ,39,,,,,,,,,,,,,,,,
Peter I.,Nabelek,Peter I. Nabelek,ANO,1955,,,USA,,,NabelekP@missouri.edu,https://scholar.google.com/citations?user=bIXqQ6oAAAAJ&hl=en,39,,,,,,,,,,,,,,,,
Iveta,Nagyová,Iveta Nagyová,ANO,,,UPJŠ,SR,,,iveta.nagyova@upjs.sk,https://scholar.google.com/citations?user=A2l-bV8AAAAJ&hl=en,39,,,,,,,,,,,,,,,,
Igor ,Podlubný,Igor  Podlubný,ANO,1961,,TUKE,SR,,,igor.podlubny@tuke.sk,https://scholar.google.com/citations?user=QQkfeNkAAAAJ&hl=sk&oi=ao,39,,,,,,,,,,,,,,,,
Viera,Skákalová,Viera Skákalová,ANO,,,,Rakúsko,,,viera.skakalova@univie.ac.at,https://scholar.google.com/citations?user=3PIAo10AAAAJ&hl=en,39,,,,,,,,,,,,,,,,
Ján,Šefčík,Ján Šefčík,ANO,,,University of Strathclyde,Veľká Británia,,,jan.sefcik@strath.ac.uk,https://scholar.google.com/citations?hl=en&user=5akXP_8AAAAJ,39,,,,,,,,,,,,,,,,
Michal,Valko,Michal Valko,ANO,1982??,,DeepMind,FR,deep reinforcement learningbandit theoryrepresentation learninggraphsMonte-Carlo tree search,https://misovalko.github.io/,michal.valko@inria.fr,https://scholar.google.com/citations?user=jrazNCQAAAAJ&hl=en,39,,,https://misovalko.github.io/cv/resume-michal-valko.pdf,https://www.youtube.com/watch?v=g9Zopgh9hGY,https://dennikn.sk/1958176/slovaka-povazuju-za-svetovu-spicku-v-strojovom-uceni-chceme-riesit-problemy-ktore-by-si-zasluzili-nobelovku/,,,,,,,,,,,
Michal,Zeman,Michal Zeman,ANO,,,UK,SR,,,michal.zeman@uniba.sk,https://scholar.google.com/citations?user=dWhSd2wAAAAJ&hl=en&oi=sra,39,,,,,,,,,,,,,,,,
Norbert,Žilka,Norbert Žilka,ANO,,,SAV,SR,,,norbert.zilka@savba.sk,https://scholar.google.com/citations?user=p40NFYwAAAAJ&hl=en&oi=ao,39,,,,,,,,,,,,,,,,
Michal ,Fečkan,Michal  Fečkan,ANO,,,SAV,SR,,,feckan@mat.savba.sk,https://scholar.google.sk/citations?user=HicwXWIAAAAJ&hl=sk&oi=sra,38,,,,,,,,,,,,,,,,
Sergej,Hloch,Sergej Hloch,ANO,,,TUKE,SR,,,sergej.hloch@tuke.sk,https://scholar.google.sk/citations?user=uZbRKFUAAAAJ&hl=sk,38,,,,,,,,,,,,,,,,
Ján ,Kormanec,Ján Kormanec,ANO,1959,,SAV,SR,gene expressionantibioticsStreptomyces,,jan.kormanec@savba.sk,https://scholar.google.com/citations?user=kTzZpxgAAAAJ&hl=sk&oi=ao,38,https://www.semanticscholar.org/author/J.-Kormanec/6512354,33,https://www.linkedin.com/in/jan-kormanec-73499347/?originalSubdomain=sk,https://www.kysuce.sk/osobnosti/osobnosti-regionu/63/jan-kormanec.html,,,,,,,,,,,,
Stanislav,Miertuš,Stanislav Miertuš,ANO,1948,,,SR,,,stanislav.miertus@ucm.sk,https://scholar.google.sk/citations?user=MhwlHXIAAAAJ,38,,,,,,,,,,,,,,,,
Katarína,Šebeková,Katarína Šebeková,ANO,1955,,UK,SR,,,katarina.sebekova@uniba.sk,https://scholar.google.sk/citations?user=jsJC9WgAAAAJ&hl=sk&oi=ao,38,,,,,,,,,,,,,,,,
Marián,Valko,Marián Valko,ANO,,,STU,SR,,,marian.valko@stuba.sk,https://scholar.google.sk/citations?user=Csnoq7QAAAAJ&hl=en,38,,,,,,,,,,,,,,,,
Lenka,Beňová,Lenka Beňová,ANO,,,ITM Antwerp,Belgicko,Reprodukčné zdravie,https://research.itg.be/en/persons/lenka-benova,lbenova@itg.be,https://scholar.google.com/citations?user=BZTPCTIAAAAJ&hl=en,37,,,https://www.linkedin.com/in/lenka-benova-phd-915bb711/,https://researchportal.be/en/researcher/lenka-benova,,,,,,,,,,,,
Iveta,Bernátová,Iveta Bernátová,ANO,,,SAV,SR,,,Iveta.Bernatova@savba.sk,https://scholar.google.sk/citations?user=S9nvaAkAAAAJ&hl=sk,37,,,,,,,,,,,,,,,,
Martin,Danišík,Martin Danišík,ANO,,,Curtin Uni,Austrália,Geológia,https://staffportal.curtin.edu.au/staff/profile/view/martin-danisik-b20e9bfb/,M.Danisik@curtin.edu.au,https://scholar.google.com/citations?hl=en&user=bLoHCS8AAAAJ,37,,,http://science.dennikn.sk/clanky-a-rozhovory/neziva-priroda/vesmir-a-zem/6569-slovensky-geolog-skuma-dosledky-erupcie-super-vulkanu,https://tech.sme.sk/c/20489874/geolog-napiseme-do-nasa-aby-nam-zaslali-vzorky-z-meteoritov-alebo-z-mesiaca.html,,,,,,,,,,,,
Radovan,Dermíšek,Radovan Dermíšek,ANO,,,,USA,,,dermisek@indiana.edu,https://scholar.google.com/citations?hl=en&user=Ell1TQQAAAAJ,37,,,,,,,,,,,,,,,,
Miloš,Hauskrecht,Miloš Hauskrecht,ANO,,,University of Pittsburgh,USA,,,milos@cs.pitt.edu,https://scholar.google.com/citations?user=ylK19VUAAAAJ&hl=en,37,,,,,,,,,,,,,,,,
Radovan ,Herchel,Radovan  Herchel,ANO,,,Palackého univerzita,ČR,,,radovan.herchel@upol.cz,https://scholar.google.cz/citations?user=t_V_OnwAAAAJ&hl=cs,37,,,https://www.upjs.sk/public/media/7928/herchel-hk-pf.pdf,https://www.prf.upol.cz/afc/katedra/#c45523,,,,,,,,,,,,
Juraj,Kabát,Juraj Kabát,ANO,,,NIH,USA,ImmunologyMicroscopy,,JKabat@niaid.nih.gov,https://scholar.google.com/citations?user=tiDMmMYAAAAJ&hl=sk&oi=ao,37,,,https://www.linkedin.com/in/kabat-juraj-1a784b5/,Juraj Kabát absolvoval v roku 1988 všeobecnú biológiu na UK (RNDR) - ?,,,,,,,,,,,,
Natalia,Kučírková,Natalia Kučírková,ANO,,,U. of. Stavanger,Nórsko,Psychológia,https://www.nataliakucirkova.com/copy-of-home,natalia.kucirkova@open.ac.uk,https://scholar.google.com/citations?user=wOkUZGAAAAAJ&hl=en,37,,,https://slovensko.rtvs.sk/rubriky/nasi-a-svetovi/115186/nasi-a-svetovi-natalia-kucirkova,https://www.open.ac.uk/research/people/nk3499,https://tech.sme.sk/c/22808640/vedkyna-kucirkova-knizky-na-mieru-pre-deti-su-popularne-no-casto-zle-spravene.html,,,,,,,,,,,
Branislav,Kvetoň,Branislav Kvetoň,ANO,,,,USA,,,bkveton@amazon.com,https://scholar.google.com/citations?user=CZaDvPgAAAAJ&hl=en&oi=ao,37,,,,,,,,,,,,,,,,
Ján,Mojžiš,Ján Mojžiš,ANO,,,UPJŠ,SR,,,jan.mojzis@upjs.sk,https://scholar.google.sk/citations?user=TjtaxQ8AAAAJ&hl=en,37,,,,,,,,,,,,,,,,
Ľubica,Rauová,Ľubica Rauová,ANO,,,,USA,,,lubica@email.chop.edu,https://scholar.google.com/citations?user=u4WoWNcAAAAJ&hl=en,37,,,,,,,,,,,,,,,,
Ján,Rusz,Ján Rusz,ANO,,SR,Upsala U.,Švédsko,Density Functional TheoryMagnetismSpectroscopyElectron Microscopy,https://www.katalog.uu.se/profile/?id=N7-244,jan.rusz@physics.uu.se,https://scholar.google.com/citations?user=g-oaxV0AAAAJ&hl=en,37,,,,https://www.uppsalablasarsymfoniker.se/jan-rusz/,,,,,,,,,,,,
Milan,Sýkora,Milan Sýkora,ANO,,,UK,SR,,,sykoram@uniba.sk,https://scholar.google.com/citations?user=fxBzWQcAAAAJ&hl=en,37,,,,,,,,,,,,,,,,
Martin,Takáč,Martin Takáč,ANO,,,MBZUAI,SAE,,,takac@ii.fmph.uniba.sk,https://scholar.google.com/citations?user=qKQD-2cAAAAJ&hl=en,37,,,https://mtakac.com/,https://mtakac.com/CV,,,,,,,,,,,,
Igor ,Tvaroška,Igor  Tvaroška,ANO,,,SAV,SR,,,chemitsa@savba.sk,https://scholar.google.sk/citations?hl=sk&user=v71jEjAAAAAJ,37,,,,,,,,,,,,,,,,
Jozef,Ukropec,Jozef Ukropec,ANO,,,SAV,SR,,,jozef.ukropec@savba.sk,https://scholar.google.com/citations?user=geK1ms0AAAAJ&hl=en,37,,,,,,,,,,,,,,,,
Stanislav,Antalic,Stanislav Antalic,ANO,,,UK,SR,,,Stanislav.Antalic@fmph.uniba.sk,https://scholar.google.com/citations?user=h08MR_wAAAAJ&hl=en,36,,,,,,,,,,,,,,,,
Miroslav,Dudík,Miroslav Dudík,ANO,,,Microsoft,USA,,,mdudik@microsoft.com,https://scholar.google.com/citations?user=wYMTld8AAAAJ&hl=en&oi=sra,36,,,,,,,,,,,,,,,,
Henrietta,Dulai,Henrietta Dulai,ANO,,,HAWAII Univ,USA,,,hdulaiov@hawaii.edu,https://scholar.google.com/citations?hl=en&user=WRNOtkMAAAAJ,36,,,https://slovensko.rtvs.sk/rubriky/nasi-a-svetovi/147729/nasi-a-svetovi-henrietta-dulaiova-oceanografka,,,,,,,,,,,,,
Vladimír,Farkaš,Vladimír Farkaš,ANO,1941,,SAV,SR,Glykobiológia,http://www.chem.sk/people/farkasvladimir/,chemvfar@savba.sk,https://scholar.google.com/citations?user=lakc8cQAAAAJ&hl=sk,36,https://www.semanticscholar.org/author/V.-Farka%C5%A1/2074427,31,http://www.chem.sk/people/farkasvladimir/,https://www.learned.sk/wp-content/uploads/2020/03/%C5%BEivotopis-UcSS.pdf,,,,,,,,,,,,
Ivan,Chodák,Ivan Chodák,ANO,1943,SK,SAV,SR,Modifikácia polymérov,,ivan.chodak@savba.sk,https://scholar.google.com/citations?user=OGYiJWwAAAAJ&hl=sk&oi=ao,36,,,,,,,,,,,,,,,,
Miroslava,Kačániová,Miroslava Kačániová,ANO,,,SPU,SR,Microbiologyfood microbiologybacteriologybiotechnology,,miroslava.kacaniova@uniag.sk,v zmysle pravidiel TEDx,36,,,https://is.uniag.sk/lide/clovek.pl?id=1573;lang=en,https://www.agrobiotech.sk/prof-ing-miroslava-kacaniova-phd-bola-sucastou-kratkeho-dokumentarneho-filmu-slovenski-vedci/,,,,,,,,,,,,
Peter,Kasák,Peter Kasák,ANO,,,,Katar,,,peter.kasak@qu.edu.qa,https://scholar.google.sk/citations?user=9uNi5IMAAAAJ&hl=en,36,,,,,,,,,,,,,,,,
Peter ,Kopčanský,Peter  Kopčanský,ANO,,,SAV,SR,,,kopcan@saske.sk,https://scholar.google.co.il/citations?user=ZCMAk9sAAAAJ&hl=en,36,,,https://www.sav.sk/?lang=sk&doc=user-org-user&user_no=4000,https://wwwnew.saske.sk/uef/o-nas/,,,,,,,,,,,,
Branislav,Kusý,Branislav Kusý,ANO,,,CSIRO,Austrália,wireless sensor networksdistributed algorithms,https://sites.google.com/site/branislavkusy/,,https://scholar.google.com.au/citations?user=G9w7WT4AAAAJ&hl=en,36,,,,,,,,,,,,,,,,
Ján,Lehotský,Ján Lehotský,ANO,,,UK,SR,,,lehotsky@jfmed.uniba.sk,https://scholar.google.sk/citations?user=rXl9hY0AAAAJ&hl=sk&oi=sra,36,,,,,,,,,,,,,,,,
Katarína,Mikušová,Katarína Mikušová,ANO,1965,SK,UK,SR,biochemistry,,katarina.mikusova@uniba.sk,https://scholar.google.com/citations?user=VkLUxAoAAAAJ&hl=sk&oi=ao,36,,,https://www.learned.sk/wp-content/uploads/2021/12/cv_mikusova.pdf,https://www.esetscienceaward.sk/sk/finalisti/katarina-mikusova,,,,,,,,,,,,
Ľubomír,Švorc,Ľubomír Švorc,ANO,,,STU,SR,Chémia,https://www.fpv.umb.sk/lsvorc/,lubomir.svorc@stuba.sk,https://scholar.google.com/citations?hl=en&user=AudOPSIAAAAJ,36,,,https://vedanadosah.cvtisr.sk/priroda/chemia/lubomir-svorc-patri-medzi-svetovu-spicku-mladych-chemikov/,,,,,,,,,,,,,
Tomáš,Drgoň,Tomáš Drgoň,ANO,,,FDA,USA,policy modelsscience policycomplex systemsgeneticsmolecular biology,,,https://scholar.google.com/citations?hl=en&user=B7vMXfEAAAAJ,35,,,https://loop.frontiersin.org/people/627079/bio,https://www.linkedin.com/in/tomasdrgon/details/languages/,,,,,,,,,,,,
Jarko ,Fidrmuc,Jarko  Fidrmuc,ANO,,,Zeppelin Uni,Nemecko,,,jarko.fidrmuc@zeppelin-university.de,https://scholar.google.com/citations?user=wOi5anQAAAAJ,35,,,,,,,,,,,,,,,,
Beata,Gavurová,Beata Gavurová,ANO,1972,,TUKE,SR,Manažment,https://buraniemytov.sk/author/beata-gavurova/,beata.gavurova@tuke.sk,https://scholar.google.sk/citations?hl=sk&user=J72JyYYAAAAJ,35,,,https://www.ef.umb.sk/print.asp?uid=747&aid=0&zid=0&pid=0&tid=0&sid=0&zahr=0&vkid=0&hkid=25&projektid=0,https://www.researchgate.net/profile/Beata-Gavurova,https://www.ef.umb.sk/print.asp?uid=747&aid=0&zid=0&pid=0&tid=0&sid=0&zahr=0&vkid=0&hkid=25&projektid=0,https://buraniemytov.sk/author/beata-gavurova/,,,,,,,,,,
Dušan,Gömöry,Dušan Gömöry,ANO,,,TUZvo,SR,,,dusan.gomory@tuzvo.sk,https://scholar.google.com/citations?hl=en&user=RllC3asAAAAJ,35,,,,,,,,,,,,,,,,
Vladimír,Kellö,Vladimír Kellö,ANO,,,UK,SR,,,vladimir.kello@uniba.sk,https://scholar.google.com/citations?hl=en&user=f8595C4AAAAJ,35,,,,,,,,,,,,,,,,
Jozef,Kristek,Jozef Kristek,ANO,,,SAV,SR,,,jozef.kristek@savba.sk,https://scholar.google.sk/citations?user=CgbiV4EAAAAJ&hl=sk&oi=ao,35,,,,,,,,,,,,,,,,
Martin,Lukáč,Martin Lukáč,ANO,,,U. of Reading,Veľká Británia,Environment,https://www.reading.ac.uk/apd/staff/m-lukac.aspx,m.lukac@reading.ac.uk,https://scholar.google.com/citations?user=K0dUsrwAAAAJ&hl=en,35,,,,,,,,,,,,,,,,
Ľudovít ,Paulis,Ľudovít  Paulis,ANO,,,Ministerstvo školstva SR,SR,,https://www.minedu.sk/vedenie-ministerstva-skolstva-vedy-vyskumu-a-sportu-sr/,ludovit.paulis@minedu.sk,https://scholar.google.sk/citations?user=eBoisLQAAAAJ&hl=sk&oi=ao,35,,,"Momentálne je štátnym tajomníkom na Ministerstve školstva, CV na webe ministerstva",,,,,,,,,,,,,
Pavol,Šajgalík,Pavol Šajgalík,ANO,,,SAV,SR,,,sajgalik@up.upsav.sk,https://scholar.google.sk/citations?user=AULzHfIAAAAJ&hl=sk&oi=ao,35,,,,,,,,,,,,,,,,
Miroslav,Šoóš,Miroslav Šoóš,ANO,,,VŠChT,ČR,Chémia,,Miroslav.Soos@vscht.cz,https://scholar.google.com/citations?user=5sAJJkgAAAAJ&hl=en,35,,,, ,,,,,,,,,,,,
Adam ,Tomašových,Adam  Tomašových,ANO,1978,,SAV,SR,Paleobiológia,http://www.geol.sav.sk/tomasovych/,adam.tomasovych@stuba.sk,https://scholar.google.sk/citations?hl=en&user=7Zkz-9MAAAAJ,35,,,http://www.geol.sav.sk/tomasovych/,https://slovensko.rtvs.sk/rubriky/nasi-a-svetovi/182332/nasi-a-svetovi-adam-tomasovych,,,,,,,,,,,,
Oskar,Vafek,Oskar Vafek,ANO,,,,USA,,,vafek@magnet.fsu.edu,https://scholar.google.com/citations?user=-toxVLsAAAAJ&hl=en,35,,,,,,,,,,,,,,,,
Imrich,Barák,Imrich Barák,ANO,,,SAV,SR,,,imrich.barak@savba.sk,https://scholar.google.com/citations?user=BvXxXusAAAAJ&hl=sk,34,,,,,,,,,,,,,,,,
Zdeňka,Ďuračková,Zdeňka Ďuračková,ANO,,,UK,SR,,,zdenka.durackova@fmed.uniba.sk,https://scholar.google.com/citations?hl=en&user=Dwytj-UAAAAJ,34,,,https://www.researchgate.net/profile/Zdenka-Durackova,,,,,,,,,,,,,
Juraj,Harmatha,Juraj Harmatha,ANO,,,AV ČR,ČR,,,harmatha@uochb.cas.cz,https://scholar.google.com/citations?hl=en&user=AZDDb3gAAAAJ,34,,,https://www.linkedin.com/in/juraj-harmatha-51253865/?originalSubdomain=cz,,,,,,,,,,,,,
Oľga,Križanová,Oľga Križanová,ANO,1960,,SAV,SR,oncologyphysiologycalcium transport,,olga.krizanova@savba.sk,https://scholar.google.com/citations?hl=sk&user=ZUBSQgEAAAAJ,34,,,,,,,,,,,,,,,,
Natalia,Kryvinska,Natalia Kryvinska,ANO,1967 Ukrajina,??,UK,SR,Management Information SystemsEngineering MathematicsComputational IntelligenceAnalytics-as-a-Service,,natalia.kryvinska@uniba.sk,https://scholar.google.com/citations?user=HJtnSAkAAAAJ&hl=en,34,,,https://uniba.sk/fileadmin/ruk/veda/docprof/FM_UK/2018_Kryvinska/Kryvinska-CV-FM-2018.pdf,https://sk.linkedin.com/in/natalia-kryvinska-dr-university-professor-4b9b2840,https://uniba.sk/fileadmin/ruk/veda/docprof/FM_UK/2015_Kryvinska/AppendixB--Kryvinska-CV-FM-2014.pdf,,,,,,,,,,,
Peter,Lazor,Peter Lazor,ANO,,,Uppsala University,Švédsko,,,Peter.Lazor@geo.uu.se,https://scholar.google.se/citations?user=v61ZVcoAAAAJ&hl=sv,34,,,,,,,,,,,,,,,,
Zdenko,Machala,Zdenko Machala,ANO,,,UK,SR,,,machalafmph.uniba.sk,https://scholar.google.com/citations?user=3xq6b60AAAAJ&hl=sk&oi=ao,34,,,,,,,,,,,,,,,,
Roman,Martoňák,Roman Martoňák,ANO,,,UK,SR,,,martonak@fmph.uniba.sk,https://scholar.google.com/citations?user=FNaaPIwAAAAJ&hl=en,34,,,,,,,,,,,,,,,,
Alena ,Mazuráková,Alena  Mazuráková,ANO,,,UK,SR,cancerbreast cancerphytochemicals,,alena.mazurakovavuniba.sk,https://scholar.google.com/citations?user=PUM5HXYAAAAJ&hl=sk&oi=sra,34,,,,,,,,,,,,,,,,
Karol,Ondriaš,Karol Ondriaš,ANO,1952,,SAV,SR,,,karol@ondrias.sk,https://scholar.google.com/citations?user=Gb4-gwgAAAAJ&hl=en,34,,,,,,,,,,,,,,,,
Miroslav,Ovečka,Miroslav Ovečka,ANO,,,UPOL,ČR,Rastlinná biológia,http://www.kbt.upol.cz/,miroslav.ovecka@upol.cz,https://scholar.google.com/citations?hl=en&user=bM-HEmgAAAAJ,34,,,https://www.slovenskivedci.sk/files/cv_Miroslav_Ovecka.pdf,,,,,,,,,,,,,
Ľuboš,Pástor,Ľuboš Pástor,NIE,1974,,U. of Chicago,USA,Finančná ekonómia,,lubos.pastor@chicagobooth.edu,https://scholar.google.com/citations?hl=en&user=Ttsxv0IAAAAJ,34,,,https://slovensko.rtvs.sk/rubriky/nasi-a-svetovi/104236/nasi-a-svetovi-lubos-pastor,https://en.wikipedia.org/wiki/Lubos_Pastor,,,,,,,,,,,,
Ladislav,Paule,Ladislav Paule,ANO,,,TUZvo,SR,,,paule@vsld.tuzvo.sk,https://scholar.google.com.br/citations?user=ojrd884AAAAJ&hl=pt-BR,34,,,,,,,,,,,,,,,,
Tanya,Ravingerová,Tanya Ravingerová,ANO,,,SAV,SR,,,tatiana.ravingerova@savba.sk,https://scholar.google.com/citations?user=_fONjMIAAAAJ&hl=en,34,,,,,,,,,,,,,,,,
Milan,Timko,Milan Timko,ANO,,,SAV,SR,,,timko@saske.sk,https://scholar.google.sk/citations?user=ckojWlAAAAAJ,34,,,,,,,,,,,,,,,,
Ivan,Viola,Ivan Viola,ANO,,,KAUST,Saudská Arábia,Vizualizácia,,ivan.viola@kaust.edu.sa,https://scholar.google.com/citations?user=ELMPg_gAAAAJ&hl=en,34,,,,,,,,,,,,,,,,
Marek,Fila,Marek Fila,ANO,,,UK,SR,,,fila@fmph.uniba.sk,https://scholar.google.sk/citations?user=GweRIrQAAAAJ&hl=en,33,,,,,,,,,,,,,,,,
Zuzana,Gdovinová,Zuzana Gdovinová,ANO,1959,,UPJŠ,SR,Neurológia,https://www.upjs.sk/LF/zamestnanec/zuzana.gdovinova/,zuzana.gdovinova@upjs.sk,https://scholar.google.sk/citations?hl=en&user=bHMoRzIAAAAJ,33,,,https://www.upjs.sk/LF/zamestnanec/zuzana.gdovinova/,https://www.neurologiepropraxi.cz/pdfs/neu/2019/01/17.pdf,,,,,,,,,,,,
Marek,Chmelík,Marek Chmelík,ANO,1980,,UNIPO,SR,MRIMRSmedical physics,http://www.foliageographica.sk/fakulta-zdravotnictva/katedry/KMO/obsadenie-katedry/chm/,marek.chmelik@unipo.sk,https://scholar.google.at/citations?user=uTmDnEsAAAAJ&hl=en,33,,,https://www.unipo.sk/public/media/23980/Zivotopis_europass_sk_Chmelik.pdf,https://hfmr.meduniwien.ac.at/allgemeine-informationen/mitarbeiterinnen/chmelik/,https://loop.frontiersin.org/people/770457/overview,,,,,,,,,,,
Karol,Mikula,Karol Mikula,ANO,,,STU,SR,,,karol.mikula@stuba.sk,https://scholar.google.sk/citations?user=nM3oZ78AAAAJ&hl=en&oi=ao,33,,,,,,,,,,,,,,,,
Juraj,Nemec,Juraj Nemec,ANO,1960,SK,Masaryk U.,ČR,Verejné financie,https://www.ef.umb.sk/index.asp?zid=413&uid=618,juraj.nemec@umb.sk,https://scholar.google.co.th/citations?hl=en&user=7oMUpuwAAAAJ,33,,,https://www.linkedin.com/in/juraj-nemec-4878445/details/skills/,https://www.muni.cz/en/people/29310-juraj-nemec/cv,,,,,,,,,,,,
Peter,Rafaj,Peter Rafaj,ANO,,,IIASA,Rakúsko,,https://iiasa.ac.at/staff/staff.php?type=auto&visibility=visible&search=true&login=rafaj,rafaj@iiasa.ac.at,https://scholar.google.com/citations?user=ooffTIwAAAAJ&hl=en,33,,,https://sluzby.fmph.uniba.sk/ludia/roch1,https://at.linkedin.com/in/peter-rafaj-43948799,https://biography.omicsonline.org/austria/international-institute-for-applied-systems-analysis/peter-rafaj-77808,,,,,,,,,,,
Ivan,Šimko,Ivan Šimko,ANO,,,USDA,USA,,https://www.ars.usda.gov/people-locations/person?person-id=39590,"ivan.simko@usda.gov, ivan.simko@ars.usda.gov",https://scholar.google.com/citations?user=Ghikz7sAAAAJ&hl=sk&oi=ao,33,,,,,,,,,,,,,,,,
Zdenko,Špitálsky,Zdenko Špitálsky,ANO,,,SAV,SR,polymernanocomposite,https://www.sav.sk/?lang=sk&doc=user-org-user&user_no=2396,upolspiz@savba.sk,https://scholar.google.sk/citations?user=4ZghBr8AAAAJ&hl=sk,33,,,https://www.youtube.com/watch?v=Bl5cSD8RUA8,https://www.sav.sk/uploads/users_cv/20210827143439_887_CurVit-Spitalsky2021.pdf,,,,,,,,,,,,
Marcel,Šúri,Marcel Šúri,ANO,,SR,Solargis,SR,"Solar enery, GIS",https://solargis.com/,marcel.suri@solargis.com,https://scholar.google.sk/citations?user=T8D7EJ8AAAAJ&hl=en ,33,,,https://www.linkedin.com/in/marcel-suri-15608621/?originalSubdomain=sk,,,,,,,,,,,,,
Katarína,Valášková,Katarína Valášková,ANO,1985,,UNIZA,SR,corporate economics risk management financial management earnings management bankruptcy prediction,https://ke.uniza.sk/sk/component/contact/contact/30-doc-ing-katarina-valaskova-phd?catid=33&Itemid=210,katarina.valaskova@fpedas.uniza.sk,https://scholar.google.com/citations?user=14jeV0EAAAAJ&hl=sk,33,,,https://ke.uniza.sk/en/component/contact/contact/66-doc-ing-katarina-valaskova-phd?catid=40&Itemid=512,https://www.unipo.sk/fakulta-manazmentu-ekonomiky-a-obchodu/habilitacne-konania-a-inauguracne-konania/zoznam-habilitantov/katarina-valaskova/,,,,,,,,,,,,
Mária,Bieliková,Mária Bieliková,ANO,,,Kinit,SR,artificial intelligencemachine learningrecommendationuser modellinghuman-computer interaction,,maria.bielikova@kinit.sk,https://scholar.google.com/citations?hl=en&user=wGB6dnEAAAAJ,32,,,,,,,,,,,,,,,,
Milan,Čertík,Milan Čertík,ANO,1962,SK,STU,SR,biotechnológia,https://is.stuba.sk/lide/clovek.pl?id=3922;lang=sk,milan.certik@stuba.sk,https://scholar.google.com/citations?user=UKDrvpQAAAAJ&hl=sk&oi=ao,32,,,,,,,,,,,,,,,,
Peter,Dolog,Peter Dolog,ANO,,,,Dánsko,,,dolog@cs.aau.dk,https://scholar.google.com/citations?user=gCafUI0AAAAJ&hl=en,32,,,,,,,,,,,,,,,,
Anatolij,Dvurečenskij,Anatolij Dvurečenskij,ANO,,,SAV,SR,,,dvurecen@mat.savba.sk,https://scholar.google.com/citations?hl=en&user=5180vHmRoYcC,32,,,,,,,,,,,,,,,,
Miroslav,Grajcar,Miroslav Grajcar,ANO,,,UK,SR,,,grajcar@fmph.uniba.sk,https://scholar.google.co.in/citations?user=KPgJyEAAAAAJ&hl=en,32,,,,,,,,,,,,,,,,
Viktor,Hraška,Viktor Hraška,ANO,,,MCW,USA,Kardiológia,https://www.mcw.edu/departments/surgery/divisions/congenital-heart-surgery/people/viktor-hraska-md-phd,,https://scholar.google.com/citations?user=tvt1qiQAAAAJ&hl=sk&oi=ao,32,,,,,,,,,,,,,,,,
Milan,Hronec,Milan Hronec,ANO,,,STU,SR,, ,milan.hronec@stuba.sk,https://scholar.google.sk/citations?user=2ZVSiB8AAAAJ&hl=sk&oi=ao,32,,,https://is.stuba.sk/lide/clovek.pl?id=3250;lang=sk,https://www.stuba.sk/sk/diani-na-stu/prehlad-aktualit/najlepsia-publikacia-stu-2014.html?page_id=8635,,,,,,,,,,,,
Richard,Imrich,Richard Imrich,ANO,1974,,SAV,SR,,,richard.imrich@savba.sk,https://scholar.google.sk/citations?user=UTQ13_oAAAAJ&hl=en,32,,,https://uniba.sk/fileadmin/ruk/veda/docprof/LF_UK/Imrich/H26__MUDr._Imrich_-_zivotopis.pdf,https://www.newmodelradio.sk/120-minut-s-hudbou-nasho-hosta-richard-imrich-nylon-union/,https://uniba.sk/fileadmin/ruk/veda/docprof/LF_UK/Imrich/H26__MUDr._Imrich_-_zivotopis.pdf,,,,,,,,,,,
František,Kačík,František Kačík,ANO,1958,,TUZVO,SR,wood chemistryanalytical chemistry,,kacik@tuzvo.sk,https://scholar.google.com/citations?hl=sk&user=Z5oQuUQAAAAJ,32,,,https://beliana.sav.sk/heslo/kacik-frantisek,,,,,,,,,,,,,
Martin,Kahanec,Martin Kahanec,ANO,1977,SK,Central European University,,Labor EconomicsLabor and Social PolicyMigrationMigration and Integration PolicyPublic Policy,https://www.celsi.sk/en/people/detail/64/martin-kahanec/,info@celsi.sk,https://scholar.google.com/citations?user=2lo3e7sAAAAJ&hl=en,32,,,,,,,,,,,,,,,,
Ctirad,Klimčík,Ctirad Klimčík,ANO,,,Univ Aix-Marseille,Francúzsko,,,ctirad.klimcim@univ-amu.fr,https://scholar.google.com/citations?hl=sk&user=gKofB3UAAAAJ,32,,,,,,,,,,,,,,,,
Marian,Krajčí,Marian Krajčí,ANO,,,SAV,SR,,,marian.krajci@savba.sk,https://scholar.google.sk/citations?hl=en&user=WawpXZIAAAAJ,32,,,,,,,,,,,,,,,,
Pavel ,Obložinský,Pavel  Obložinský,ANO,,,Brookhaven National Lab (retired),USA (na dôchodku v SR),,,p.oblozinsky@gmail.com,https://scholar.google.com/citations?user=lrz3brYAAAAJ&hl=en,32,,,"BA, Na Riviere 47/30",,,,,,,,,,,,,
Martin,Pál,Martin Pál,ANO,,,Google,Švajčiarsko,,,,https://scholar.google.com/citations?hl=en&user=NDhlLv0AAAAJ,32,,,,,,,,,,,,,,,,
Milan,Polakovič,Milan Polakovič,ANO,,,STU,SR,,https://is.stuba.sk/lide/clovek.pl?id=3882;lang=sk,milan.polakovic@stuba.sk,https://scholar.google.com/citations?hl=en&user=W8akvAsAAAAJ,32,,,https://sk.linkedin.com/in/milan-polakovi%C4%8D-278578b2,,,,,,,,,,,,,
Pavol,Quittner,Pavol Quittner,ANO,1958,,UK,SR,Matematika,,,https://scholar.google.com/citations?user=QhrxwOcAAAAJ&hl=en,32,,,,,,,,,,,,,,,,
Milan,Remko,Milan Remko,ANO,1948,SK,UK,SR,computational chemistrymedicinal chemictryphysical chemistry,,remko@fpharm.uniba.sk,https://scholar.google.com/citations?user=CMLcLlEAAAAJ&hl=sk,32,,,https://sk.wikipedia.org/wiki/Milan_Remko,,,,,,,,,,,,,
Štefan,Schlosser,Štefan Schlosser,ANO,,,STU,SR,Chémia,,stefan.schlosser@stuba.sk,https://scholar.google.com/citations?hl=en&user=7u_ZXmsAAAAJ,32,,,https://sk.linkedin.com/in/stefan-schlosser-7220424a,,,,,,,,,,,,,
Marek,Sýkora,Marek Sýkora,ANO,1977,,UK+MED,SR+Rakúsko,Neurológia,https://www.sfu.ac.at/en/person/sykora-marek/,marek.sykora@med.sfu.ac.at,https://scholar.google.sk/citations?user=sYVE8VIAAAAJ&hl=sk,32,,,https://uniba.sk/fileadmin/ruk/veda/docprof/LF_UK/Sykora/32_Priv_Doz_Sykora_zivotopis.pdf,https://uniba.sk/fileadmin/ruk/veda/docprof/LF_UK/Sykora/32_Priv_Doz_Sykora_zivotopis.pdf,,,,,,,,,,,,
Juraj,Švitel,Juraj Švitel,ANO,,,ngmbio.com,USA,Liečivá,https://www.linkedin.com/in/juraj-george-svitel-1211203/,j.george@ngmbio.com,https://scholar.google.com/citations?user=X5-SX04AAAAJ&hl=en,32,,,https://www.researchgate.net/profile/George-Svitel,https://www.linkedin.com/in/juraj-george-svitel-1211203/,,,,,,,,,,,,
Štefan,Porubský,Štefan Porubský,ANO,,,Unimedizin Meinz,Nemecko,Nefropatológia,https://www.unimedizin-mainz.de/pathologie/das-institut/mitarbeiter/aerzte/porubsky.html,stefan.porubsky@unimedizin-mainz.de,https://scholar.google.de/citations?user=t1W0brkAAAAJ&hl=de,32,,,https://www.klinikum.uni-heidelberg.de/sfbs/sfb-938/kontakte/hermann-josef-groene-stefan-porubsky,,,,,,,,,,,,,
Martin,Bača,Martin Bača,ANO,,,,SR,,,martin.baca@tuke.sk,https://scholar.google.com/citations?user=wiwZl54AAAAJ&hl=en,31,,,,,,,,,,,,,,,,
Ferdinand ,Devínsky,Ferdinand  Devínsky,ANO,1947,,UK,SR,Organická chémia,https://sk.wikipedia.org/wiki/Ferdinand_Dev%C3%ADnsky,devinsky@fpharm.uniba.sk,https://scholar.google.com/citations?user=hBjL4YYAAAAJ&hl=sk,31,,,https://sk.wikipedia.org/wiki/Ferdinand_Dev%C3%ADnsky,https://www.osobnosti.sk/osobnost/ferdinand-devinsky-267,,,,,,,,,,,,
Gabriel,Fedorko,Gabriel Fedorko,ANO,,,TUKE,SR,Computer simulationsTransportLogisticsFEACAD,http://www.gabrielfedorko.com/,gabriel.fedorko@tuke.sk,https://scholar.google.sk/citations?user=n0aQzRcAAAAJ&hl=sk,31,,,,,,,,,,,,,,,,
Mária,Kazimírová,Mária Kazimírová,ANO,1957,,SAV,SR,ticksbioactive compoundstick-host-pathogen interactions,https://www.sav.sk/?lang=sk&doc=user-org-user&user_no=1943,Maria.Kazimirova@savba.sk,https://scholar.google.com/citations?user=SZhtoTQAAAAJ&hl=sk&oi=sra,31,,,https://www.sav.sk/uploads/users_cv/20160916072552_686_Kazimirova_%C5%BDivotopis_Slov.pdf,https://www.researchgate.net/profile/Maria-Kazimirova,https://discountsales.2023shopsonline.com/content?c=klie%C5%A1te%20%C5%BEiju%20do%20nadmorskej%20v%C3%BD%C5%A1ky&id=19,,,,,,,,,,,
Miroslav,Kocifaj,Miroslav Kocifaj,ANO,,,SAV,SR,,,Miroslav.Kocifaj@fmph.uniba.sk,https://scholar.google.sk/citations?hl=en&user=XDh-250AAAAJ,31,,,,,,,,,,,,,,,,
Ľubica,Lacinová,Ľubica Lacinová,ANO,,,SAV,SR,,,lacinova@up.upsav.sk,https://scholar.google.com/citations?hl=en&user=GLiFrtgAAAAJ,31,,,,,,,,,,,,,,,,
Jaroslav,Lexa,Jaroslav Lexa,ANO,1944,,SAV,SR,,http://www.geo.sav.sk/en/staff/jaroslav-lexa-en/,jaroslav.lexa@savba.sk,https://scholar.google.com/citations?user=rHgfxxwAAAAJ&hl=en,31,,,https://www.sav.sk/?lang=sk&doc=user-org-user&user_no=5443&action=cv,http://science.dennikn.sk/kto-je-kto-v-slovenskej-vede/osobnosti/veda-a-vyskum/2086-jaroslav-lexa,,,,,,,,,,,,
Tibor ,Macko,Tibor  Macko,ANO,,,Fraunhofer,Nemecko,Chromatografia,,tibor.macko@lbf.fraunhofer.de,https://scholar.google.co.uk/citations?user=zakQyxMAAAAJ&hl=en,31,,,https://www.linkedin.com/in/tibor-macko-915b1912/?originalSubdomain=de,https://www.researchgate.net/profile/Tibor-Macko-2,,,,,,,,,,,,
Jozef,Nosek,Jozef Nosek,ANO,1967,,UK,SR,molecular and cell biologycomparative genomicsyeastsmitochondriatelomeres,http://www.biocenter.sk/jn.html,jozef.nosek@uniba.sk,https://scholar.google.com/citations?user=VzDSjLcAAAAJ&hl=en,31,,,biocenter.sk/jncv.html ,,,,,,,,,,,,,
Veronika,Ostatná,Veronika Ostatná,ANO,,,AV,ČR,Biofyzika,,ostatna@ibp.cz,https://scholar.google.com/citations?user=ZezlLfEAAAAJ&hl=cs,31,,,,,,,,,,,,,,,,
Daniela,Ostatníková,Daniela Ostatníková,ANO,,SR,UK,SR,physiologyneuroscienceautism,https://acva.sk/tim/daniela-ostatnikova/,daniela.ostatnikova@uniba.sk,https://scholar.google.com/citations?user=5sPkPmEAAAAJ&hl=sk&oi=ao,31,,,https://sk.wikipedia.org/wiki/Daniela_Ostatn%C3%ADkov%C3%A1,,,,,,,,,,,,,
Marek,Piliarik,Marek Piliarik,ANO,,,AV ČR,ČR,Nano opticsMicroscopysingle molecules,,piliarik@ufe.cz,https://scholar.google.com/citations?hl=sk&user=1eLoTdcAAAAJ,31,https://www.semanticscholar.org/author/M.-Piliarik/4450377,29,,,,,,,,,,,,,,
Dušan,Plašienka,Dušan Plašienka,ANO,,,UK,SR,,,dusan.plasienka@uniba.sk,https://scholar.google.com/citations?hl=en&user=JCOUk6EAAAAJ,31,,,,,,,,,,,,,,,,
Tomáš,Roch,Tomáš Roch,ANO,,,UK,SR,,,Tomas.Roch@fmph.uniba.sk,https://scholar.google.com/citations?hl=en&user=PVRQZxcAAAAJ,31,,,,https://sluzby.fmph.uniba.sk/ludia/roch1,https://www.researchgate.net/profile/Tomas-Roch,,,,,,,,,,,
Peter,Staňo,Peter Staňo,ANO,1975,,SAV,SR,condensed matter theory,http://www.quantum.physics.sk/people/stano/,peter.stano@savba.sk,https://scholar.google.co.jp/citations?user=-gLxHToAAAAJ&hl=en,31,,,http://www.quantum.physics.sk/people/stano/cv_US.pdf,,,,,,,,,,,,,
Ján,Titiš,Ján Titiš,ANO,,,UCM,SR,anorganická chémia,https://www.ucm.sk/sk/fakulta-prirodnych-vied-ucm/,jan.titis@ucm.sk,https://scholar.google.com/citations?user=9SBHxBAAAAAJ&hl=sk&oi=sra,31,,,https://www.linkedin.com/in/j%C3%A1n-titi%C5%A1-409160172/?originalSubdomain=sk,https://www.ucm.sk/sk/jan-titis-rozhovor/,https://www.attelier.sk/chemia-je-jednoducho-uzasna-hovori-novovymenovany-profesor-v-odbore-anorganicka-chemia-jan-titis/,,,,,,,,,,,
Ľubomír,Tomáška,Ľubomír Tomáška,ANO,1966,,UK,SR,Genetika,http://www.biocenter.sk/lt.html,lubomir.tomaska@uniba.sk,https://scholar.google.com/citations?user=Un79e18AAAAJ&hl=th,31,,,http://www.biocenter.sk/ltcv.html,,,,,,,,,,,,,
Marcel,Zámocký,Marcel Zámocký,ANO,,,BOKU,Rakúsko,Fylogenomická ekológia,https://forschung.boku.ac.at/fis/suchen.person_uebersicht?sprache_in=en&menue_id_in=101&id_in=7969,marcel.zamocky@boku.ac.at,https://scholar.google.com/citations?user=pT4T7F4AAAAJ&hl=sk,31,,,http://science.dennikn.sk/kto-je-kto-v-slovenskej-vede/osobnosti/veda-a-vyskum/2537-marcel-zamocky,https://www.researchgate.net/profile/Marcel-Zamocky,,,,,,,,,,,,
Vladimír,Zeleňák,Vladimír Zeleňák,ANO,,,UPJŠ,SR,anorganická chémia,https://www.upjs.sk/PF/zamestnanec/vladimir.zelenak/,vladimir.zelenak@upjs.sk,https://scholar.google.com.au/citations?user=OfwHRv8AAAAJ&hl=en,31,,,str 14 https://www.schems.sk/chemzi_pdf/ChemZi_1_2019.pdf,https://vedanadosah.cvtisr.sk/wp-content/uploads/2020/09/Zelenak_laudatio_VR-2018.pdf,,,,,,,,,,,,
Vladimír,Baláž,Vladimír Baláž,ANO,1961,,SAV,SR,"migrácia, inovácie, behaviorálna ekonómia",https://www.sav.sk/?lang=sk&doc=user-org-user&user_no=815&action=cv,vbalaz@yahoo.com,https://scholar.google.sk/citations?hl=sk&user=bNAGKuoAAAAJ,30,,,http://www.prog.sav.sk/index.php/balaz-vladimir,https://www.learned.sk/wp-content/uploads/2020/02/CV-Vladimir-Balaz.pdf,,,,,,,,,,,,
Pavol,Balgavý,Pavol Balgavý,ANO,1944,SR,UK,SR,biofyzika,https://cs.wikipedia.org/wiki/Pavol_Balgav%C3%BD,pavol.balgavy@fpharm.uniba.sk,https://scholar.google.co.uk/citations?user=kfUT_UgAAAAJ&hl=en,30,,,https://www.aktuality.sk/clanok/808616/profesor-pavol-balgavy-bol-by-som-rad-keby-sme-boli-sudeni/?fbclid=IwAR0_LLBV6U8rV9o5JBMz88PhGrFsj0MU75PJjIMYJDL_pzv8sOks55u7Yk4,,,,,,,,,,,,,
Tomáš,Bleha,Tomáš Bleha,ANO,1943,,SAV,SR,physical chemistryphysical polymer sciencesoft mattermolecular modeling,,bleha@savba.sk,https://scholar.google.com/citations?user=HxBEVzwAAAAJ&hl=cs,30,,,https://polymer.sav.sk/old/images/omsp/cvbleha.pdf,https://www.sav.sk/?lang=sk&doc=services-news&source_no=20&news_no=5200,https://www.learned.sk/prof-ing-tomas-bleha-drsc/,,,,,,,,,,,
Peter,Bodík,Peter Bodík,ANO,,,Microsoft Research,USA,Systems and NetworkingMachine LearningAlgorithms,https://www.microsoft.com/en-us/research/people/peterb/?from=http%3A%2F%2Fresearch.microsoft.com%2Fen-us%2Fpeople%2Fpeterb%2F,peterb@microsoft.com,https://scholar.google.sk/citations?hl=sk&user=9EFobLUAAAAJ,30,,,https://lccc.lth.se/abstractID=619.html,https://dblp.org/pid/b/PeterBodik.html,https://www.xwhos.com/person/peter_bodik-whois.html,https://www.linkedin.com/in/peter-bodik-045b90/,,,,,,,,,,
Eva ,Budinská,Eva  Budinská,ANO,,SR,MU,ČR,"bioinformatika, bioštatistika",http://moderna.alchymistka.eu/p/o-mne-tomto-blogu.html,eva.budinska@recetox.muni.cz,https://scholar.google.cz/citations?hl=en&user=dX1z5OcAAAAJ,30,,,https://www.databazeknih.cz/zivotopis/eva-budinska-106443,,,,,,,,,,,,,
Daša,Čížková,Daša Čížková,ANO,1964,SR,SAV,SR,life science,https://niu.sav.sk/research-groups/regenerative-medicine/,dasa.cizkova@savba.sk,https://scholar.google.com/citations?user=34jBH9oAAAAJ&hl=sk&oi=ao,30,,,,,,,,,,,,,,,,
Miloš,Hitka,Miloš Hitka,ANO,,,TUZVA,SR,motivationmanagementHRMergonomicsanthropometry,https://miloshitka.szm.com/,hitka@tuzvo.sk,https://scholar.google.com/citations?hl=sk&user=phu5PwoAAAAJ,30,,,https://www.magnanimitas.cz/library/adalta/boardmembers/cv/hitka_cv.pdf,,,,,,,,,,,,,
Vladimír,Kováč,Vladimír Kováč,ANO,1958,,AQ-BIOS spol. s r. o,SR,Fish BiologyZoologyBioInvasionsOntogenyMorphometry,https://www.researchgate.net/lab/Vladimir-Kovac-Lab,vladimir.kovac@aqbios.com,https://scholar.google.com/citations?user=wvefIYMAAAAJ&hl=en,30,,,https://www.aqbios.com/sk/o-nas,https://vedanadosah.cvtisr.sk/priroda/medzi-ocenenych-pedagogov-patri-aj-prof-rndr-vladimir-kovac-phd-odbornik-na-ekologiu-vodnych-zivocichov/,https://www.sme.sk/c/2857089/vladimir-kovac.html,,,,,,,,,,,
Fedor,Gömöry,Fedor Gömöry,ANO,1952,SK,SAV,SR,superconductors,https://vedanadosah.cvtisr.sk/technika/elektrotechnika/vedec-roka-2014-doc-ing-fedor-gomory-drsc/,elekgomo@savba.sk,https://scholar.google.com/citations?hl=en&user=9aaym_UAAAAJ,30,,,https://sk.linkedin.com/in/fedor-g%C3%B6m%C3%B6ry-45a37510,https://www.learned.sk/doc-ing-fedor-gomory-drsc/,https://www.learned.sk/wp-content/uploads/2019/10/CV_Gomory.pdf,,,,,,,,,,,
Jana,Korduláková,Jana Korduláková,ANO,,,UK,SR,,,jana.kordulakova@uniba.sk,https://scholar.google.sk/citations?user=Mf9iWOEAAAAJ&hl=sk,30,,,,,,,,,,,,,,,,
Roman,Mezencev,Roman Mezencev,ANO,,,Georgia Institute of Technology,USA,Cancer biology and Pharmacology,https://biosciences.gatech.edu/people/roman-mezencev,roman.mezencev@biosci.gatech.edu,https://scholar.google.com/citations?user=dQjETlwAAAAJ&hl=en,30,,,https://www.upjs.sk/prirodovedecka-fakulta/ustav/uchv/study/24239/,https://www.upjs.sk/prirodovedecka-fakulta/ustav/uchv/study/24239/,https://biosciences.gatech.edu/people/roman-mezencev,https://www.facebook.com/ustavchemickychviedUPJS/posts/1938479529642134/,,,,,,,,,,
Peter ,Molnár,Peter  Molnár,ANO,1981,SR,U.of Stavanger,Nórsko,Financie,https://analytika.sk/o-nas/pracovnici/marian-masar/,Peter.Molnar@iot.ntnu.no,https://scholar.google.com/citations?hl=en&user=57LSTCsAAAAJ,30,,,http://paraplyen.prototypes.no/paraplyen/arkiv/2011/september/disputas-p/,https://www.ntnu.edu/employees/petermol,https://www.researchgate.net/profile/Peter-Molnar-16,,,,,,,,,,,
Jaroslav,Mosnáček,Jaroslav Mosnáček,ANO,1975,,STU,SR,polymers,https://polymer.sav.sk/old/index.php?option=com_content&view=article&id=137,jaroslav.mosnacek@savba.sk,https://scholar.google.sk/citations?user=-5YGCCsAAAAJ&hl=sk,30,,,https://polymer.sav.sk/old/index.php?option=com_content&view=article&id=137,,,,,,,,,,,,,
Eva,Špitalská,Eva Špitalská,ANO,,SR,SAV,SR,,https://www.sav.sk/?lang=sk&doc=user-org-user&user_no=3487,eva.spitalska@savba.sk,https://scholar.google.com/citations?user=i4J2z3sAAAAJ&hl=sk&oi=ao,30,,,https://www.linkedin.com/in/eva-spitalska-a49b02145,,,,,,,,,,,,,
Peter ,Tomašec,Peter  Tomašec,ANO,1970,,U. of Cardiff,Veľká Británia,Biológia,https://www.cardiff.ac.uk/news/view/32209-scientists-decode-worlds-most-complex-human-virus,https://www.dailymail.co.uk/news/article-4584480/Scientist-killed-lethal-dose-chemicals.html,https://scholar.google.de/citations?hl=en&user=hOuiMR8AAAAJ,30,,,https://www.linkos.cz/lide/dr-peter-tomasec-tomasec/,,,,,,,,,,,,,
Tomáš,Vinař,Tomáš Vinař,ANO,,,UK,SR,bioinformaticsalgorithmsmachine learning,https://compbio.fmph.uniba.sk/~tvinar/,tomas.vinar@fmph.uniba.sk,https://scholar.google.sk/citations?user=nBBrj5AAAAAJ&hl=sk,30,,,,,,,,,,,,,,,,
Iveta,Waczulikova,Iveta Waczulikova,ANO,,,UK,SR,biophysicsmedical physicsbiostatistics,https://uniba.sk/ludia/waczulikova1/publications/,Iveta.Waczulikova@fmph.uniba.sk,https://scholar.google.com/citations?user=PJfVCW0AAAAJ&hl=sk&oi=ao,30,,,https://sk.linkedin.com/in/iveta-waczulikova-793b7116,https://vedanadosah.cvtisr.sk/priroda/fyzika/ocenenie-rektora-uk-patri-aj-doc-rndr-ivete-waczulikovej-phd-odbornicke-na-biomedicinsku-fyziku/,https://biomedicalphysics.sk/category-onas/,,,,,,,,,,,
Domenico,Pangallo,Domenico Pangallo,ANO,1972,IT,SAV,SR,Molekul.biológia,,domenico.pangallo@savba.sk,https://scholar.google.sk/citations?user=RdSfohIAAAAJ&hl=sk,35,,,http://dottoratobee.uniroma2.it/files/2019/12/Pangallo_CV_EN.pdf,https://svk.press/magazin/kultura-knihy-film-divadlo/domenico-pangallo-slovenske-pamiatky-zbytocne-chatraju/,https://uniba.sk/fileadmin/ruk/veda/docprof/LF_UK/Sykora/32_Priv_Doz_Sykora_zivotopis.pdf,http://dottoratobee.uniroma2.it/files/2019/12/Pangallo_CV_EN.pdf,,,,,,,,,,
Eduard,Hryha,Eduard Hryha,ANO,,UA,Chalmers,Švédsko,Additive ManufacturingPowder Metallurgy,https://www.chalmers.se/en/staff/Pages/hryha.aspx,hryha@chalmers.se,https://scholar.google.com/citations?user=7M815qoAAAAJ&hl=en&oi=sra,35,,,https://www.linkedin.com/in/eduard-hryha-8a002a23/?originalSubdomain=se,http://www.chalmers.se/CV/hryha.pdf,https://additivemanufacturing.turkuamk.fi/eduard-hryha/,,,,,,,,,,,
Adriána ,Kovalčík (Gregorová),Adriána Kovalčík (Gregorová),ANO,,SR,VUT Brno,ČR,LigninBiopolymersSynthesis and polymer processingPolymer compositesViscoelastic properties,https://www.vut.cz/en/people/adriana-kovalcik-201963/zivotopis?aid_redir=1,kovalcik@fch.vut.cz,https://scholar.google.com/citations?user=jd7xbegAAAAJ&hl=sk,34,,,https://cz.linkedin.com/in/adriana-kovalcik-abb61a70,,,,,,,,,,,,,
Boris,Ferko,Boris Ferko,ANO,,,HSC Development,Rakúsko,VirologyImmunology,,,https://scholar.google.com/citations?hl=sk&user=JcTRs_YAAAAJ,33,,,https://at.linkedin.com/in/boris-ferko-53269354?trk=people-guest_people_search-card,,,,,,,,,,,,,
Dušan ,Galusek,Dušan  Galusek,ANO,,,TRUNI,SR,Materiály,https://www.funglass.eu/personnel-portfolio/prof-ing-dusan-galusek-drsc/?portfolioCats=68%2C121%2C64%2C65%2C67%2C69%2C66%2C120%2C61,dusan.galusek@tnuni.sk,https://scholar.google.com/citations?user=HhcVYjYAAAAJ&hl=sk&oi=ao,33,,,https://www.funglass.eu/personnel-portfolio/prof-ing-dusan-galusek-drsc/?portfolioCats=68%2C121%2C64%2C65%2C67%2C69%2C66%2C120%2C61,,,,,,,,,,,,,
Karol,Kajo,Karol Kajo,ANO,1962,,OUSA,SR,pathologyCancercarcinogenesis,http://www.ousa.sk/sk/klienti-a-pacienti/ustav-patologie-szu-a-ousa/zamestnanci/prednosta-ustavu-patologie-szu-a-ousa,karol.kajo@ousa.sk,https://scholar.google.com/citations?user=0UbdxRMAAAAJ&hl=sk&oi=sra,33,,,http://www.ousa.sk/sk/klienti-a-pacienti/ustav-patologie-szu-a-ousa/zamestnanci/prednosta-ustavu-patologie-szu-a-ousa,,,,,,,,,,,,,
Tomáš,Hlásny,Tomáš Hlásny,ANO,,,ČZU,ČR,forest ecologyclimate changeecosystem modelling,https://home.czu.cz/hlasny/uvod,hlasny@fld.czu.cz,https://scholar.google.com/citations?hl=cs&user=LgkWAqQAAAAJ,32,,,https://home.czu.cz/hlasny/zivotopis?editmode=0,,,,,,,,,,,,,
Zuzana,Kukelová,Zuzana Kukelová,ANO,,,ČVUT,ČR,Computer visionMinimal problemsAlgebraic geometry,https://kukelova.weebly.com/,,https://scholar.google.com/citations?user=M4a3VyYAAAAJ&hl=sk&oi=sra,32,,,https://www.linkedin.com/in/zuzana-kukelova-83008151/?originalSubdomain=cz,,,,,,,,,,,,,
Jaromír,Mikeš,Jaromír Mikeš,ANO,,,Karolinska Institutet,Švédsko,flow cytometryimmunologysamples processing automation,,jaromir.mikes@ki.se,https://scholar.google.com/citations?user=frDz7fwAAAAJ&hl=en,32,,,https://loop.frontiersin.org/people/579315/overview,https://www.linkedin.com/in/jaromir-mikes-21581059/?originalSubdomain=se,,,,,,,,,,,,
Michal ,Nemčok,Michal Nemčok,ANO,,SR,SAV_U.Ostrava,SR/USA/ČR,structural geologytectonics,http://michalnemcok.sk/cv/,mnemcok@egi.utah.edu,https://scholar.google.com/citations?user=hwSYnhEAAAAJ&hl=sk&oi=ao,32,,,http://michalnemcok.sk/cv/,,,,,,,,,,,,,
Martin,Rusnák,Martin Rusnák,ANO,1951,,TRUNI,SR,public healthepidemiology,https://fzsp.truni.sk/kontakty/martin-rusnak,martin.rusnak@truni.sk,https://scholar.google.sk/citations?user=Xj3GtcMAAAAJ&hl=sk&oi=ao,32,,,https://fzsp.truni.sk/sites/default/files/profil-zamestnanca/rusnak_en.pdf,,,,,,,,,,,,,
Marek,Samec,Marek Samec,ANO,,SR,UK,SR,,https://uniba.sk/ludia/samec3/publications/,marek.samec@uniba.sk,https://scholar.google.com/citations?user=Wsc5TCsAAAAJ&hl=sk&oi=sra,32,,,https://www.facebook.com/marek.samec.3/,https://www.researchgate.net/profile/Marek-Samec,,,,,,,,,,,,
Marek,Tesar,Marek Tesar,ANO,,,Unimelb,Austrália,Early Childhood EducationChildhood StudiesPhilosophy of EducationQualitative Inquiry,https://marektesar.com/,,https://scholar.google.co.nz/citations?user=5kRzTDMAAAAJ&hl=en,32,,,https://dennikn.sk/513752/slovak-uci-na-novom-zelande-zit-s-inymi-kulturami-treba-zacat-v-skolke/?ref=list,,,,,,,,,,,,,
Juraj,Gerlici,Juraj Gerlici,ANO,,,UNIZA,SR,rail vehicleswheel / rail contactrailway brake test benches,,juraj.gerlici@fstroj.uniza.sk,https://scholar.google.com/citations?user=76tWGcIAAAAJ&hl=sk&oi=ao,31,,,,,,,,,,,,,,,,
Peter ,Halama,Peter  Halama,ANO,1975,,SAV,SR,Psychológia,https://ff.truni.sk/kontakty/peter-halama,peter.halama@savba.sk,https://scholar.google.sk/citations?hl=en&user=AGsfdO8AAAAJ,31,,,https://www.unipo.sk/public/media/21396/Halama%20-%20Profesijn%C3%BD%20%C5%BEivotopis.pdf,,,,,,,,,,,,,
Jana,Jakubíková,Jana Jakubíková,ANO,,,Harvard ,USA,,http://www.biomedcentrum.sav.sk/oddelenia/oddelenie-imunologie-nadorov/,jana.jakubikova@savba.sk jana_jakubikova@dfci.harvard.edu  jana_jakubikova@dfci.harvar.edu,https://scholar.google.com/citations?user=CEh_AqsAAAAJ&hl=en,31,,,https://www.linkedin.com/in/janajakubikova,https://spectator.sme.sk/c/20028937/independence-creativity-and-discovery.html,,,,,,,,,,,,
Marian,Jandel,Marian Jandel,ANO,,,"University of Massachusetts, Lowell",USA,Aplikovaná fyzika,https://www.uml.edu/sciences/physics/faculty/jandel-marian.aspx,Marian_Jandel@uml.edu,https://scholar.google.com/citations?user=OCHIvToAAAAJ&hl=en,31,,,https://www.linkedin.com/in/marian-jandel-a944a997,,,,,,,,,,,,,
Mária,Kováčová,Mária Kováčová,ANO,1989,SR,UNIZA,SR,business & managementeconomics & econometricssocial sciences,https://ke.uniza.sk/sk/component/contact/contact/23-ing-maria-kovacova-phd?catid=33&Itemid=210,maria.kovacova@uniza.sk,https://scholar.google.com/citations?hl=en&user=T1upvloAAAAJ,31,,,https://ke.uniza.sk/sk/component/contact/contact/23-ing-maria-kovacova-phd?catid=33&Itemid=210,https://fpedas.uniza.sk/~bankruptcy/about.php,,,,,,,,,,,,
Ľuboš,Krišťák,Ľuboš Krišťák,ANO,1980,SK,TUZVO,SR,Wood CompositesWood PhysicsWood adhesivesWood TechnologyPhysical properties,https://www.tuzvo.sk/sk/ludia-na-tuzvo/9595,kristak@tuzvo.sk,https://scholar.google.com/citations?hl=sk&user=bF_5KtYAAAAJ,31,,,https://uniba.sk/fileadmin/ruk/veda/docprof/FMFI_UK/Kristak/CV_Typo.pdf,,,,,,,,,,,,,
Maria,Kuklišová Murgašová Deprez,Maria Kuklišová Murgašová Deprez,ANO,,,King´s College,Veľká Británia,fetal and neonatal MRI image an,https://sites.google.com/site/mariakuklisovamurgasova/contact,maria.deprez@kcl.ac.uk,https://scholar.google.com/citations?hl=en&user=qtojUaIAAAAJ,31,,,https://sites.google.com/site/mariakuklisovamurgasova/home,https://sites.google.com/site/mariakuklisovamurgasova/home,,,,,,,,,,,,
Ján,Kyselovič,Ján Kyselovič,ANO,,,UK,SR,farmakológia,https://www.itapa.sk/spikri/jan-kyselovic/,kyselovic@uniba.sk,https://scholar.google.com/citations?user=wJYM_ywAAAAJ&hl=sk&oi=ao,31,,,,,,,,,,,,,,,,
Stanislav,Martinát,Stanislav Martinát,NIE,,,AV ČR,ČR,rural geography,,"stanislav.martinat@upol.cz, martinat@geonika.cz",https://scholar.google.sk/citations?user=ZztBQNwAAAAJ&hl=sk,31,,,https://geonika.cz/EN/personal/ENmartinat.html,,,,,,,,,,,,,
Elena,Marushiakova,Elena Marushiakova,ANO,,?,SAV,SR,Global HistoryEthnographyGypsy/Romani Studies,,elena.marushiakove@savba.sk,https://scholar.google.com/citations?user=X1RRc98AAAAJ&hl=sk&oi=ao,31,,,https://st-andrews.academia.edu/ElenaMarushiakova/CurriculumVitae,,,,,,,,,,,,,
Peter,Minárik,Peter Minárik,NIE,,???,Karlova univ.,ČR,magnesiummicrostructurecorrosionmechanical properties,https://www.mff.cuni.cz/cs/kfm/lide/peter-minarik,mfkfk@karlov.mff.cuni.cz,https://scholar.google.com/citations?user=8UTfnlYAAAAJ&hl=sk&oi=sra,31,,,https://www.mff.cuni.cz/cs/kfm/lide/peter-minarik,,,,,,,,,,,,,
Ladislav,Mura,Ladislav Mura,ANO,1979,SR,Paneurópska,SR,small and medium enterprisesinternational entrepreneurshiphuman resource management,https://www.paneurouni.com/kontakty-ekonomie/doc-phdr-ing-ladislav-mura-phd/,ladislav.mura@paneurouni.com,https://scholar.google.com/citations?user=wKAA2j8AAAAJ&hl=sk,31,,,https://mksm.tfbor.bg.ac.rs/wp-content/uploads/2012/11/Prof.-Ladislav-Mura-CV.pdf,https://www.sgemvienna.org/images/committee/LMura.pdf,https://www.paneurouni.com/kontakty-ekonomie/doc-phdr-ing-ladislav-mura-phd/,https://mksm.tfbor.bg.ac.rs/wp-content/uploads/2012/11/Prof.-Ladislav-Mura-CV.pdf,,,,,,,,,,
Igor,Novák,Igor Novák,ANO,1951,SR,SAV,SR,Macromolecular chemistry,http://www.matnet.sav.sk/index.php?ID=770,igor.novak@savba.sk,https://scholar.google.com/citations?user=raAZ8IQAAAAJ&hl=en,31,,,https://www.researchgate.net/profile/Igor-Novak-2,,https://www.pic-piestany.sk/en/town-of-piestany/people/details/?tx_kioscosmotron_pi1%5Bdetail%5D=0171807,,,,,,,,,,,
Miroslav,Sirota,Miroslav Sirota,ANO,,,U. of Essex,Veľká Británia,judgment and decision makingrisk communicationmedical decision makingreasoning,https://www.essex.ac.uk/people/SIROT78808/Miroslav-Sirota,msirota@essex.ac.uk,https://scholar.google.sk/citations?user=9dKlH9wAAAAJ&hl=en,31,,,https://uk.linkedin.com/in/miroslav-sirota-0931aba,,,,,,,,,,,,,
Jan,Valíček,Jan Valíček,ANO,,????,SPU,SR,Strojárske technológie a materiály,,,https://scholar.google.com/citations?user=fLkoaLsAAAAJ&hl=cs,31,,,https://is.vstecb.cz/osoba/valicek.jan,,,,,,,,,,,,,
Čestmír,Altaner,Čestmír Altaner,NIE,1933,,SAV,SR,výskum kmeňových buniek,https://www.sav.sk/?lang=sk&doc=user-org-user&user_no=1982,cestmir.altaner@savba.sk,https://scholar.google.com/citations?hl=en&user=qVkcTWcAAAAJ,30,,,,,,,,,,,,,,,,
Milan,Baláž,Milan Baláž,ANO,,,Yonsei University,Južná Kórea,chiral nanoparticlesDNA templated nanoassembliescircular dichroism,https://yonsei.pure.elsevier.com/en/persons/milan-balaz,mbalaz@yonsei.ac.kr,https://scholar.google.com/citations?user=IAjNA9MAAAAJ&hl=en,30,,,https://yonsei.pure.elsevier.com/en/persons/milan-balaz,https://www.linkedin.com/in/milanbalaz/,https://www.uwyo.edu/chemistry/updatedspring%202014%20newsletter.pdf,,,,,,,,,,,
Matej,Baláž,Matej Baláž,ANO,,,SAV,SR,mechanochemistry,,balazm@saske.sk,https://scholar.google.com/citations?user=udLGnu8AAAAJ&hl=en&oi=ao,30,,,,,,,,,,,,,,,,
Štefan,Beňuš,Štefan Beňuš,ANO,,,UKF,SR,phoneticsphonologyprosodypragmatics,https://www.sav.sk/?lang=sk&doc=user-org-user&user_no=6516,sbenus@ukf.sk,https://scholar.google.com/citations?user=UHGYV8UAAAAJ&hl=en,30,,,http://www1.cs.columbia.edu/~sbenus/,https://portal.ukf.sk/kvalita/upload/inauguracie/41/1543237152_1176_5bfbee208e0ea_doc.-Benus-zivotopis-na-portal.pdf,,,,,,,,,,,,
Peter,Cifra,Peter Cifra,ANO,1955,,SAV,SR,"molekulová termodynamika polymérov, molekulové simuláciácie makromolekúl",https://www.osobnosti.sk/osobnost/peter-cifra-549,cifra@savba.sk,https://scholar.google.com/citations?user=0wKlnIgAAAAJ&hl=en,30,,,https://www.osobnosti.sk/osobnost/peter-cifra-549,,,,,,,,,,,,,
Ľuboš,Danišovič,Ľuboš Danišovič,ANO,,SR,UK,SR,stem cellstissue engineeringtoxicology,,lubos.danisovic@fmed.uniba.sk,https://scholar.google.at/citations?hl=en&user=HLFu2BgAAAAJ,30,,,https://haik.upjs.sk/data/habilitacne_konania/HKBIO/316_Danisovic_PF/zivotopis.pdf,https://haik.upjs.sk/data/habilitacne_konania/HKBIO/316_Danisovic_PF/navrh.pdf,https://www.researchgate.net/profile/Lubos-Danisovic,,,,,,,,,,,
Jozef,Džurina,Jozef Džurina,ANO,,,TUKE,SR,quantitative theory of differential equations,https://kmti.fei.tuke.sk/pedagog/prof-rndr-jozef-dzurina-csc,jozef.dzurina@tuke.sk,https://scholar.google.com/citations?hl=en&user=g44uW8gAAAAJ,30,,,,,,,,,,,,,,,,
Karol ,Flachbart,Karol  Flachbart,ANO,,,SAV,SR,,,flachb@saske.sk,https://scholar.google.com/citations?user=q9CfoU0AAAAJ&hl=sk,30,,,,,,,,,,,,,,,,
Dušan,Chorvát,Dušan Chorvát,ANO,,SR,ILC,SR,"spectroscopy, imaging, microscopy",,Dusan.Chorvat@cvtisr.sk,https://scholar.google.com/citations?user=loVfHtIAAAAJ&hl=sk,30,,,https://www.linkedin.com/in/dusan-chorvat-a74aa246/?originalSubdomain=sk,,,,,,,,,,,,,
Zlatica,Kohajdová,Zlatica Kohajdová,ANO,,SR,STU,SR,,https://www.fchpt.stuba.sk/sk/ustavy-a-oddelenia/ustav-biotechnologie-a-potravinarstva/oddelenie-potravinarskej-technologie/zoznam/ing.-zlatica-kohajdova-phd..html?page_id=2438,zlatica.kohajdova@stuba.sk,https://scholar.google.com/citations?user=_9liP44AAAAJ&hl=sk&oi=ao,30,,,foto: https://www.google.com/search?sca_esv=f874127852d0764a&sxsrf=ADLYWIKFFNU7XaeXqJcVbD345S3EKgOupA:1716717802445&q=zlatica+kohajdova&uds=ADvngMh_SdoDdFiiNsnjtNRH_ukY9HZd8lwlUgJKa9zPyZyA5UYVdP0bFBZW9mhM73bHiM6gCeRg0bpfXB_C602j3kmCYITGS0RG-c2phdYqF_oFWmfuVSL_qw82b5_DvCcxr7efpbYHPzkA0ODLAE8zj6SP2Ck9X29Sl8kaXphnnmhb2J3L-Myffvn9eLMYVLzleO0X4TfRLxlSSJPYEwlIVxCUmcrEV_LQJB66rTsxsw12-lqWcPY6sd3csiRs8UGCXgim6f-x_XkuuyjfrbHIHgkvZFWeajH4TSnbFxz4VnkrGqxmc1w6X7tQt_nDvwd9bfZdmXxY&udm=2&prmd=ivnmbtz&sa=X&ved=2ahUKEwjGhq2WiKuGAxXx-gIHHbQ-BlgQtKgLegQIEhAB&biw=1331&bih=643#vhid=0baYhWTNJ8YLOM&vssid=mosaic,,,,,,,,,,,,,
Tibor,Kudernáč,Tibor Kudernáč,ANO,,,U.o.Twente,Holandsko,Life-like supramolecular mechanics,http://www.kudernac.eu/tibor_kudernac.php,t.kudernac@utwente.nl t.kudernac@rug.nl,https://scholar.google.com/citations?hl=en&user=2ADIWsMAAAAJ,30,,,http://kudernac.eu/CV-kudernac.pdf,,,,,,,,,,,,,
Ivan,Jambor,Ivan Jambor,ANO,,,Univ. of Turku,Fínsko,,,,https://scholar.google.com/citations?hl=en&user=fDMcW7wAAAAJ,30,,,https://www.facebook.com/ivan.jambor.9,Absolventi UK: 2012 všeobecné lekárstvo?,,,,,,,,,,,,
Klaudia,Jomová,Klaudia Jomová,ANO,,,UKF,SR,,http://www.kch.fpv.ukf.sk/?q=en/content/prof-rndr-klaudia-jomov%C3%A1-phd,kjomova@ukf.sk,https://scholar.google.sk/citations?user=wlqRYUcAAAAJ&hl=sk,30,,,,,,,,,,,,,,,,
Alex,Makarevič,Alex Makarevič,NIE,,RU,NPPC,SR,Animal Reproduction,http://www.cvzv.sk/index.php/sk/ustavy/93-ustav-genetiky-a-reprodukcie-hospodarskych-zvierat,alexander.makarevic@nppc.sk,https://scholar.google.com/citations?user=xEC3mlMAAAAJ&hl=sk,30,,,https://www.linkedin.com/in/makarevi%C4%8D-alexander-b8a93818/,,,,,,,,,,,,,
Vieroslav,Molnár,Vieroslav Molnár,NIE,,,TUKE,SR,logistics and modelingdesign of logistic systemspipe conveyorsteel ropeCAD systems,https://kppvt.fvt.tuke.sk/katedra/pracovnici/prof-ing-vieroslav-molnar-phd-sj/,vieroslav.molnar@tuke.sk,https://scholar.google.sk/citations?hl=sk&user=3aL5CrwAAAAJ,30,,,,,,,,,,,,,,,,
Jan,Nemcik,Jan Nemcik,ANO,,??,U.o.Wollongong,Austrália,,,jan_nemcik@uow.edu.au,https://scholar.google.com/citations?hl=en&user=b8yMb6cAAAAJ,30,,,https://issuu.com/uoweis/docs/cme_2015-2017_school_report-v28_sma,https://www.researchgate.net/profile/Jan-Nemcik,,,,,,,,,,,,
Gustáv,Plesch,Gustáv Plesch,ANO,,,UK,SR,material chemistrynanochemistryphotocatalysis,https://sites.google.com/view/photoactive-materials/,plesch@fns.uniba.sk,https://scholar.google.com/citations?hl=sk&user=FBfNaH0AAAAJ,30,,,https://ieeexplore.ieee.org/author/37088752472,https://sites.google.com/view/photoactive-materials/our-team,,,,,,,,,,,,
Michal,Repiský,Michal Repiský,ANO,,SK,UK,SR,Theoretical and Computational Chemistry,https://fmph.uniba.sk/en/contact/emplyoees/repisky9/,,https://scholar.google.com/citations?user=fkfhy9EAAAAJ&hl=sk&oi=ao,30,,,,,,,,,,,,,,,,
Ján,Szolgay,Ján Szolgay,NIE,1953,SK,STU,SR,HydrologyWater Resources ManagementRainfall-Runoff,http://www.kvhk.sk/sk/clenovia-katedry/ocenenia-szolgay,jan.szolgay@stuba.sk,https://scholar.google.com/citations?user=jbe5QEAAAAAJ&hl=en,30,,,http://www.kvhk.sk/sk/clenovia-katedry/ocenenia-szolgay,,,,,,,,,,,,,
Oľga,Šamajová (Auxtová),Oľga Šamajová,ANO,1968,SR,UPOL,ČR,cell biologyadvanced microscopyMAPKalfalfabarley,,olga.samajova@upol.cz,https://scholar.google.com/citations?user=do4mcnYAAAAJ&hl=sk&oi=ao,30,,,na konci: http://old.prf.upol.cz/fileadmin/user_upload/PrF-dokumenty/Vedecka_rada/2016/priloha_k_materialum-zivotopisy_skolitelu_16.3.2016.pdf,,,,,,,,,,,,,
Jozef,Širáň,Jozef Širáň,ANO,,,STU,SR,matematika,https://www.math.sk/siran/,siran@lux.svf.stuba.sk,https://scholar.google.com/citations?user=gqyz48YAAAAJ&hl=sk&oi=sra,30, ,,https://mathscinet.ams.org/mathscinet/MRAuthorID/163115,,,,,,,,,,,,,
Július,Šubík,Július Šubík,NIE,,,UK,SR,MicrobiologyGeneticsMolecular Biology,,subik@fns.uniba.sk,https://scholar.google.sk/citations?user=_OzrvwkAAAAJ&hl=sk,30,,,https://www.researchgate.net/publication/311562740_Ako_som_sa_stal_biologom,file:///home/jana/Downloads/bpv-1994-34-s271-273-jubilanti_1.pdf,,,,,,,,,,,,
Tomáš ,Bertók,Tomáš  Bertók,NIE,,,SAV,SR,,,,https://scholar.google.sk/citations?user=HeZwAlsAAAAJ&hl=en,31,,,,,,,,,,,,,,,,
Igor ,Bodík,Igor  Bodík,ANO,,,STU,SR,,,,https://scholar.google.com/citations?hl=en&user=ez4j-iYAAAAJ,31,,,,,,,,,,,,,,,,
Michal,Bošeľa,Michal Bošeľa,NIE,,,TUZVO,SR,,,,https://scholar.google.com/citations?user=2-SFmgwAAAAJ&hl=sk,31,,,,,,,,,,,,,,,,
Eva,Čellárová,Eva Čellárová,NIE,,,UPJŠ,SR,Genetika,https://bio.science.upjs.sk/zamest-cellarova.html,eva.cellarova@upjs.sk,https://scholar.google.com/citations?user=GAUnRuwAAAAJ&hl=sk&oi=ao,31,,,https://bio.science.upjs.sk/zamest-cellarova.html,https://www.upjs.sk/en/PF/employee/eva.cellarova/,,,,,,,,,,,,
Marian,Fabián,Marian Fabián,ANO,1949,,AV ČR,ČR,Matematika,http://www.math.cas.cz/fichier/membres/cv/cv_fabian_marian_20150527152018_18.pdf,fabian@math.cas.cz,https://scholar.google.com/citations?user=Di2JaCIAAAAJ&hl=th,29,,,http://www.math.cas.cz//fichier/membres/cv/cv_fabian_marian_20150527152018_18.pdf,,,,,,,,,,,,,
Zuzana,Gažová,Zuzana Gažová,ANO,,,SAV,SR,,,,https://scholar.google.com/citations?user=DyciNCEAAAAJ&hl=en,29,,,,,,,,,,,,,,,,
Karol,Hricovíni,Karol Hricovíni,ANO,1952,,univ-upgo,Francúzsko,Experimentálna fyzika,https://www.cyu.fr/karol-hricovini,karol.Hricoviny@u-cergy,https://scholar.google.com/citations?hl=en&user=vqUs72gAAAAJ,29,,,https://info.zcu.cz/clanek.jsp?id=1769,,,,,,,,,,,,,
Richard,Hrivnák,Richard Hrivnák,ANO,,,SAV,SR,VegetationAquatic botanyWetland ecology,https://ibot.sav.sk/usr/Richard/,richard.hrivnak@savba.sk,https://scholar.google.sk/citations?hl=sk&user=L4arwc8AAAAJ,30,,,,,,,,,,,,,,,,
Vladimír,Juráš,Vladimír Juráš,ANO,,,Medical University of Vienna,Rakúsko,,,,https://scholar.google.com/citations?user=Y4eCDocAAAAJ&hl=sk&oi=ao,30,,,,,,,,,,,,,,,,
Silvia,Kohnová,Silvia Kohnová,ANO,1960,SK,STU,SR,hydrology,https://beliana.sav.sk/heslo/kohnova-silvia,silvia.kohnova@stuba.sk,https://scholar.google.com/citations?user=U_VSYdwAAAAJ&hl=en,30,,,https://sk.linkedin.com/in/silvia-kohnova-14410492,,,,,,,,,,,,,
Ivana,Kruijff-Korbayová,Ivana Kruijff-Korbayová,ANO,,???,DFKI,Nemecko,,https://www.coli.uni-saarland.de/~korbay/,ivana.kruijff@dfki.de,https://scholar.google.com/citations?user=hZ6nJ9QAAAAJ&hl=en,30,,,,,,,,,,,,,,,,
Demeter,Krupka,Demeter Krupka,ANO,1942,SK,UNIPO,SR,differential geometrycalculus of variationsmathematical physics,http://www.lepageri.eu/members/demeter-krupka,demeter.krupka@lepageri.eu,https://scholar.google.com/citations?user=BkW-VmAAAAAJ&hl=sk&oi=ao,30,,,http://www.lepageri.eu/files/Krupka_CV_2021.pdf,https://www.prijmeni.cz/osobnost/88958/demeter_krupka,,,,,,,,,,,,
Ľubor ,Ladický,Ľubor Ladický,NIE,,,ETH,Švajčiarsko,"image reconstruction,image colour analysis,mesh generation,solid modelling,computer animation,computer graphics,concave programming,data",https://ieeexplore.ieee.org/author/37085445736,lubor.ladicky@inf.ethz.ch,https://scholar.google.de/citations?hl=en&user=URe1UuQAAAAJ,28,,,https://ieeexplore.ieee.org/author/37397488700,https://www.researchgate.net/scientific-contributions/Lubor-Ladicky-59346290,,,,,,,,,,,,
Peter,Lichard,Peter Lichard,ANO,,,Sliezska univ.,ČR,particle physicsquantum theory,https://www.slu.cz/fpf/cz/profil/34888,peter.lichard@fpf.slu.cz,https://scholar.google.com/citations?user=oU4fEOUAAAAJ&hl=en,30,,,https://cz.linkedin.com/in/peter-lichard-50635315,"Pozor!! Je ešte jeden Peter Lichard v CERN, podľa fotky iný.",,,,,,,,,,,,
Ľubomír,Lichner,Ľubomír Lichner,NIE,1949,SK,SAV,SR,biohydrologysoil water repellencypreferential flow,,lichner@uh.savba.sk,https://scholar.google.sk/citations?hl=en&user=r0qXcXcAAAAJ,29,,,https://sk.linkedin.com/in/lubomir-lichner-5a0191139,,,,,,,,,,,,,
Jozef,Madžo,Jozef Madžo,ANO,,,Temple Univ.,USA,Epigenetika,,,https://scholar.google.com/citations?user=-WVHq38AAAAJ&hl=en,30,,,https://www.coriell.org/1/About-Us/Meet-Our-Team/Jozef-Madzo-PhD,,,,,,,,,,,,,
Ján,Medveď,Ján Medveď,NIE,,??,Cisco,,networkingsdncomputers,,jmedved@cisco.com,https://scholar.google.com/citations?user=jit64CMAAAAJ&hl=sk&oi=ao,30,,,https://www.linkedin.com/in/jan-medved-460123/details/interests/?detailScreenTabIndex=0,,,,,,,,,,,,,
Mária,Lukáčová Medviďová,Mária Lukáčová Medviďová,NIE,,,J. Guttenberg. u.,Nemecko,numerics and analysis of PDEshyperbolic balance lawsmultiscale methodsasymptotic preserving scheme,https://www.numerik.mathematik.uni-mainz.de/prof-dr-maria-lukacova-medvidova/,,https://scholar.google.com/citations?user=r-_9v2UAAAAJ&hl=en,30,,,https://www.numerik.mathematik.uni-mainz.de/prof-dr-maria-lukacova-medvidova/,,,,,,,,,,,,,
Peter,Papcun,Peter Papcun,NIE,,,TUKE,SR,,,,https://scholar.google.sk/citations?user=Og4hTmUAAAAJ&hl=sk,30,,,,,,,,,,,,,,,,
Martin,Smieško,Martin Smieško,NIE,,SK,Univ. of Basel,Švajčiarsko,Computer-Aided Drug DesignMolecular ModelingProgrammingMolecular Dynamics SimulationsPredictive Toxicology,https://pharma.unibas.ch/de/personen/martin-smiesko/,"martin,smiesko@unibas.sk",https://scholar.google.com/citations?hl=en&user=oBUP4p4AAAAJ,30,,,https://www.linkedin.com/in/martin-smiesko-701b7831/?originalSubdomain=ch,,,,,,,,,,,,,
Martin,Tomko,Martin Tomko,ANO,1979,SR,UNIMELB,Austrália,Geographic information scienceGISciencespatial data sciencespatial networksurban computing,tomko.org,tomkom@unimelb.edu.au,https://scholar.google.com/citations?user=Ww8A0yAAAAAJ&hl=en,29,,,,,,,,,,,,,,,,
Mario ,Ziman,Mario  Ziman,ANO,,,SAV,SR,Kvantová fyzika,http://quantum.physics.sk/people/ziman/,ziman@savba.sk,https://scholar.google.com/citations?user=96S9ctwAAAAJ&hl=sk&oi=ao,30,,,https://www.muni.cz/en/people/134006-mario-ziman/cv,,,,,,,,,,,,,
Peter ,Zvara,Peter Zvara,ANO,,SR,University of Southern Denmark,DK,Urológia,https://portal.findresearcher.sdu.dk/en/persons/pzvara,pzvara@health.sdu.dk,https://scholar.google.com/citations?user=2PkPtN8AAAAJ&hl=en&oi=ao,31,,,https://findresearcher.sdu.dk:8443/ws/portalfiles/portal/cv/f1e08381-5e6b-4088-af65-fb88948f0021?locale=en_GB,,,,,,,,,,,,,
Peter,Bajcsy,Peter Bajcsy,NIE,1964,SR,NIST,USA,Large Image ProcessingMachine Learning,https://www.nist.gov/people/peter-bajcsy,peter.bajcsy@nist.gov,https://scholar.google.com/citations?user=3IU_BuUAAAAJ&hl=en,28,,,https://sk.wikipedia.org/wiki/J%C3%BAlius_Bajcsy,http://www.ncsa.illinois.edu/People/pbajcsy/,Syn Ruženy Bajcsy a brat Klary Nahrstedt,,,,,,,,,,,
Albert,Breier,Albert Breier,ANO,,,SAV,SR,BiochemistryCell PhysiologyMolecular Toxicology,http://www.umfg.sav.sk/obc/pracovnici/vyskumnici/doc-ing-albert-breier-drsc/,albert.breier@savba.sk,https://scholar.google.sk/citations?user=k0m9c9kAAAAJ&hl=en,28,,,,,,,,,SR,,,,https://scholar.google.com/citations?user=DyciNCEAAAAJ&hl=en,28,,
Dušan,Drábik,Dušan Drábik,NIE,1983 Bardejov,,Wageningen,Holandsko,,,,https://scholar.google.com/citations?hl=en&user=nhsfvLEAAAAJ,28,,,file:///C:/Users/admin/Downloads/Dusan%20Drabik%20CV.pdf,,,,,,,,,,,,,
Ľuboš,Drgoňa,Ľuboš Drgoňa,ANO,,,UK,SR,,,,https://scholar.google.com/citations?user=sHDD2hEAAAAJ&hl=en,28,,,,,,,,,,,,,,,,
Ján,Fidrmuc,Ján Fidrmuc,NIE,,,CELSI,SR,,https://www.celsi.sk/sk/ludia/detail/39/jan-fidrmuc/,,https://scholar.google.com/citations?user=Sc7jlXwAAAAJ&hl=en,28,,,http://www.fidrmuc.net/cv.pdf,,,,,,,,,,,,,
Miroslav,Gál,Miroslav Gál,ANO,,,STU,SR,,,,https://scholar.google.sk/citations?user=k7jZL6kAAAAJ&hl=sk,28,,,,,,,,,,,,,,,,
Alexander,Chudík,Alexander Chudík,ANO,,,Federal Reserve Bank of Dallas,USA,Econometrics,https://sites.google.com/site/alexanderchudik/,Alexander.Chudik@gmail.com,https://scholar.google.com/citations?user=s9CJ03QAAAAJ&hl=en&oi=ao,28,,,https://drive.google.com/file/d/1-asPJjNlYkIvBsLiI7kypUjsG_LacPR_/view,,,,,,,,,,,,,
Rastislav,Jakuš,Rastislav Jakuš,ANO,,,SAV,SR,,,,https://scholar.google.sk/citations?user=d5G0NZsAAAAJ&hl=sk,28,,,,,,,,,,,,,,,,
Štefan,Kaluz,Štefan Kaluz,NIE,,,UoEmory,USA,cancer biologymolecular biology,https://winshipcancer.emory.edu/bios/faculty/kaluz-stefan.html,skaluz@emory.edu,https://scholar.google.com/citations?hl=en&user=spPBTP4AAAAJ,28,,,"Absolvent UK, RNDr 1982, CSc 1988, zo Skalice",https://winshipcancer.emory.edu/bios/faculty/kaluz-stefan.html,https://www.linkedin.com/in/stefan-kaluz3,,,,,,,,,,,
Lenka,Koklesová,Lenka Koklesová,ANO,,,UK,SR,breast cancerchemopreventionwhole plant foodphytochemicals,,,https://scholar.google.com/citations?user=fYLdTWQAAAAJ&hl=sk&oi=sra,28,,,,,,,,,,,,,,,,
Stanislav,Komorovský,Stanislav Komorovský,NIE,,,SAV,SR,,,,https://scholar.google.co.th/citations?hl=en&user=ScPhEXIAAAAJ,28,,,,,,,,,,,,,,,,
Anton,Krištín,Anton Krištín,NIE,,,SAV,SR,"ecology, zoology, entomology",,,https://scholar.google.com/citations?user=fSYw-ysAAAAJ&hl=en,28,,,,,,,,,,,,,,,,
Ivan,Kuric,Ivan Kuric,ANO,,,Uniza,SR,Production EngineeringAutomationArtificial Intellifegence,https://www.kavs.uniza.sk/index.php/sk/zamestnanci/profil-zam-kuric,ivan.kuric@fstroj.uniza.sk,https://scholar.google.com/citations?user=bSDwupIAAAAJ&hl=sk&oi=sra,28,,,,,,,,,,,,,,,,
Michal,Kvasnica,Michal Kvasnica,NIE,,,STU,SR,,,,https://scholar.google.com/citations?hl=en&user=pE8c4hsAAAAJ,28,,,,,,,,,,,,,,,,
Juraj,Lapin,Juraj Lapin,NIE,1960,SR,SAV,SR,,,zomrel 2023,https://scholar.google.sk/citations?hl=en&user=t3HdNmsAAAAJ,28,,,zomrel v 2023 63 ročný,https://www.sav.sk/?lang=sk&doc=services-news&source_no=20&news_no=11211,,,,,,,,,,,,
Matúš,Medo,Matúš Medo,NIE,1979,SR,Inselspital Bern,Švajčiarsko,complex systemscomplex networksinformation filtering,http://www.ddp.fmph.uniba.sk/~medo/physics/,matus.medo@unifr.ch,https://scholar.google.ch/citations?user=ZRsx0AEAAAAJ,28,,,http://www.ddp.fmph.uniba.sk/~medo/physics/CV_Medo_2021.pdf,,,,,,,,,,,,,
Marek,Mihalkovič,Marek Mihalkovič,NIE,,SR,SAV,SR,Solid State Physics,,,https://scholar.google.com/citations?user=DHnVDBIAAAAJ&hl=sk&oi=ao,28,,,,,,,,,,,,,,,,
Dana,Miklisova,Dana Miklisova,ANO,,,SAV,SR,Parazitológia,https://pau.saske.sk/staff-list/miklisova/,miklis@saske.sk,https://scholar.google.com/citations?user=PGBgF4QAAAAJ&hl=sk&oi=sra,28,,,,,,,,,,,,,,,,
Ján ,Moncoľ,Ján  Moncoľ,NIE,,,UKF,SR,,http://www.kch.fpv.ukf.sk/?q=sk/content/doc-ing-j%C3%A1n-monco%C4%BE-phd,jmoncol@ukf.sk,https://scholar.google.sk/citations?user=YjmLS24AAAAJ&hl=sk,28,,,http://www.kch.fpv.ukf.sk/?q=sk/content/prof-ing-j%C3%A1n-monco%C4%BE-phd,,,,,,,,,,,,,
Peter ,Samuely,Peter  Samuely,NIE,,,SAV,SR,,,,https://scholar.google.com/citations?user=q9915jIAAAAJ&hl=sk,28,,,,,,,,,,,,,,,,
Metod ,Saniga,Metod  Saniga,NIE,,,SAV,SR,,,,https://scholar.google.com.au/citations?user=Mpj-P74AAAAJ&hl=cs,28,,,,,,,,,,,,,,,,
Tomáš,Takáč,Tomáš Takáč,NIE,,,UPOL,ČR,,,,https://scholar.google.com/citations?user=jMfbEOQAAAAJ&hl=en,28,,,cv v https://www.prf.upol.cz/fileadmin/userdata/PrF/Vedecka_rada/MaterialyproVR_6.6.2018.pdf,,,,,,,,,,,,,
Miroslav,Beblavý,Miroslav Beblavý,,,,Sciences Po,Taliansko,,https://beblavy.sk/,,https://scholar.google.sk/citations?user=BmuSyBsAAAAJ&hl=enhcb.secretariat@cern.ch,27,,,,,,,,,,,,,,,,
Pavel,Brunovský,Pavel Brunovský,NIE,,,UK,SR,Matematika,https://fmph.uniba.sk/detail-novinky/back_to_page/fakulta-matematiky-fyziky-a-informatiky-uk/article/zomrel-matematik-prof-pavel-brunovsky/,zomrel v 2018,https://scholar.google.at/citations?hl=en&user=VPS8eMAAAAAJ,27,,,https://danielsevcovic.wixsite.com/kompendiumpb,http://www.iam.fmph.uniba.sk/institute/brunovsky/,https://www.youtube.com/watch?v=JNt127_lRL8,,,,,,,,,,,
Radovan,Bures,Radovan Bures,NIE,,,SAV,SR,,,,https://scholar.google.sk/citations?hl=sk&user=uJ87KdQAAAAJ,27,,,,,,,,,,,,,,,,
Ľuboš,Čipák,Ľuboš Čipák,ANO,,,SAV,SR,,,,https://scholar.google.com/citations?user=b1Y-e0AAAAAJ&hl=sk&oi=sra,27,,,,,,,,,,,,,,,,
Markéta,Derdáková,Markéta Derdáková,NIE,,,SAV,SR,,,,https://scholar.google.co.in/citations?user=gQvUITUAAAAJ&hl=th,27,,,,,,,,,,,,,,,,
Pavel,Diko,Pavel Diko,NIE,,,SAV,SR,Materiálová fyzika,https://www.sav.sk/?lang=sk&doc=user-org-user&user_no=4039&action=cv,dikos@saske.sk,https://scholar.google.com/citations?user=qrjgifsAAAAJ&hl=sk,27,,,,,,,,,,,,,,,,
Martin ,Dovčiak,Martin  Dovčiak,ANO,,,SUNY ESF,USA,,,,https://scholar.google.com/citations?user=VWKAu9EAAAAJ&hl=en,27,,,https://www.esf.edu/efb/dovciak/PDFs/Dovciak-CV-2021-02.pdf,,,,,,,,,,,,,
Eliyahu,Dremencov,Eliyahu Dremencov,NIE,1973,SR+IL,SAV,SR,Neuropsychopharmacology,https://eliyahudremencov.academia.edu/,,https://scholar.google.com/citations?user=4TCFuxYAAAAJ&hl=sk&oi=ao,27,,,https://eliyahudremencov.academia.edu/cv,,,,,,,,,,,,,
Pavol,Ďurana,Pavol Ďurana,NIE,,,UNIZA,SR,,,,https://scholar.google.com/citations?user=C_CcdQgAAAAJ&hl=en&oi=sra,27,,,,,,,,,,,,,,,,
Eleonóra,Feketeová,Eleonóra Feketeová,NIE,,,Rutgers Univ.,USA,Red blood cellsAdhesionTrauma hemorhagic shock,,,https://scholar.google.com/citations?hl=en&user=KcZnwtwAAAAJ,27,,,,,,,,,,,,,,,,
Iveta,Garaiová,Iveta Garaiová,ANO,,,Cultech Ltd.,Veľká Británia,,,,https://scholar.google.com/citations?user=JmOCPugAAAAJ&hl=en,27,,,,,,,,,,,,,,,,
Jaroslav,Hofierka,Jaroslav Hofierka,NIE,,,UPJŠ,SR,,,jaroslav.hofierka@upjs.sk,https://scholar.google.sk/citations?user=P6EpWTAAAAAJ&hl=en,27,,,,,,,,,,,,,,,,
Martin,Hromada,Martin Hromada,NIE,,,UniPO,SR,,,,https://scholar.google.com/citations?hl=sk&user=ZQp5gN4AAAAJ,27,,,,,,,,,,,,,,,,
Pavol,Hvizdoš,Pavol Hvizdoš,ANO,,,SAV,SR,,,,https://scholar.google.sk/citations?hl=en&user=M_hgO24AAAAJ,27,,,,,,,,,,,,,,,,
Peter,Jedlička,Peter Jedlička,ANO,,,Justus Liebig University Giessen,Nemecko,,,,https://scholar.google.com/citations?user=tgIMVDsAAAAJ&hl=en,27,,,,,,,,,,,,,,,,
Stanislav,Jendroľ,Stanislav Jendroľ,NIE,,,UPJŠ,SR,,,,https://scholar.google.sk/citations?hl=sk&user=fp4vT7kAAAAJ,27,,,,,,,,,,,,,,,,
Michal,Juríček,Michal Juríček,ANO,,,U.o.Zurich,Švajčiarsko,,,,https://scholar.google.com/citations?user=A0iacEUAAAAJ&hl=en,27,,,,,,,,,,,,,,,,
Stanislav,Katina,Stanislav Katina,NIE,,,MUNI,ČR,Matematika,https://www.muni.cz/en/people/111465-stanislav-katina/cv,,https://scholar.google.com/citations?user=LKG2mjcAAAAJ&hl=en,27,,,https://www.muni.cz/en/people/111465-stanislav-katina/cv,,,,,,,,,,,,,
Evgeni,Kolomeitsev,Evgeni Kolomeitsev,NIE,1970,Rus?,UMB,SR,,,,https://scholar.google.com/citations?user=_ZcKDX0AAAAJ&hl=en,27,,,https://uniba.sk/fileadmin/ruk/veda/docprof/FMFI_UK/Kolomeytsev/CV.pdf,,,,,,,,,,,,,
Juraj,Koppel,Juraj Koppel,NIE,,,SAV,SR,,,,https://scholar.google.sk/citations?hl=en&user=foH7yY8AAAAJ,27,,,,,,,,,,,,,,,,
Ladislav,Kováč,Ladislav Kováč,ANO,1933,,UK,SR,Cognitive biology,http://www.biocenter.sk/lk.html,kovacl@fns.uniba.sk,https://scholar.google.cz/citations?user=C3X4aOkAAAAJ&hl=en,27,,,http://www.biocenter.sk/lkcv.html,,,,,,,,,,,,,
Milan,Kubiatko,Milan Kubiatko,ANO,,,U. JM Purkyně,ČR,,http://www.kubiatko.eu/,,https://scholar.google.com/citations?user=i4A0dEcAAAAJ&hl=ja,27,,,,,,,,,,,,,,,,
Ľubomír,Lapčík,Ľubomír Lapčík,ANO,,,U. Tomáše Bati,ČR,,,zomrel 2021,https://scholar.google.sk/citations?user=sEA84lgAAAAJ&hl=sk,27,,,https://www.stuba.sk/sk/diani-na-stu/prehlad-aktualit/zomrel-prof.-lapcik-byvaly-prorektor-stu.html?page_id=14122,,,,,,,,,,,,,
Petra,Lukáčik,Petra Lukáčik,,,,Diamond Light Source,Veľká Británia,,,,https://scholar.google.co.uk/citations?user=tXfuMqoAAAAJ&hl=en,27,,,,,,,,,,,,,,,,
Jozef,Markoš,Jozef Markoš,NIE,,,STU,SR,,,,https://scholar.google.com/citations?user=Qz0jQeIAAAAJ&hl=en,27,,,,,,,,,,,,,,,,
Tomáš,Majtán,Tomáš Majtán,ANO,,,Univ.Colorado ,USA,,http://tomasmajtan.byethost10.com/?i=1,,https://scholar.google.com/citations?user=t2BkJrAAAAAJ&hl=en,27,,,,,,,,,,,,,,,,
Marián,Masár,Marián Masár,NIE,,,UK,SR,Analytická chémia,,marian.masar@uniba.sk,https://scholar.google.sk/citations?hl=en&user=ZM-iyocAAAAJ,27,,,,,,,,,,,,,,,,
Vladimír,Mišík,Vladimír Mišík,NIE,,,LongTaal,SR,,,,https://scholar.google.com/citations?user=gTt26boAAAAJ&hl=sk&oi=sra,27,,,,,,,,,,,,,,,,
Roman,Nedela,Roman Nedela,NIE,,,SAV,SR,,,,https://scholar.google.com/citations?hl=en&user=VBMC6YkAAAAJ,27,,,,,,,,,,,,,,,,
Pavel,Novák,Pavel Novák,NIE,,,Imperial College London,UK,,,,https://scholar.google.com/citations?hl=en&user=0Ehm4doAAAAJ,27,,,,,,,,,,,,,,,,
Martin ,Péč,Martin  Péč,NIE,,,UK,SR,,,,https://scholar.google.com/citations?hl=sk&user=Pcaa08oAAAAJ,27,,,,,,,,,,,,,,,,
František,Petrovič,František Petrovič,NIE,,,UKF,SR,,,,https://scholar.google.com/citations?user=yB3__CYAAAAJ&hl=sk&oi=sra,27,,,,,,,,,,,,,,,,
Daniela,Reháková,Daniela Reháková,NIE,,,UK,SR,,,,https://scholar.google.com/citations?user=fiMoOVsAAAAJ&hl=sk&oi=ao,27,,,,,,,,,,,,,,,,
Karel,Saksl,Karel Saksl,NIE,,,SAV,SR,,,,https://scholar.google.sk/citations?hl=en&user=ONSzCicAAAAJ,27,,,,,,,,,,,,,,,,
Erik,Sedlák,Erik Sedlák,NIE,,,UPJŠ,SR,,,,https://scholar.google.sk/citations?hl=en&user=SZUePTcAAAAJ,27,https://www.semanticscholar.org/author/A.-Sta%C5%A1ko/4602555,,,,,,,,,,,,,,,
Andrej,Staško,Andrej Staško,NIE,,,STU,SR,"bioinformatics, algorithms, probabilistic modeling",,andrej.stasko@stuba.sk,profil zrušený,27,,,,,,,,,,,,,,,,
Tomáš,Szemes,Tomáš Szemes,ANO,,,UK,SR,genomika,,,https://scholar.google.com/citations?hl=sk&user=DrkNZcIAAAAJ,27,,,,,,,,,,,,,,,,
Jozef,Šibík,Jozef Šibík,NIE,,,SAV,SR,,, ,https://scholar.google.sk/citations?user=ZjVs5VQAAAAJ&hl=sk,27,,,,,,,,,,,,,,,,
Ľubomír ,Valík,Ľubomír  Valík,NIE,,,STU,SR,,,,https://scholar.google.sk/citations?user=yPq9oHEAAAAJ&hl=sk,27,,,,,,,,,,,,,,,,
Ladislav,Valkovič,Ladislav Valkovič,ANO,,,Oxford+SAV,SR+ Veľká Británia,,,,https://scholar.google.com/citations?user=4EkIA-MAAAAJ&hl=sk,27,,,,,,,,,,,,,,,,
Alica,Vikartovská Welwardová,Alica Vikartovská Welwardová,NIE,,,SAV,SR,,,,https://scholar.google.com/citations?user=QYh0LjUAAAAJ&hl=en,27,,,,,,,,,,,,,,,,
Lukáš,Vlček,Lukáš Vlček,NIE,,?,U. of Tennesee,USA,,,,https://scholar.google.com/citations?user=RuGSDr8AAAAJ&hl=en,27,,,https://www.ornl.gov/sites/default/files/vlcek_CV_2014_6_18.pdf,,,,,,,,,,,,,
Martin,Weis,Martin Weis,NIE,,,STU,SR,,,,https://scholar.google.com/citations?hl=en&user=_bzEB-4AAAAJ,27,,,,,,,,,,,,,,,,
Michal,Zajaček,Michal Zajaček,ANO,1988 Malacky,SR,MU,ČR,,,,https://scholar.google.com/citations?user=z3JOfd0AAAAJ&hl=sk,27,,,file:///home/jana/Downloads/cv_aug_2021.pdf,https://dennikn.sk/2644312/vdaka-dalekohladu-jamesa-webba-lepsie-spozname-samych-seba-pojdeme-az-k-svojim-prvopociatkom-vravi-astrofyzik-zajacek/?ref=list,,,,,,,,,,,,
Roman,Aubrecht,Roman Aubrecht,NIE,,,UK,SR,,,,https://scholar.google.com/citations?user=4rvUbloAAAAJ&hl=sk,26,,,https://geopaleo.sk/aubrecht-roman/aubrecht-roman-cv/,,,,,,,,,,,,,
Broňa,Brejová,Broňa Brejová,NIE,,,UK,SR,,,,https://scholar.google.at/citations?hl=en&user=x1njSukAAAAJ,26,,,,,,,,,,,,,,,,
Katarína,Cechlárová,Katarína Cechlárová,NIE,,,UPJŠ,SR,Matematika,https://www.upjs.sk/PF/zamestnanec/katarina.cechlarova/,katarina.cechlarova@upjs.sk,https://scholar.google.com/citations?user=z2En2GYAAAAJ&hl=en&oi=ao,26,,,,,,,,,,,,,,,,
Michal,Cifra,Michal Cifra,ANO,1983,SK,ČVUT,ČR,,http://www.ufe.cz/en/michal-cifra,cifra@ufe.cz,https://scholar.google.com/citations?user=rg7MoCEAAAAJ&hl=en,26,,,http://www.bioelectrochemical-soc.org/files/2019/CV_Cifra-CV.pdf,,,,,,,,,,,,,
Klaudia,Cobanová BoldižarováKlaudia Cobanová Boldižarová,Klaudia Cobanová BoldižarováKlaudia Cobanová Boldižarová,NIE,,,SAV,SR,,,,https://scholar.google.sk/citations?hl=en&user=Z13RmxUAAAAJ,26,,,,,,,,,,,,,,,,
Ján,Dvorský,Ján Dvorský,NIE,,,Uniza,SR,,,,https://scholar.google.com/citations?user=N-TQygcAAAAJ&hl=sk&oi=ao,26,,,,,,,,,,,,,,,,
Dagmar,Gregušová,Dagmar Gregušová,NIE,,,SAV,SR,,,,https://scholar.google.com/citations?user=hZxyOCIAAAAJ&hl=sk,26,,,,,,,,,,,,,,,,
Marta,Harničárová,Marta Harničárová,NIE,,,Uniag,SR,,,,https://scholar.google.com/citations?user=J2FiTawAAAAJ&hl=sk&oi=sra,26,,,,,,,,,,,,,,,,
Katarína,Havasiová-Reiterová,Katarína Havasiová-Reiterová,NIE,,,SAV,SR,,,,https://scholar.google.sk/citations?user=upinpIgAAAAJ&hl=sk,26,,,,,,,,,,,,,,,,
Jozef,Hók,Jozef Hók,NIE,,,UK,SR,,,,https://scholar.google.be/citations?user=tJ3iFO8AAAAJ&hl=nl,26,,,,,,,,,,,,,,,,
Daniel,Jablonski,Daniel Jablonski,NIE,,,UK,SR,,,,https://scholar.google.cz/citations?user=TBODjDkAAAAJ&hl=cs,26,,,,,,,,,,,,,,,,
Jozef,Janovec,Jozef Janovec,NIE,,,STU,SR,,,,https://scholar.google.com/citations?user=Ki2R5xYAAAAJ&hl=en,26,,,,,,,,,,,,,,,,
Peter ,Jarčuška,Peter Jarčuška,NIE,,,UPJS,SR,,,,https://scholar.google.co.uk/citations?user=b3RU-EQAAAAJ&hl=sk,26,,,,,,,,,,,,,,,,
Matej ,Jergel,Matej  Jergel,NIE,,,SAV,SR,,,,https://scholar.google.sk/citations?hl=en&user=grL5kFcAAAAJ,26,,,,,,,,,,,,,,,,
Karol,Kalna,Karol Kalna,NIE,1965,,Swansea U.,Veľká Británia,,,,https://scholar.google.co.th/citations?hl=en&user=0XlS1ZQAAAAJ,26,,,https://engweb.swan.ac.uk/~karolkalna/cv.html,,,,,,,,,,,,,
Erik,Klein ,Erik Klein,NIE,,,STU,SR,,,,https://scholar.google.com/citations?user=zq-MRnQAAAAJ&hl=sk&oi=sra,26,,,,,,,,,,,,,,,,
Jakub,Konečný,Jakub Konečný,NIE,,,Google,USA,,,,https://scholar.google.com/citations?hl=en&user=4vq7eXQAAAAJ,26,,,,,,,,,,,,,,,,
Juraj,Kopáček,Juraj Kopáček,NIE,,,SAV,SR,,,,https://scholar.google.com/citations?user=2ucCJOcAAAAJ&hl=sk&oi=sra,26,,,,,,,,,,,,,,,,
Peter,Markoš,Peter Markoš,NIE,,,SAV,SR,,,,https://scholar.google.at/citations?hl=en&user=NKyxb9sAAAAJ,26,,,,,,,,,,,,,,,,
Peter,Mašán,Peter Mašán,NIE,,,SAV,SR,zoológia,,,https://scholar.google.com/citations?user=VPHjmcwAAAAJ&hl=en&oi=ao,26,,,,,,,,,,,,,,,,
Jozef,Minár,Jozef Minár,NIE,,,UK,SR,,,,https://scholar.google.at/citations?hl=en&user=lKy1Jk0AAAAJ,26,,,,,,,,,,,,,,,,
Ondrej,Mitáš,Ondrej Mitáš,NIE,,,BUAS,Holandsko,Leisuretourismaginghappinessemotions,https://pure.buas.nl/en/persons/ondrej-mitas,,https://scholar.google.com/citations?user=8acrEiQAAAAJ&hl=sk&oi=ao,26,,,,,,,,,,,,,,,,
Vladimír,Modrák,Vladimír Modrák,,,,TUKE,SR,,,,https://scholar.google.sk/citations?user=2nalb9sAAAAJ&hl=sk,26,,,,,,,,,,,,,,,,
Jana,Muchová,Jana Muchová,,,,UK,SR,,,,https://scholar.google.com/citations?user=7S-SPaYAAAAJ&hl=sk,26,,,https://uniba.sk/fileadmin/ruk/veda/docprof/JLF_UK/Muchova/5_Inauguracia_Zivotopis_Muchova-fin.pdf,,,,,,,,,,,,,
Ivan,Nemec,Ivan Nemec,NIE,,,"UPOL, CEITEC",ČR,,,,https://scholar.google.sk/citations?user=RhdI8XMAAAAJ&hl=sk,26,,,https://molmagin.weebly.com/,http://spectroscopy.ceitec.cz/cv-ivan-nemec/,,,,,,,,,,,,
Pavol,Stekauer,Pavol Stekauer,NIE,,,UPJŠ,SR,,,,https://scholar.google.sk/citations?hl=en&user=z6qVSvkAAAAJ,26,,,,,,,,,,,,,,,,
Zdena,Sulová,Zdena Sulová,NIE,,,SAV,SR,,,,https://scholar.google.sk/citations?user=4ro-SiMAAAAJ&hl=sk,26,,,,,,,,,,,,,,,,
Peter ,Šiffalovič,Peter  Šiffalovič,ANO,,,SAV,SR,,,,https://scholar.google.com/citations?user=_-KOEeQAAAAJ&hl=en,26,,,,,,,,,,,,,,,,
Matej,Škorvánek,Matej Škorvánek,NIE,,,UPJŠ,SR,,,,https://scholar.google.com/citations?user=bXFA1iIAAAAJ&hl=sk,30,,,,,,,,,,,,,,,,
Nadežda,Števulová,Nadežda Števulová,NIE,,,TUKE,SR,,,,https://scholar.google.com/citations?user=abXv2hAAAAAJ&hl=en,27,,,,,,,,,,,,,,,,
Ivan,Tkáč,Ivan Tkáč,NIE,,,UPJŠ,SR,,,,https://scholar.google.sk/citations?user=KHA7WEEAAAAJ&hl=en,26,,,,,,,,,,,,,,,,
Zuzana,Tóthová,Zuzana Tóthová,NIE,,,"Dana-Farber Cancer Institute, Broad Institute",USA,,,,https://scholar.google.com/citations?hl=en&user=KWn8lfcAAAAJ,26,,,,,,,,,,,,,,,,
Peter,Valkovič,Peter Valkovič,NIE,,,UK,SR,,,,https://scholar.google.com/citations?user=dSJ4L8oAAAAJ&hl=sk,26,,,https://uniba.sk/fileadmin/ruk/veda/docprof/LF_UK/Valkovic/14_doc._Valkovic_-_zivotopis__2_.pdf,,,,,,,,,,,,,
Štefan,Zbýň,Štefan Zbýň,NIE,,,University of Minnesota,USA,,,,https://scholar.google.com/citations?user=1fP37kcAAAAJ&hl=en,26,,,https://www.cmrr.umn.edu/facultystaff/szbyn/,,,,,,,,,,,,,
Andrea,Adamčáková-Dodd,Andrea Adamčáková-Dodd,NIE,,,Uni of Iowa,USA,,,,https://scholar.google.com/citations?hl=en&user=HFBeDt0AAAAJ,25,,,https://www.linkedin.com/in/andrea-adamcakova-dodd-2ba9a585/,,,,,,,,,,,,,
Michal,Bajcsy,Michal Bajcsy,NIE,1978,,U o Waterloo,Kanada,,,mbajcsy@uwaterloo.ca,https://scholar.google.com/citations?hl=en&user=1YtU4sQAAAAJ,25,,,https://npqo.weebly.com/professor.html,https://sk.wikipedia.org/wiki/J%C3%BAlius_Bajcsy,,,,,,,,,,,,
Štefan,Baláž,Štefan Baláž,NIE,,,Albany College of Pharmacy and Health Sciences,USA,,,,https://scholar.google.com/citations?user=BEGxTgQAAAAJ&hl=en,25,,,https://absolventi.uniba.sk/searchTop.do;jsessionid=CBA54FFEEE796B5293465CD30DAFD4AB.node-absolventi-int-app5,,,,,,,,,,,,,
Július,Benický,Július Benický,NIE,,,Georgetown University,USA, ,,chemtobe@savba.sk,https://scholar.google.com/citations?hl=en&user=aGFPdZ4AAAAJ,25,,,https://www.linkedin.com/in/julius-benicky-33446920/,,,,,,,,,,,,,
Pavol,Božek,Pavol Božek,ANO,,,STU,SR,,,,https://scholar.google.com/citations?hl=en&user=NLr0Qn8AAAAJ,25,,,,,,,,,,,,,,,,
Juraj,Farkaš,Juraj Farkaš,NIE,,,U. of Adelaide,Austrália,Earth sciences,https://www.adelaide.edu.au/directory/juraj.farkas,juraj.farkas@adelaide.edu.au,https://scholar.google.com/citations?user=JRe8kNQAAAAJ&hl=sk&oi=ao,25,,,,,,,,,,,,,,,,
Milan,Fedurco,Milan Fedurco,NIE,,,Venturilab,Švajčiarsko,,,,https://scholar.google.com/citations?user=ji7cc38AAAAJ&hl=en&oi=ao,25,,,,https://www.milanfedurco.com/,,,,,,,,,,,,
Milan,Gaff,Milan Gaff,NIE,,,TUZvo,SR,,,,https://scholar.google.co.th/citations?hl=en&user=X-AtK3kAAAAJ,25,,,,,,,,,,,,,,,,
Adrian,Galad,Adrian Galad,NIE,,,UK,SR,,,,https://scholar.google.at/citations?hl=en&user=ykDEhvYAAAAJ,25,,,,,,,,,,,,,,,,
Michal,Galamboš,Michal Galamboš,NIE,,,UK,SR,,,,https://scholar.google.sk/citations?hl=en&user=gSVI5zIAAAAJ,25,,,https://uniba.sk/fileadmin/ruk/veda/docprof/PriF_UK/GALAMBOS-prof/CV_Galambos.pdf,,,,,,,,,,,,,
Martin,Hajduch,Martin Hajduch,NIE,,,SAV,SR,,,,https://scholar.google.sk/citations?user=8g_z12cAAAAJ&hl=sk,25,,,,,,,,,,,,,,,,
Marián,Halás,Marián Halás,NIE,,,UPOL,ČR,human geographyregional geography,https://geography.upol.cz/marian-halas,,https://scholar.google.com/citations?user=0XV6ISYAAAAJ&hl=en&oi=ao,25,,,,,,,,,,,,,,,,
Ivan,Hapala,Ivan Hapala,NIE,,,SAV,SR,,,,https://scholar.google.sk/citations?user=rdJIXkYAAAAJ&hl=sk,25,,,https://www.sav.sk/?lang=sk&doc=services-news&source_no=20&news_no=10113,,,,,,,,,,,,,
Elena,Horská,Elena Horská,NIE,,,SPU,SR,,,,https://scholar.google.com/citations?hl=en&user=yZ3y_yEAAAAJ,25,,,,,,,,,,,,,,,,
Daniela,Hudecová,Daniela Hudecová,NIE,,,STU,SR,,, ,https://scholar.google.sk/citations?user=O9AQ-2QAAAAJ&hl=sk,25,,,,,,,,,,,,,,,,
Michal,Chovanec,Michal Chovanec,NIE,,,UK,SR,,,,https://scholar.google.com/citations?user=jeOqaAIAAAAJ&hl=en&oi=ao,25,,,,,,,,,,,,,,,,
Elena ,Jakubíková,Elena Jakubíková,NIE,,SK,NCSU,USA,Chémia,https://chemistry.sciences.ncsu.edu/people/ejakubi/,ejakubi@ncsu.edu,https://scholar.google.com/citations?hl=en&user=kZbzbrcAAAAJ,25,,,https://jakubikova.wordpress.ncsu.edu/,,,,,,,,,,,,,
Dušan,Janičkovič,Dušan Janičkovič,NIE,,,SAV,SR,,,,https://scholar.google.com/citations?user=-ZVZ_VMAAAAJ&hl=en,25,,,,,,,,,,,,,,,,
David,Jandzik,David Jandzik,ANO,,,Colorado Boulder,USA,,,,https://scholar.google.com/citations?user=FEGLfD8AAAAJ&hl=en,25,,,,,,,,,,,,,,,,
Viliam,Kolivoška,Viliam Kolivoška,NIE,,SR,AV ČR,ČR,physical chemistryelectrochemistryenvironmental science3D printing,,viliam.kolivoska@jh-inst.cas.cz,https://scholar.google.com/citations?user=uDKf3OgAAAAJ&hl=sk&oi=ao,25,,,https://cz.linkedin.com/in/viliam-kolivoska-91aa8b31,,,,,,,,,,,,,
Bohdan,Konôpka,Bohdan Konôpka,NIE,,,NLC,SR,,,,https://scholar.google.sk/citations?user=qkb2XDQAAAAJ&hl=sk,25,,,,,,,,,,,,,,,,
Martin,Kostolný,Martin Kostolný,NIE,,SK,gosh.nhs.uk,Spojené kráľovstvo,Paediatric heart surgery,,,https://scholar.google.com/citations?user=qroK96gAAAAJ&hl=sk&oi=sra,25,,,https://www.ctsnet.org/home/mkostolny,,,,,,,,,,,,,
Lucia,Kraková,Lucia Kraková,,,,SAV,SR,,,,https://scholar.google.com/citations?hl=en&user=GLJgZWYAAAAJ,25,,,,,,,,,,,,,,,,
Juraj,Krempaský,Juraj Krempaský,ANO,,,Paul Scherrer Institut,Švajčiarsko,,,,https://scholar.google.co.th/citations?hl=en&user=QqG8VRIAAAAJ,25,,,,,,,,,,,,,,,,
Štefan,Lyócsa,Štefan Lyócsa,NIE,,,Unipo,SR,,,,https://scholar.google.com/citations?user=bi9LVAEAAAAJ&hl=en,25,,,https://uniba.sk/fileadmin/ruk/veda/docprof/FM_UK/2019_Lyocsa/CV_Lyocsa.pdf,,,,,,,,,,,,,
Ladislav,Macho,Ladislav Macho,NIE,1930,SK,SAV,SR,endikrinológia,https://www.learned.sk/mudr-ladislav-macho-drsc/,ladislav.macho@savba.sk,https://scholar.google.com/citations?user=idkUpnQAAAAJ&hl=sk&oi=ao,25,,,https://www.osobnosti.sk/osobnost/ladislav-macho-673,https://www.learned.sk/mudr-ladislav-macho-drsc/,,,,,,,,,,,,
František,Máliš,František Máliš,ANO,,,TUZVO,SR,,,,https://scholar.google.sk/citations?user=jlfY3-EAAAAJ&hl=en,26,,,,,,,,,,,,,,,,
Mária,Mareková,Mária Mareková,NIE,,,UPJŠ,SR,klinická biochémiabiomarkery,,,https://scholar.google.com/citations?user=69Kz-rsAAAAJ&hl=sk&oi=ao,25,,,,,,,,,,,,,,,,
Ján,Maťaš,Ján Maťaš,NIE,,,ENS Lyon,Francúzsko,,http://janmatas.com/,,https://scholar.google.com/citations?hl=sk&user=1U8dUXQAAAAJ,25,,,https://www.linkedin.com/in/jan-matas-0a825164/details/skills/,,,,,,,,,,,,,
Miroslava,Matušková,Miroslava Matušková,NIE,,,SAV,SR,,,,https://scholar.google.com/citations?user=9mdxGSAAAAAJ&hl=sk,25,,,,,,,,,,,,,,,,
Peter,Mojzeš,Peter Mojzeš,NIE,,,KU,ČR,,,,https://scholar.google.cz/citations?user=tBmHzK8AAAAJ&hl=cs,25,,,,,,,,,,,,,,,,
Ferdinand,Molnár,Ferdinand Molnár,NIE,,,Nazarbayev U.,Kazachstan,,,,https://scholar.google.co.jp/citations?hl=en&user=x2P9HWwAAAAJ,25,,,https://kz.linkedin.com/in/ferdinand-moln%C3%A1r-b8a6485,,,,,,,,,,,,,
Peter,Múčka,Peter Múčka,NIE,,,SAV,SR,,,,https://scholar.google.sk/citations?hl=sk&user=wwDPm88AAAAJ,25,,,,,,,,,,,,,,,,
Daniel,Nagaj,Daniel Nagaj,NIE,,,SAV,SR,,,,https://scholar.google.sk/citations?hl=en&user=-PqZMbAAAAAJ,25,,,http://www.quantum.physics.sk/people/nagaj/profil/nagaj_cv1301.pdf,,,,,,,,,,,,,
Anton,Popelka,Anton Popelka,NIE,,,U.o.Quatar,Katar,,,,https://scholar.google.com/citations?user=u3PxQ7sAAAAJ&hl=en,25,,,http://www.qu.edu.qa/file_source/qu/Faculty%20and%20Staff/images/Dr.%20Anton%20Popelka.pdf,,,,,,,,,,,,,
Vladimír,Šebeň,Vladimír Šebeň,NIE,,,NLC,SR,,,,https://scholar.google.sk/citations?user=ZrtEznoAAAAJ&hl=en,25,,,,,,,,,,,,,,,,
Milan ,Ťapajna,Milan  Ťapajna,NIE,,,SAV,SR,,,,https://scholar.google.com/citations?user=YtYFXkwAAAAJ&hl=sk,25,,,,,,,,,,,,,,,,
Peter,Tatarko,Peter Tatarko,NIE,,,SAV,SR,,,,https://scholar.google.cz/citations?user=DCSG2TsAAAAJ&hl=en,25,,,,,,,,,,,,,,,,
Anton,Trník,Anton Trník,NIE,,,UKF,SR,,,,https://scholar.google.co.th/citations?hl=en&user=qF7q6GYAAAAJ,25,,,,,,,,,,,,,,,,
Patrik,Vagovič,Patrik Vagovič,NIE,,,"CFEL, DESY",Nemecko,,,,https://scholar.google.sk/citations?user=dVt_WqkAAAAJ&hl=sk,25,,,,,,,,,,,,,,,,
Zora,Váradyová,Zora Váradyová,NIE,,,SAV,SR,,,,https://scholar.google.sk/citations?user=nLDQAIQAAAAJ&hl=sk,25,,,,,,,,,,,,,,,,
Ján,Vančo,Ján Vančo,NIE,,,UPOL ,ČR,bioinorganic chemistrymedicinal chemistry,https://www.rcptm.com/about/personnel/jan-vanco/,jan.vanco@upol.cz,https://scholar.google.com/citations?hl=en&user=O0nlo6sAAAAJ,25,,,,,,,,,,,,,,,,
Anna,Záhoranová,Anna Záhoranová,NIE,,,UK,SR,,,,https://scholar.google.com/citations?user=JltUYicAAAAJ&hl=ja,25,,,,,,,,,,,,,,,,
,,,NIE,,,,,,,,,,,,,,,,,,,,,,,,,
,, ,NIE,,,,,,,,,24,,,,,,,,,,,,,,,,
Marcela,Achimovičová,Marcela Achimovičová,NIE,,,SAV,SR,,,,https://scholar.google.sk/citations?hl=sk&user=71riAb4AAAAJ,24,,,,,,,,,,,,,,,,
Július,Árvay,Július Árvay,NIE,,,UNIAG,SR,,,,https://scholar.google.com/citations?user=4hgF23MAAAAJ&hl=en&oi=sra,24,,,,,,,,,,,,,,,,
Melania,Babincová,Melania Babincová,NIE,,,UK,SR,,,,https://scholar.google.at/citations?hl=en&user=_K9wJYQAAAAJ,24,,,,,,,,,,,,,,,,
Ján,Bakoš,Ján Bakoš,NIE,,,SAV,SR,,,,https://scholar.google.com/citations?user=CJ4HUiEAAAAJ&hl=en,24,,,,,,,,,,,,,,,,
Richard,Balog,Richard Balog,NIE,,,Aarhus University,Dánsko,,,,https://scholar.google.com/citations?hl=en&user=xSJAvTkAAAAJ,24,,,"Absolventi Uniba Mgr 2000, PhD 2005",,,,,,,,,,,,,
,,,NIE,,,,,,,,,,,,,,,,,,,,,,,,,
Martin,Breza,Martin Breza,NIE,,,STU,SR,,,,https://scholar.google.sk/citations?user=rMF2qV8AAAAJ&hl=sk,24,,,,,,,,,,,,,,,,
Ján,Budaj,Ján Budaj,NIE,1965,SR,SAV,SR,astronomyastrophysics,,,https://scholar.google.cz/citations?user=DWYbnMgAAAAJ&hl=cs,24,,,https://www.ta3.sk/~budaj/,,,,,,,,,,,,,
Peter,Butko,Peter Butko,NIE,,,Nagoya Uni,Japonsko,,,,https://scholar.google.com/citations?user=dosPhd8AAAAJ&hl=sk&oi=ao,24,,,https://www.linkedin.com/in/peter-butko-05762544/,,,,,,,,,,,,,
Zuzana,Ciesarová,Zuzana Ciesarová,NIE,,,NPPC,SR,,,,https://scholar.google.com/citations?user=BkSFEjAAAAAJ&hl=sk&oi=sra,24,,,,,,,,,,,,,,,,
Ľubomír,Dorčák,Ľubomír Dorčák,NIE,,,TUKE,SR,,,,https://scholar.google.sk/citations?user=TOOVN1cAAAAJ&hl=en,24,,,,,,,,,,,,,,,,
Mária,Fáberová,Mária Fáberová,NIE,,,SAV ,SR,,,,https://scholar.google.com/citations?hl=en&user=kQEV-fsAAAAJ,24,,,,,,,,,,,,,,,,
Alexander,Fehér,Alexander Fehér,NIE,,,UPJŠ,SR,,,,https://scholar.google.com/citations?user=qRz6vqwAAAAJ&hl=sk,24,,,https://www.learned.sk/wp-content/uploads/2020/02/Zivotopis_2020_-Feher.pdf,,,,,,,,,,,,,
Miroslav,Fikar,Miroslav Fikar,NIE,,,STU,SR,,,,https://scholar.google.com/citations?user=OwXAwkkAAAAJ&hl=en,24,,,,,,,,,,,,,,,,
Zuzana ,Fungáčová,Zuzana Fungáčová,NIE,,,Bank of Finland,Fínsko,,,,https://scholar.google.fi/citations?user=uojqXNMAAAAJ&hl=fi,24,,,,,,,,,,,,,,,,
Vladimír,Girman,Vladimír Girman,NIE,,,UPJŠ,SR,,,,https://scholar.google.com/citations?user=fquRDGgAAAAJ&hl=en,24,,,,,,,,,,,,,,,,
Erika,Godočíková Dutková,Erika Godočíková Dutková,,,,SAV,SR,,,,https://scholar.google.sk/citations?hl=sk&user=YZw4KXQAAAAJ,24,,,,,,,,,,,,,,,,
,,,,,,,,,,,,,,,,,,,,,,,,,,,,
Ľuboš,Halada,Ľuboš Halada,NIE,,,SAV,SR,,,,https://scholar.google.co.th/citations?hl=en&user=-haN0rgAAAAJ,24,,,,,,,,,,,,,,,,
Iveta,Herichová,Iveta Herichová,NIE,1971,,UK,SR,,,,https://scholar.google.sk/citations?user=VUrs8BMAAAAJ&hl=sk,24,,,https://uniba.sk/fileadmin/ruk/veda/docprof/PriF_UK/HERICHOVA-prof/CV_Herichova.pdf,,,,,,,,,,,,,
Edgar,Hiller,Edgar Hiller,NIE,,,UK,SR,,,,https://scholar.google.com/citations?user=CYwjCkoAAAAJ&hl=en,24,,,https://uniba.sk/fileadmin/ruk/veda/docprof/PriF_UK/HILLER/CV_Hiller.pdf,,,,,,,,,,,,,
Milan ,Hrabovský,Milan Hrabovský,NIE,,,AV ČR,ČR,,,,https://scholar.google.com/citations?user=ghBJ53cAAAAJ&hl=sk&oi=ao,24,,,https://prabook.com/web/milan.hrabovsky/414022,,,,,,,,,,,,,
Magdaléna,Hromadová,Magdaléna Hromadová,NIE,,,AV  ČR,ČR,elektrochemie,https://www.jh-inst.cas.cz/jh_employee/hromadova,,https://scholar.google.com/citations?user=0Exqu2kAAAAJ&hl=sk&oi=ao,24,,,"nar. Piešťany, UniBa",https://cz.linkedin.com/in/magdalena-hromadova-1189125b,,,,,,,,,,,,
Ladislav,Hluchý,Ladislav Hluchý,,,,SAV,SR,,,,https://scholar.google.com/citations?user=S6WypFcAAAAJ&hl=en,24,,,,,,,,,,,,,,,,
Matúš,Hyžný,Matúš Hyžný,NIE,,,UK,SR,,,,https://scholar.google.com/citations?user=zuayXGcAAAAJ&hl=en,24,,,,,,,,,,,,,,,,
Helena,Kanďárová,Helena Kanďárová,NIE,,,SAV,SR,,,,https://scholar.google.sk/citations?user=TnfxiMsAAAAJ&hl=en,24,,,,,,,,,,,,,,,,
Zuzana,Kasanová,Zuzana Kasanová,NIE,,,KU Leuven,Belgicko,,,,https://scholar.google.com/citations?user=8e3ZlsMAAAAJ&hl=en,24,,,,,,,,,,,,,,,,
Jaroslav,Katrlík,Jaroslav Katrlík,NIE,,,SAV,SR,,,,https://scholar.google.sk/citations?hl=en&user=k0O7iD0AAAAJ,24,,,,,,,,,,,,,,,,
Svetlana,Kišidayová,Svetlana Kišidayová,NIE,,,SAV,SR,,,,https://scholar.google.sk/citations?hl=sk&user=QkzWfOUAAAAJ,24,,,,,,,,,,,,,,,,
Ján,Kliman,Ján Kliman,NIE,,,SAV,SR,jadrová fyzika,,,https://scholar.google.com/citations?user=mKRpreQAAAAJ&hl=en&oi=ao,24,,,,,,,,,,,,,,,,
Ján,Klimas,Ján Klimas,NIE,,,UBC,Kanada,,https://janklimas.com/,,https://scholar.google.com/citations?user=iHXbGkkAAAAJ&hl=en,24,,,https://www.ul.ie/research/mr-jan-klimas,https://ubc.academia.edu/janklimas,,,,,,,,,,,,
Ľubomír,Kováč,Ľubomír Kováč,NIE,,,UPJŠ,SR,,,,https://scholar.google.com/citations?hl=en&user=l19fos4AAAAJ,24,,,,,,,,,,,,,,,,
Alexandra,Kovalčíková,Alexandra Kovalčíková,NIE,,,SAV,SR,,,,https://scholar.google.sk/citations?hl=sk&user=WNJ3hdMAAAAJ,24,,,,,,,,,,,,,,,,
Milan,Králik,Milan Králik,NIE,,,STU,SR,,,,https://scholar.google.com/citations?user=5gOGFQMAAAAJ&hl=en&oi=ao,24,,,,,,,,,,,,,,,,
Miloš,Kravčík,Miloš Kravčík,NIE,,,DFKI,Nemecko,,,,https://scholar.google.com/citations?user=gtiaIO8AAAAJ&hl=en,24,,,,,,,,,,,,,,,,
Egon,Kurča,Egon Kurča,,,,UK,SR,,,,https://scholar.google.sk/citations?user=8psaCfUAAAAJ&hl=sk,24,,,,,,,,,,,,,,,,
Zora,Lasabová,Zora Lasabová,NIE,,,UK,SR,,,,https://scholar.google.com/citations?user=4-b_CQgAAAAJ&hl=sk,24,,,,,,,,,,,,,,,,
Juraj,Lieskovský,Juraj Lieskovský,NIE,,,SAV,SR,,,,https://scholar.google.com/citations?hl=en&user=r5ACMHIAAAAJ,24,,,,,,,,,,,,,,,,
Sivia,Lorincová,Sivia Lorincová,NIE,,,TUZVO,SR,,,,https://scholar.google.com/citations?hl=sk&user=L4-4Tm0AAAAJ,24,,,,,,,,,,,,,,,,
Štefan ,Luby,Štefan  Luby,NIE,,,SAV,SR,,,,https://scholar.google.com/citations?user=SUKBulUAAAAJ&hl=en,24,,,,,,,,,,,,,,,,
Norbert,Lukáč,Norbert Lukáč,NIE,,,SPU,SR,,,,https://scholar.google.com/citations?hl=en&user=LfxMh5gAAAAJ,24,,,,,,,,,,,,,,,,
Lucia,Machová Urdzíková,Lucia Machová Urdzíková,NIE,,,AV ČR,ČR,,,,https://scholar.google.com/citations?user=nexB68cAAAAJ&hl=sk&oi=sra,24,,,,,,,,,,,,,,,,
Pavol,Mártonfi,Pavol Mártonfi,NIE,,,UPJS,SR,,,,https://scholar.google.com/citations?user=0riS5dcAAAAJ&hl=sk&oi=sra,24,,,,,,,,,,,,,,,,
Ildikó,Matušíková,Ildikó Matušíková,NIE,,,UCM,SR,,,,https://scholar.google.cz/citations?user=9DEXDL0AAAAJ&hl=en,24,,,,,,,,,,,,,,,,
Jozef,Novák Marcinčin,Jozef Novák Marcinčin,NIE,,,TUKE,SR,,,,https://scholar.google.fr/citations?user=KfHxYcIAAAAJ&hl=en,24, ,,,,,,,,,,,,,,,
Ján,Merganič,Ján Merganič,NIE,,,TUZVO,SR,,,,https://scholar.google.com/citations?hl=sk&user=rNT5beQAAAAJ,24,,,,,,,,,,,,,,,,
Ján,Morovič,Ján Morovič,NIE,1945,SK,hp.com,SR,,,,https://scholar.google.com/citations?user=BVmnUEMAAAAJ&hl=sk&oi=ao,24,Sivia,Lorincová,Sivia Lorincová,,,,,TUZVO,SR,,,,https://scholar.google.com/citations?hl=sk&user=L4-4Tm0AAAAJ,24,,
Gabriela ,Nosáľová,Gabriela  Nosáľová,NIE,,,UK,SR,,,,https://scholar.google.com/citations?user=EW5XLicAAAAJ&hl=sk,24,Štefan ,Luby,Štefan  Luby,,,,,SAV,SR,,,,https://scholar.google.com/citations?user=SUKBulUAAAAJ&hl=en,24,,
Jan,Ondrus,Jan Ondrus,NIE,,????? Švajčiar?,ESSEC,Singapur,,https://faculty.essec.edu/en/cv/en-ondrus-jan/,ondrus@essec.edu,https://scholar.google.com/citations?user=nlFH5o4AAAAJ,24,Norbert,Lukáč,Norbert Lukáč,,,,,SPU,SR,,,,https://scholar.google.com/citations?hl=en&user=LfxMh5gAAAAJ,24,,
Ján,Piteľ,Ján Piteľ,NIE,,,TUKE,SR,,,,https://scholar.google.com/citations?hl=en&user=HE9yPygAAAAJ,24,,,,,,,,,,,,,,,,
Ivan,Sarmány-Schuller,Ivan Sarmány-Schuller ,NIE,,,SAV,SR,kognitívna psychológia,,,https://scholar.google.co.th/citations?hl=en&user=KR0lYYQAAAAJ,24,,,,,,,,,,,,,,,,
Marian,Sedlák,Marian Sedlák,NIE,,,SAV,SR,,,,https://scholar.google.com/citations?user=bVfVuBwAAAAJ&hl=en,24,,,,,,,,,,,,,,,,
Marek ,Schwendt,Marek Schwendt,NIE,,,UFL,USA,,,,https://scholar.google.com/citations?user=qF9MEBMAAAAJ&hl=sk&oi=sra,24,,,http://www.biomedcentrum.sav.sk/wp-content/uploads/2020/08/Schwendt_CV_07-2020.pdf,,,,,,,,,,,,,
Marek,Svitok,Marek Svitok,ANO,,,TUZVO,SR,,,,https://scholar.google.com/citations?hl=sk&user=6hBUaO8AAAAJ,24,,,,,,,,,,,,,,,,
Radovan,Šebesta,Radovan Šebesta,NIE,,,UK,SR,,,,https://scholar.google.sk/citations?hl=sk&user=mmQtK38AAAAJ,24,,,https://uniba.sk/fileadmin/ruk/veda/docprof/PriF_UK/SEBESTA/CV_Sebesta.pdf,,,,,,,,,,,,,
Daniel,Ševčovič,Daniel Ševčovič,NIE,,,UK,SR,,,,https://scholar.google.cz/citations?user=Qz1nylMAAAAJ&hl=cs,24, ,,,,,,,,,,,,,,,
Pavol,Ševera,Pavol Ševera,NIE,,,nezamestnaný,USA,matematická fyzika,https://ncatlab.org/nlab/show/Pavol+Severa,,https://scholar.google.com/citations?user=IfhJCCwAAAAJ&hl=en&oi=sra,24,,,,,,,,,,,,,,,,
Ladislav,Šimo,Ladislav Šimo,NIE,,,INRAE,FR,,https://www.neuropatick.com/current-members,,https://scholar.google.com/citations?user=cgtlsxQAAAAJ&hl=sk&oi=sra,24,,,,,,,,,,,,,,,,
Martin,Urík,Martin Urík,NIE,,,UK,SR,,,,https://scholar.google.com/citations?user=g4M75D0AAAAJ&hl=en,24,,,,,,,,,,,,,,,,
Zoltán,Tomori,Zoltán Tomori,NIE,,,UPJŠ,SR,Matematika,,,https://scholar.google.com/citations?user=_scpZTcAAAAJ&hl=en,24,,,,,,,,,,,,,,,,
Karol,Ujházy,Karol Ujházy,NIE,,,TUZVO,SR,,,,https://scholar.google.com/citations?hl=sk&user=xN0dgocAAAAJ,24,,,,,,,,,,,,,,,,
Peter,Vďačný,Peter Vďačný,NIE,,,UK,SR,,,,https://scholar.google.sk/citations?user=PpzdQ7oAAAAJ&hl=sk&oi=sra,24,,,https://sk.wikipedia.org/wiki/J%C3%BAlius_Bajcsy,,,,,,,,,,,,,
Michal,Zalibera,Michal Zalibera,NIE,,,STU,SR,,,,https://scholar.google.com/citations?hl=en&user=lmCSp7kAAAAJ,24,,,,,,,,,,,,,,,,
Martina,Zelenaková,Martina Zelenaková,NIE,,,TUKE,SR,,,,https://scholar.google.com/citations?user=G38Z2vEAAAAJ&hl=sk&oi=sra,24,,,,,,,,,,,,,,,,
,,,NIE,,,,,,,,,,,,,,,,,,,,,,,,,
,, ,NIE,,,,,,,,,23,,,,,,,,,,,,,,,,
Ľubica ,Beňušková,Ľubica  Beňušková,NIE,http://cogsci.fmph.uniba.sk/~benuskova/?action=cv,,UK,SR,,,,https://scholar.google.com/citations?user=YKERCFYAAAAJ&hl=en,23,,,,,,,,,,,,,,,,
Tatiana,Betáková,Tatiana Betáková,NIE,,,SAV,SR,,,,https://scholar.google.com/citations?user=oQgH6HYAAAAJ&hl=en,23,,,,,,,,,,,,,,,,
Bianka,Bojková,Bianka Bojková,NIE,,,UPJŠ,SR,,,,https://scholar.google.com/citations?user=gH_Ls8cAAAAJ&hl=sk,23,,,,,,,,,,,,,,,,
Pavol,Čekan,Pavol Čekan,NIE,,,Multiplex DX,SR,Molekulárna diagnostika,https://www.multiplexdx.com/multiplexdx#team,info@multipexdx.com,https://scholar.google.com/citations?user=z9DHZ58AAAAJ&hl=th,23,,,,,,,,,,,,,,,,
Ivan,Černušák,Ivan Černušák,NIE,,,UK,SR,chémia,,,https://scholar.google.com/citations?user=UTkXz_cAAAAJ&hl=sk&oi=ao,23,,,,,,,,,,,,,,,,
Martin,Čepel,Martin Čepel,NIE,,,Pan-euro Uni,SR,,,,https://scholar.google.sk/citations?user=2MKIq0sAAAAJ&hl=en,23,,,,,,,,,,,,,,,,
Zuzana,Dankulincová Veselská,Zuzana Dankulincová Veselská,NIE,,,UPJS,SR,,,,https://scholar.google.com/citations?user=Ev0TfSoAAAAJ&hl=sk,23,,,,,,,,,,,,,,,,
Slavomíra,Doktorovova,Slavomíra Doktorovova,NIE,,,Hovione,Portugalsko,,,,https://scholar.google.com/citations?user=xTp1u7QAAAAJ&hl=en,23,,,https://www.linkedin.com/in/slavomira/?originalSubdomain=pt,,,,,,,,,,,,,
Jaroslav ,Dudík,Jaroslav  Dudík,NIE,1982,,AV,ČR,,      ,,https://scholar.google.com/citations?user=yFFmQF8AAAAJ&hl=en,23,,,https://uniba.sk/fileadmin/ruk/veda/docprof/FMFI_UK/Dudik/CV_typo_Dudik.pdf,,,,,,,,,,,,,
Soňa,Gancarčíková,Soňa Gancarčíková,NIE,,,UVLF,SR,,,,https://scholar.google.com/citations?user=h2VJ9qcAAAAJ&hl=sk&oi=sra,23,,,,,,,,,,,,,,,,
Igor ,Goljer,Igor  Goljer,NIE,,,GlaxoSmithKline,USA?,,,,https://scholar.google.sk/citations?user=vd8VxFIAAAAJ&hl=sk,23,,,https://www.linkedin.com/in/igor-goljer-8b41745,,,,,,,,,,,,,
Branislav,Hadzima,Branislav Hadzima,NIE,,,UNIZA,SR,,,,https://scholar.google.com/citations?user=mYuM2O0AAAAJ&hl=en&oi=ao,23,,,,,,,,,,,,,,,,
Monika,Halánová,Monika Halánová,NIE,,,UPJŠ,SR,,,,https://scholar.google.com/citations?user=pugELhUAAAAJ&hl=sk,23,,,,,,,,,,,,,,,,
Peter,Haščík,Peter Haščík,NIE,,,SPU,SR,,,,https://scholar.google.sk/citations?user=npFKRXsAAAAJ&hl=en,23,,,,,,,,,,,,,,,,
Nataša,Hlaváčová,Nataša Hlaváčová,NIE,,,SAV,SR,,,,https://scholar.google.com/citations?user=F_2QQaMAAAAJ&hl=sk&oi=sra,23,,,,,,,,,,,,,,,,
Tibor,Hlavatý,Tibor Hlavatý,NIE,1973,,UK,SR,,,,https://scholar.google.sk/citations?user=aM1TBJ4AAAAJ&hl=sk,23,,,https://uniba.sk/fileadmin/ruk/veda/docprof/LF_UK/Hlavaty/20_doc._Hlavaty_-_profesijny_zivotopis.pdf,,,,,,,,,,,,,
Lukáš,Hleba,Lukáš Hleba,,,,Uniag,SR,,,,https://scholar.google.sk/citations?user=o8Y2vicAAAAJ&hl=en,23,,,,,,,,,,,,,,,,
Ivan,Hotový,Ivan Hotový,,,,STU,SR,,,,https://scholar.google.com/citations?user=R4KWQbEAAAAJ&hl=en,23,,,,,,,,,,,,,,,,
Tomas,Horváth,Tomas Horváth,NIE,1976,maďarská,ELTE,Maďarsko,,https://web.ics.upjs.sk/~horvath/index.php/Home/Personal,,https://scholar.google.cz/citations?user=x_kXEMMAAAAJ&hl=en,23,,,,,,,,,,,,,,,,
Mikuláš,Huba,Mikuláš Huba,NIE,,,STU,SR,,,,https://scholar.google.com/citations?hl=en&user=mNl2gj4AAAAJ,23,,Norbert,Lukáč,Norbert Lukáč,,,,,SPU,SR,,,,https://scholar.google.com/citations?hl=en&user=LfxMh5gAAAAJ,23,
Pavol,Jakubec,Pavol Jakubec,NIE,,,STU,SR,,,,https://scholar.google.sk/citations?user=iFT61ScAAAAJ&hl=sk&oi=ao,23,,,,,,,,,,,,,,,,
Pavol,Janega,Pavol Janega,NIE,,,UK,SR,,,,https://scholar.google.com/citations?user=4WsOWE0AAAAJ&hl=sk,23,,,,,,,,,,,,,,,,
Marián,Jurčišin,Marián Jurčišin,NIE,,,SAV,SR,,,,https://scholar.google.com/citations?user=rssBcO8AAAAJ&hl=sk,23,,,,,,,,,,,,,,,,
Ivan,Jarolímek,Ivan Jarolímek,NIE,,,SAV,SR,,,,https://scholar.google.com/citations?user=HdRc5KYAAAAJ&hl=sk&oi=ao,23,,,,,,,,,,,,,,,,
Ján,Jasík,Ján Jasík,NIE,,,UK,SR,,,,https://scholar.google.at/citations?hl=en&user=w3dK-UwAAAAJ,23,,,,,,,,,,,,,,,,
Martin,Javorský,Martin Javorský,NIE,,,UPJŠ,SR,,,,https://scholar.google.com/citations?user=_V9MjKcAAAAJ&hl=en,23,,,,,,,,,,,,,,,,
Peter,Kaňuch,Peter Kaňuch,NIE,,,SAV,SR,,,,https://scholar.google.com/citations?user=hNsl4RMAAAAJ&hl=sk,23,,,,,,,,,,,,,,,,
,,,NIE,,,,,,,,,,,,,,,,,,,,,,,,,
,,,NIE,,,,,,,,,,,,,,,,,,,,,,,,,
Eva,Kutejová,Eva Kutejová,NIE,,,SAV,SR,,,,https://scholar.google.sk/citations?user=twXC1G8AAAAJ&hl=en,23,,,,,,,,,,,,,,,,
Dušan,Kocúr,Dušan Kocúr,NIE,,,TUKE,SR,,,,https://scholar.google.sk/citations?hl=sk&user=4N8z5YYAAAAJ,23,,,,,,,,,,,,,,,,
Jordan,Kolarov,Jordan Kolarov,NIE,,??,UK,SR,,,,https://scholar.google.at/citations?hl=en&user=S9xHuK4AAAAJ,23,,,,,,,,,,,,,,,,
Martin,Kundrat,Martin Kundrat,NIE,,,UPJŠ,SR, ,,,https://scholar.google.com/citations?user=7MmuWAUAAAAJ&hl=en,23,,,https://www.upjs.sk/prirodovedecka-fakulta/25856/,https://www.upjs.sk/public/media/14567/31012017_EXKLUZIVNY_ROZHOVOR_s_Humencanom.pdf,,,,,,,,,,,,
,,,NIE,,,,,,,,,,,,,,,,,,,,,,,,,
,,,NIE,,,,,,,,,,,,,,,,,,,,,,,,,
,,,NIE,,,,,,,,,,,,,,,,,,,,,,,,,
Akansha,Mehta,Akansha Mehta,NIE,,,TNUNI,SR,Advanced Nanomaterials,,,https://scholar.google.com/citations?user=z8mP-mkAAAAJ&hl=sk&oi=ao,23,,,,,,,,,,,,,,,,
Matúš,Mihalák,Matúš Mihalák,NIE,1978 Prešov,,Maastricht University,Holandsko,,,,https://scholar.google.com/citations?hl=en&user=MQH1BVEAAAAJ,23,,,https://dke.maastrichtuniversity.nl/matus.mihalak/?page_id=42,,,,,,,,,,,,,
Jiří,Pospíchal,Jiří Pospíchal,NIE,,,UCM,SR,,,,https://scholar.google.com/citations?user=9OOKL-oAAAAJ&hl=sk,23,,,,,,,,,,,,,,,,
Roman,Réh,Roman Réh,NIE,,,TUZVO,SR,,,,https://scholar.google.com/citations?user=rxFhrMQAAAAJ&hl=sk,23,,,,,,,,,,,,,,,,
,,,NIE,,,,,,,,,,,,,,,,,,,,,,,,,
,,,NIE,,,,,,,,,,,,,,,,,,,,,,,,,
Marián,Slodička,Marián Slodička,NIE,,,Ghent U.,Belgicko,,,,https://scholar.google.sk/citations?user=N6QYiFAAAAAJ&hl=sk&oi=sra,23,,,,,,,,,,,,,,,,
Alexander,Šatka,Alexander Šatka,NIE,,,SAV,SR,,,,https://scholar.google.com/citations?user=3LEJrCYAAAAJ&hl=sk&oi=sra,23,,,,,,,,,,,,,,,,
Zbyšek,Šustek,Zbyšek Šustek,NIE,,,SAV,SR,,,,https://scholar.google.com/citations?user=J9MW7WUAAAAJ&hl=en&oi=sra,23,,,,,,,,,,,,,,,,
,,,,,,,,,,,,,,,,,,,,,,,,,,,,
,,,,,,,,,,,,,,,,,,,,,,,,,,,,
Dušan,Valigura,Dušan Valigura,NIE,,,UCM,SR,,,,https://scholar.google.com/citations?user=3vrSY5MAAAAJ&hl=en,23,,,,,,,,,,,,,,,,
Marian,Vojs,Marian Vojs,NIE,,,STU,SR,,,,https://scholar.google.com/citations?user=3EQ9ayYAAAAJ&hl=sk&oi=sra,23,,,,,,,,,,,,,,,,
Peter,Vojtaš,Peter Vojtaš,NIE,,,Univerzita Karlova,ČR,,,,https://scholar.google.cz/citations?user=W9JT4iwAAAAJ&hl=en,23,,,,,,,,,,,,,,,,
Marek,Zima,Marek Zima,NIE,,,Swissgrid,Švajčiarsko,,,,https://scholar.google.com/citations?user=zODh9IcAAAAJ&hl=sk&oi=ao,23,,,https://www.linkedin.com/in/marek-zima-811b683/details/languages/,,,,,,,,,,,,,
,,,,,,,,,,,,,,,,,,,,,,,,,,,,
 ,,  ,,,,,,,,,,22,,,,,,,,,,,,,,,,
Lucia,Birošová,Lucia Birošová,,,,STU,SR,,,,https://scholar.google.com/citations?user=Ii3zxycAAAAJ&hl=sk&oi=sra,22,,,,,,,,,,,,,,,,
Martin,Boltižiar,Martin Boltižiar,NIE,,,UKF,SR,Geografia,,,https://scholar.google.sk/citations?user=qjuwNZwAAAAJ&hl=sk,22,,,,,,,,,,,,,,,,
,,,NIE,,,,,,,,,,,,,,,,,,,,,,,,,
Marek,Fabrika,Marek Fabrika,NIE,,,TUZVO,SR,,,,https://scholar.google.com/citations?hl=sk&user=CAs160sAAAAJ,21,,,,,,,,,,,,,,,,
Peter,Galajda,Peter Galajda,NIE,,,HAS - UK???,SR-H???,,,,https://scholar.google.com/citations?user=I2NQO8UAAAAJ&hl=en,22,,,,,,,,,,,,,,,,
,,,,,,,,,,,,,,,,,,,,,,,,,,,,
,,,,,,,,,,,,,,,,,,,,,,,,,,,,
,,,NIE,,,,,,,,,,,,,,,,,,,,,,,,,
,,,NIE,,,,,,,,,,,,,,,,,,,,,,,,,
,,,NIE,,,,,,,,,,,,,,,,,,,,,,,,,
,,,,,,,,,,,,,,,,,,,,,,,,,,,,
,,,,,,,,,,,,,,,,,,,,,,,,,,,,
,,,NIE,,,,,,,,,,,,,,,,,,,,,,,,,
,,,NIE,,,,,,,,,,,,,,,,,,,,,,,,,
Rastislav,Jendželovský,Rastislav Jendželovský,NIE,,,UPJŠ,SR,,,,https://scholar.google.com/citations?hl=en&user=WOsEyOMAAAAJ,22,,,,,,,,,,,,,,,,
Tatiana,Kluvánková,Tatiana Kluvánková,NIE,,,SAV,SR,,,,https://scholar.google.sk/citations?user=v85VVe8AAAAJ&hl=en,22,,,https://uniba.sk/fileadmin/ruk/veda/docprof/FM_UK/2015_Kluvankova_prof/CV_Kluvankova_2015-4.pdf,,,,,,,,,,,,,
Mária,Kožurková,Mária Kožurková,,,,UPJŠ,SR,,,,https://scholar.google.com/citations?user=Q5bILNwAAAAJ&hl=en,22,,,,,,,,,,,,,,,,
Martin,Krajčovič,Martin Krajčovič,,,,Uniza,SR,industrial engineeringlogisticsvirtual and augmented reality,,,https://scholar.google.com/citations?user=UOPIl2gAAAAJ&hl=sk&oi=ao,23,,,,,,,,,,,,,,,,
Andrej ,Lupták,Andrej Lupták,NIE,,,"University of California, Irvine",USA,,,,https://scholar.google.com/citations?user=94trFqEAAAAJ&hl=en,22,,,,,,,,,,,,,,,,
Miroslava,Luxová,Miroslava Luxová,NIE,,,SAV,SR, , , ,https://scholar.google.com/citations?user=ERoFTfUAAAAJ&hl=sk&oi=ao,22,,,U.o.Quatar,Katar,,,,https://scholar.google.com/citations?user=u3PxQ7sAAAAJ&hl=en,23,,,http://www.qu.edu.qa/file_source/qu/Faculty%20and%20Staff/images/Dr.%20Anton%20Popelka.pdf,,,,
Daniela,Marasová,Daniela Marasová,,,,TUKE,SR,,,,https://scholar.google.com/citations?hl=en&user=VDNBUR4AAAAJ,21,,,,,,,,,,,,,,,,
Jozef,Mašura,Jozef Mašura,NIE,,,UK,SR,,,,https://scholar.google.com/citations?user=-reV448AAAAJ&hl=sk,22,,,,,,,,,,,,,,,,
Marian,Marton,Marian Marton,NIE,,,STU,SR,,,,https://scholar.google.com/citations?hl=en&user=D4m8QEAAAAAJ,22,,,,,,,,,,,,,,,,
Ján,Mináč,Ján Mináč,,,,UWO,Kanada,Matematika,,,https://scholar.google.ca/citations?user=qrWSbGYAAAAJ&hl=en,22,,,,,,,,,,,,,,,,
Viktor,Milata,Viktor Milata,,,,STU,SR,,,,https://scholar.google.com/citations?hl=en&user=3keBvfcAAAAJ,22,,,,,,,,,,,,,,,,
Martin,Motola,Martin Motola,,,,UK,SR,NanomaterialsNanotubesPhotocatalysisPhotoelectrochemistry,,,https://scholar.google.com/citations?user=NCCw63YAAAAJ&hl=sk&oi=ao,24,,, ,,,,,,,,,,,,,
Juraj,Paule,Juraj Paule,,,,Freie Universität Berlin,Nemecko,,,,https://scholar.google.co.th/citations?hl=en&user=d7HdE1IAAAAJ,23,,,,,,,,,,,,,,,,
Márius,Pavlovič,Márius Pavlovič,,,,STU,SR,,,,https://scholar.google.com/citations?hl=en&user=1Aw3bVYAAAAJ,22,,,,,,,,,,,,,,,,
Tomáš,Pleceník,Tomáš Pleceník,,,,UK,SR,metal oxide semiconductor gas sensorsresistive switchingnanotechnologysuperconductivity,,,https://scholar.google.com/citations?user=iw5QltgAAAAJ&hl=sk&oi=sra,22,,,,,,,,,,,,,,,,
Peter,Pristaš,Peter Pristaš,,,,UPJŠ,SR,,,,https://scholar.google.sk/citations?user=QT7V_oEAAAAJ&hl=en,23,,,,,,,,,,,,,,,,
Michal,Puškár,Michal Puškár,,,,TUKE,SR,,,,https://scholar.google.com/citations?user=lnLO1hgAAAAJ&hl=sk&oi=sra,22,,,,,,,,,,,,,,,,
Igor,Riečanský,Igor Riečanský,,,,SAV,SR,,,,https://scholar.google.com/citations?hl=en&user=JjNsRFYAAAAJ,24,,,,,,,,,,,,,,,,
Michal,Ries,Michal Ries,NIE,,,STU,SR,,,,https://scholar.google.sk/citations?user=VW4bBooAAAAJ&hl=sk,22,,,,,,,,,,,,,,,,
Zoltán,Rózsa,Zoltán Rózsa,NIE,,,TnUAD,SR,,,,https://scholar.google.sk/citations?user=9_buC0AAAAAJ&hl=en,22,,,,,,,,,,,,,,,,
Štefan ,Schmidt,Štefan Schmidt,NIE,,,STU,SR,,,,https://scholar.google.com/citations?user=DSAKrs0AAAAJ&hl=sk&oi=sra,23,,,,,,,,,,,,,,,,
Vladimír,Šimanský,Vladimír Šimanský,NIE,,,SPU,SR,,,,https://scholar.google.com/citations?user=tI0yLWUAAAAJ&hl=sk&oi=ao,23,,,,,,,,,,,,,,,,
Peter,Štacko,Peter Štacko,NIE,,,MU,ČR,,,,https://scholar.google.com/citations?user=S4he6AgAAAAJ&hl=en,23,,,https://dennikn.sk/576019/slovenski-chemici-rozpravaju-ako-sa-im-pracuje-u-kolegov-s-nobelovou-cenou/,,,,,,,,,,,,,
Tomáš,Tóth,Tomáš Tóth,NIE,,,SPU,SR,,,,https://scholar.google.com/citations?user=QPhU-PUAAAAJ&hl=en&oi=sra,23,,,,,,,,,,,,,,,,
Ilja,Vietor,Ilja Vietor,NIE,1964,,MUI Innsbruck,Rakúsko,,,,https://scholar.google.com/citations?user=DlkzUUgAAAAJ&hl=sk,24,,,https://www.i-med.ac.at/cellbio/labore/celldifflab/CV-Vietor.pdf,https://www.piestanskydennik.sk/2010/04/20/slovenske-osobnosti-mediciny-vo-svete-51-20-storocie/,,,,,,,,,,,,
Rastislav,Vojtko,Rastislav Vojtko,NIE,,,UK,SR,,,,https://scholar.google.sk/citations?hl=en&user=eHLxoa8AAAAJ,23,,,,,,,,,,,,,,,,
Iveta,Zolotová,Iveta Zolotová,NIE,,,TUKE,SR,AI,,,https://scholar.google.sk/citations?user=j-HgCRMAAAAJ&hl=sk,22,,,,,,,,,,,,,,,,
,,,NIE,,,,,,,,,,,,,,,,,,,,,,,,,
,, ,NIE,,,,,,,,,21,,,,,,,,,,,,,,,,
Peter ,Babinec,Peter  Babinec,NIE,,,UK,SR,,,,https://scholar.google.at/citations?hl=en&user=S4OC8QsAAAAJ,21,,,,,,,,,,,,,,,,
Katarína,Babinská,Katarína Babinská,NIE,,,UK,SR,,,,https://scholar.google.com/citations?user=yzCnhdsAAAAJ&hl=en,21,,,,,,,,,,,,,,,,
Martin,Balog,Martin Balog,NIE,,,SAV,SR,,, ,https://scholar.google.com/citations?hl=en&user=TaFh6NIAAAAJ,22,,,,,,,,,,,,,,,,
Richard,Baran,Richard Baran,NIE,,,Lawrence Berkeley National Laboratory,USA,,,,https://scholar.google.com/citations?hl=en&user=CdsJSswAAAAJ,21,,,,,,,,,,,,,,,,
Eduard,Baumohl,Eduard Baumohl,NIE,,,EU,SR,,,,https://scholar.google.com/citations?hl=en&user=6GnAUaMAAAAJ,21,,,,,,,,,,,,,,,,
Robert,Bidulsky,Robert Bidulsky,NIE,,,Politecnico di Torino,Taliansko,,,,https://scholar.google.sk/citations?user=KBkNRuwAAAAJ&hl=sk,21,,,,,,,,,,,,,,,,
Dominik,Brida,Dominik Brida,NIE,,,MaxPlanckInstitut,Nemecko,,,,https://scholar.google.de/citations?user=7MLCuMsAAAAJ&hl=de,21,,,,,,,,,,,,,,,,
Peter ,Drotár,Peter Drotár,NIE,,,TUKE,SR,,,,https://scholar.google.com/citations?user=vkdisoIAAAAJ&hl=sk&oi=ao,22,,,,,,,,,,,,,,,,
Viliam,Fedák,Viliam Fedák,NIE,,,TUKE,SR,,,,https://scholar.google.com/citations?hl=en&user=eWBRpEIAAAAJ,21,,,,,,,,,,,,,,,,
Martin,Fabian,Martin Fabian,NIE,,,SAV,SR,,,,https://scholar.google.com/citations?user=Z215CVwAAAAJ&hl=en,21,,,,,,,,,,,,,,,,
Jaroslav,Frnda,Jaroslav Frnda,NIE,,,UNIZA,SR,,,,https://scholar.google.com/citations?user=UBUvR_sAAAAJ&hl=en&oi=ao,22,,,,,,,,,,,,,,,,
Miroslav,Gašparík,Miroslav Gašparík,NIE,,,ČZU,SR,,,,https://scholar.google.com/citations?hl=cs&user=iU2dhvQAAAAJ,21,,,https://www.facebook.com/Katedra-zpracov%C3%A1n%C3%AD-d%C5%99eva-a-biomateri%C3%A1l%C5%AF-287902161405388/,,,,,,,,,,,,,
Anna,Guttová,Anna Guttová,NIE,,,SAV,SR,,,,https://scholar.google.com/citations?hl=en&user=JjBMa3MAAAAJ,21,,,,,,,,,,,,,,,,
Peter ,Horák,Peter Horák,NIE,,,U.of Washington Tacoma,USA,Matematika,http://directory.tacoma.uw.edu/employee/horak,,https://scholar.google.com/citations?user=mgNUqM0AAAAJ&hl=sk&oi=ao,21,,,http://directory.tacoma.uw.edu/employee/horak,,,,,,,,,,,,,
Iren,Jadlovská,Iren Jadlovská,NIE,,,SAV,SR,,,,https://scholar.google.sk/citations?hl=en&user=dWCPKswAAAAJ,21,,,,,,,,,,,,,,,,
Martin,Janičko,Martin Janičko,NIE,,,UPJŠ,SR,,,,https://scholar.google.com/citations?user=A1jLMm4AAAAJ&hl=en&oi=sra,21,,,,,,,,,,,,,,,,
Anna,Jenčová,Anna Jenčová,,,,SAV,SR,,,,https://scholar.google.sk/citations?hl=sk&user=qWVonVcAAAAJ,20,,,,,,,,,,,,,,,,
Miroslav,Ješkovský,Miroslav Ješkovský,,,,UK,SR,,,,https://scholar.google.sk/citations?hl=en&user=hK64s_QAAAAJ,21,,,,,,,,,,,,,,,,
Jozef,Juhár,Jozef Juhár,NIE,,,TUKE,SR,,,,https://scholar.google.com/citations?hl=en&user=Dgnf32IAAAAJ,21,,,,,,,,,,,,,,,,
Danica,Kačíková,Danica Kačíková,NIE,,,TUZvo,SR,,,,https://scholar.google.com/citations?user=TpEC2dAAAAAJ&hl=vi,20,,,,,,,,,,,,,,,,
Leonard,Kornoš,Leonard Kornoš,NIE,,,UK,SR,,,,https://scholar.google.sk/citations?hl=en&user=W_p96EsAAAAJ,21,,,,,,,,,,,,,,,,
Beáta,Koréneková,Beáta Koréneková,NIE,,,UVLF,SR,,,,https://scholar.google.sk/citations?user=h9UKYgwAAAAJ&hl=sk,22,,,,,,,,,,,,,,,,
Karol,Krak,Karol Krak,NIE,,,"Czech University of Life Sciences,",ČR,,,,https://scholar.google.com/citations?user=vpdNWrwAAAAJ&hl=sk&oi=sra,21,,,,,,,,,,,,,,,,
Roman,Králik,Roman Králik,NIE,,,RUDN,Rusko,,,,https://scholar.google.com/citations?user=MCgi7KAAAAAJ&hl=en&oi=sra,21,,,,,,,,,,,,,,,,
Daniel,Križan,Daniel Križan,NIE,,,Voestalpine,Rakúsko,,,,https://scholar.google.com/citations?user=zUhN-GEAAAAJ&hl=en,21,,,https://tnuni.sk/fileadmin/dokumenty/univerzita/habilitacie/Daniel_Krizan/Udaje_z_profesijneho_zivotopisu.pdf,,,,,,,,,,,,,
Robert,Kubinec,Robert Kubinec,NIE,,,UK,SR,,,,https://scholar.google.com/citations?user=EtkRkLUAAAAJ&hl=sk&oi=sra,21,,,,,,,,,,,,,,,,
Viktória,Majláthová,Viktória Majláthová,NIE,,,UPJŠ,SR,,,,https://scholar.google.com/citations?hl=en&user=ib47D_YAAAAJ,21,,,,,,,,,,,,,,,,
Darina,Malová,Darina Malová,NIE,,,UK,SR,,,,https://scholar.google.com/citations?user=B4gI7TYAAAAJ&hl=en,21,,,,,,,,,,,,,,,,
Ján,Marták,Ján Marták,ANO,,,STU,SR,,,,https://scholar.google.com/citations?hl=en&user=gHeOafwAAAAJ,21,,,,,,,,,,,,,,,,
René,Matlovič,René Matlovič,NIE,,,SAV,SR,,,,https://scholar.google.com/citations?user=EFqNFd0AAAAJ&hl=en,21,,,,,,,,,,,,,,,,
Alžbeta,Marček Chorvátová,Alžbeta Marček Chorvátová,NIE,,,UCM,SR,biophysicsphysiologyenvironmental sciences,,,https://scholar.google.com/citations?user=F6z51JoAAAAJ&hl=sk&oi=ao,22,,,,,,,,,,,,,,,,
Peter,Marhavý,Peter Marhavý,NIE,,,,,,,peter.marhavy@slu.se,https://scholar.google.com/citations?user=DDQInl8AAAAJ&hl=en&oi=sra,22,,,,,,,,,,,,,,,,
Peter,Mikulíček,Peter Mikulíček,NIE,,,UK,SR,,,,https://scholar.google.sk/citations?hl=en&user=TVhqFFMAAAAJ,21,,,,,,,,,,,,,,,,
Michal,Munk,Michal Munk,NIE,,,UKF,SR,,,,https://scholar.google.co.th/citations?hl=en&user=gvsss7sAAAAJ,22,,,,,,,,,,,,,,,,
Jozef,Nahálka,Jozef Nahálka,NIE,,,SAV,SR,,,,https://scholar.google.sk/citations?hl=en&user=qhMhzAcAAAAJ,22,,,,,,,,,,,,,,,,
Bohuš,Obert,Bohuš Obert,NIE,,,SAV,SR,,,,https://scholar.google.com/citations?user=qmwnpWcAAAAJ&hl=en&oi=sra,21,,,,,,,,,,,,,,,,
Peter,Ondrúška,Peter Ondrúška,NIE,,,Toyota Woven Planet,Veľká Británia,,,,https://scholar.google.ca/citations?user=UuJrkKkAAAAJ&hl=en,21,,,,,,,,,,,,,,,,
Alžbeta,Orendáčová,Alžbeta Orendáčová,NIE,,,UPJS,SR,,,,https://scholar.google.com/citations?user=qJd77FQAAAAJ&hl=sk&oi=ao,21,,,,,,,,,,,,,https://scholar.google.com/citations?user=qmwnpWcAAAAJ&hl=en&oi=sra,21,,
Andrej ,Pázman,Andrej  Pázman,NIE,,,UK,SR,,,,https://scholar.google.sk/citations?user=Si1sh_EAAAAJ&hl=en,21,,,,,,,,,,,,,,,,
Pavla,Pekárová,Pavla Pekárová,NIE,,,SAV,SR,,,,https://scholar.google.com/citations?user=2YbOAIYAAAAJ&hl=sk&oi=ao,21,,,,,,,,,,,,,,,,
Ján,Pokrivčák,Ján Pokrivčák,NIE,,,UNIAG,SR,,,,https://scholar.google.sk/citations?user=6kqGR9EAAAAJ&hl=sk,21,,,,,,,,,,,,,,,,
Martin ,Polovka,Martin  Polovka,NIE,1977,,NPPC,SR,,https://martin-polovka6.webnode.sk/,martin.polovka@nppc.sk,https://scholar.google.sk/citations?user=zYGjlnkAAAAJ&hl=sk,21,,,https://martin-polovka6.webnode.sk/cv/,,,,,,,,,,,,,
Jozef ,Radonak,Jozef Radonak,NIE,,,UPJŠ,SR,,,,https://scholar.google.sk/citations?user=6w-eTaAAAAAJ&hl=sk,21,,,,,,,,,,,,,,,,
Ladislav,Reinprecht,Ladislav Reinprecht,NIE,,,TUZVO,SR,,,,https://scholar.google.com/citations?hl=sk&user=lVN4xAgAAAAJ,21,,,,,,,,,,,,,,,,
Roman,Rosipal,Zuzaána Sekeyová,NIE,,,SAV,SR,,,,https://scholar.google.sk/citations?hl=sk&user=3ypgkQ4AAAAJ,21,,,,,,,,,,,,,,,,
Ján,Pečeňák,Ján Pečeňák,NIE,,,UK,SR,,,,https://scholar.google.sk/citations?user=m01DooAAAAAJ&hl=en,22,,,https://uniba.sk/fileadmin/ruk/veda/docprof/LF_UK/Pecenak/16_doc._Pecenak_-_Zivotopis.pdf,,,,,,,,,,,,,
Jana,Sedláková Kaduková,Jana Sedláková Kaduková,NIE,,,UCM,SR,,,,https://scholar.google.sk/citations?user=f7nxsacAAAAJ&hl=sk,21,,,,,,,,,,,,,,,,
Zuzana,Sekeyová,Zuzaána Sekeyová,NIE,,,SAV,SR,,,,https://scholar.google.com/citations?user=AfzBXfQAAAAJ&hl=sk&oi=ao,21,,,,,,,,,,,,,,,,
Jana,Špulerová,Jana Špulerová,NIE,,,SAV,SR,,,,https://scholar.google.com/citations?user=hbHwpMsAAAAJ&hl=en,21,,,,,,,,,,,,,,,,
Jozef ,Šufliarsky,Jozef  Šufliarsky,NIE,,,NOU,SR,,,,https://scholar.google.com/citations?user=jx18TjoAAAAJ&hl=sk&oi=ao,21,,,,,,,,,,,,,,,,
Eva,Tillová,Eva Tillová,NIE,,,UNIZA,SR,,,,https://scholar.google.com/citations?user=1oEeME0AAAAJ&hl=sk,22,,,,,,,,,,,,,,,,
Čestmír,Tomek,Čestmír Tomek,NIE,,,SAV,SR,,,,https://scholar.google.sk/citations?hl=sk&user=n8SSQ3YAAAAJ,21,,,,,,,,,,,,,,,,
Peter,Tomčík,Peter Tomčík,NIE,,,KU,SR,,,,https://scholar.google.com/citations?user=SMqgjKsAAAAJ&hl=sk&oi=sra,21,,,,,,,,,,,,,,,,
Ján,Urban,Ján Urban,NIE,,,metagenics,,,,,https://scholar.google.sk/citations?hl=sk&user=NSc-WrQAAAAJ,21,,,,,,,,,,,,,,,,
Radovan,Václav,Radovan Václav,NIE,,,SAV,SR,,,,https://scholar.google.com/citations?hl=en&user=nIYpjooAAAAJ,22,,,,,,,,,,,,,,,,
Peter ,Vereš,Peter Vereš,NIE,,,cfa.harvard,USA,Near Earth Asteroids and Cometsasteroid SurveysEarth impact monitoringLSSTPan-STARRS,,,https://scholar.google.com/citations?user=YD2ADzAAAAAJ&hl=sk&oi=ao,23,,,,,,,,,,,,,,,,
Viktor ,Witkovský,Viktor  Witkovský,NIE,,,SAV,SR,,,,https://scholar.google.com/citations?hl=en&user=KGE9P5cAAAAJaaaaaaa\,21,,,,,,,,,,,,,,,,
Alexandra,Zahradníková,Alexandra Zahradníková,NIE,,,SAV,SR,,,,https://scholar.google.com/citations?user=4R7bU1QAAAAJ&hl=en,21,,,,,,,,,,,,,,,,
Andrea,Zaťǩová,Andrea Zaťková,NIE,,,SAV,SR,,,,https://scholar.google.co.th/citations?hl=en&user=vohwOp0AAAAJ,21,,,,,,,,,,,,,,,,
Katarína,Zvaríková,Katarína Zvaríková,NIE,,,Uniza,SR,,,,https://scholar.google.com/citations?user=SpSKo5IAAAAJ&hl=en&oi=ao,21,,,,,,,,,,,,,,,,
Rudolf,Žitňan,Rudolf Žitňan,NIE,,,,,,,,https://scholar.google.com/citations?hl=sk&user=TUSLXNIAAAAJ,21,,,,,,,,,,,,,,,,
,,,NIE,,,,,,,,,,,,,,,,,,,,,,,,,
,, ,NIE,,,,,,,,,20,,,,,,,,,,,,,,,,
Slavomír,Adamčík,Slavomír Adamčík,NIE,,,SAV,SR,mycologytaxonomyphylogenybiogeographyecology,,,https://scholar.google.com/citations?user=fRrjtxsAAAAJ&hl=sk&oi=ao,21,,,,,,,,,,,,,,,,
Janka ,Bábíčková,Janka  Bábíčková,NIE,,,U. of Bergen,Nórsko,,,,https://scholar.google.no/citations?user=v6-DqsIAAAAJ&hl=en,20,,,https://scholar.google.com/citations?user=v6-DqsIAAAAJ&hl=sk&oi=sra,,,,,,,,,,,,,
Blanka,Baculíková,Blanka Baculíková,NIE,,,TUKE,SR,qualitative theory of differential equations,,,https://scholar.google.com/citations?hl=en&user=MBi5jwQAAAAJ,21,,,,,,,,,,,,,,,,
Peter,Bačík,Peter Bačík,NIE,,,UK,SR,Mineralógia,,,https://scholar.google.com/citations?user=AbCqA1AAAAAJ&hl=sk&oi=sra,20,,,,,,,,,,,,,,,,
Magdaléna,Bálintová,Magdaléna Bálintová,NIE,,,TUKE,SR,,,,https://scholar.google.com/citations?hl=en&user=7jXWNpcAAAAJ,20,,,,,,,,,,,,,,,,
Jozef,Bátora,Jozef Bátora,NIE,,,UK,SR,Diplomacia,,,https://scholar.google.no/citations?user=hb3E0-EAAAAJ&hl=en,20,,,,,,,,,,,,,,,,
Peter,Baráth,Peter Baráth,NIE,,,SAV,SR,,,,https://scholar.google.com/citations?user=DzipaHQAAAAJ&hl=sk&oi=sra,20,,,,,,,,,,,,,,,,
Zuzana,Bednáriková,Zuzana Bednáriková,NIE,,,SAV,SR,,,,https://scholar.google.sk/citations?hl=en&user=V6WRSE0AAAAJ,20,,,,,,,,,,,,,,,,
Radoslav,Bučík,Radoslav Bučík,NIE,,,SWRI,USA,solar energetic particles,,,https://scholar.google.com/citations?user=HsfZ4-gAAAAJ&hl=sk&oi=sra,20,,,,,,,,,,,,,,,,
Ľuboš ,Buzna,Ľuboš  Buzna,NIE,,,Uniza,SR,,,,https://scholar.google.com/citations?user=8fNQ5-oAAAAJ&hl=en,20,,,,,,,,,,,,,,,,
Ján,Brindza,Ján Brindza,NIE,,,Uniag,SR,,,,https://scholar.google.com/citations?user=bh37gIcAAAAJ&hl=sk&oi=ao,21,,,,,,,,,,,,,,,,
Michal,Cehlár,Michal Cehlár,NIE,,,TUKE,SR,,,,https://scholar.google.com/citations?user=284j8SIAAAAJ&hl=sk&oi=sra,20,,,,,,,,,,,,,,,,
Miloš,Černák,Miloš Černák,NIE,,,"Logitech, EPFL - Quartier de l'Innovation",Švajčiarsko,,,,https://scholar.google.com/citations?user=kVvEkkcAAAAJ&hl=en,21,,,,,,,,,,,,,,,,
Andrej,Čerňanský,Andrej Čerňanský,NIE,,,UK,SR,,,,https://scholar.google.com/citations?user=fWcsrfMAAAAJ&hl=en,21,,,,,,,,,,,,,,,,
Ima,Dovinová,Ima Dovinová,NIE,,,SAV,SR,,,,https://scholar.google.com/citations?user=catbsbsAAAAJ&hl=sk&oi=sra,20, ,,,,,,,,,,,,,,,
Eduard,Droberjar,Eduard Droberjar,NIE,,,SAV+ U. Hradec Králové,SR+ČR,,,,https://scholar.google.com/citations?user=wU1Pk7gAAAAJ&hl=en,21,,,,,,,,,,,,,,,,
Matej,Ďurčík,Matej Ďurčík,,,,U of Arizona,USA,,,,https://scholar.google.com/citations?hl=en&user=b3CKQuwAAAAJ,20,,,,,,,,,,,,,,,,
Stanislava,Fintová,Stanislava Fintová,,,,AV ČR,ČR,,,,https://scholar.google.com/citations?user=mwxYlO8AAAAJ&hl=sk&oi=ao,20,,,,,,,,,,,,,,,,
Jozef,Gnap,Jozef Gnap,NIE,,,UNIZA,SR,,,,https://scholar.google.com/citations?user=LnvOcAEAAAAJ&hl=sk&oi=ao,21,,,,,,,,,,,,,,,,
Ladislav,Hamerlik,Ladislav Hamerlik,NIE,,,UMB,SR,,,,https://scholar.google.sk/citations?user=YoX9cOgAAAAJ&hl=en,20,,,,,,,,,,,,,,,,
Aleš,Ház,Aleš Ház,NIE,,,STU,SR,,,,https://scholar.google.com/citations?user=tqsf7VIAAAAJ&hl=sk&oi=sra,20,,,,,,,,,,,,,,,,
Mirko,Horňák,Mirko Horňák,NIE,,,UPJŠ,SR,,,,https://scholar.google.com/citations?user=Rw61NrsAAAAJ&hl=sk,20,,,,,,,,,,,,,,,,
Robert,Hudec,Robert Hudec,NIE,,,UNIZA,SR,,,,https://scholar.google.sk/citations?user=92pXzVoAAAAJ&hl=sk,20,,,,,,,,,,,,,,,,
Miroslav,Chlebík,Miroslav Chlebík,NIE,,,Sussex,UK,matematika,,,https://scholar.google.com/citations?hl=en&user=FzZjYWgAAAAJhttps://scholar.google.com/citations?hl=en&user=FzZjYWgAAAAJ,20,,,,,,,,,,,,,,,,
Milan,Chromek,Milan Chromek,NIE,,,"Överläkare, Karolinska University Hospital",Švédsko,,,,https://scholar.google.com/citations?user=qaFzeEwAAAAJ&hl=sk&oi=ao,20,,,,,,,,,,,,,,,,
Mario,Janda,Mario Janda,NIE,,,UK,SR,,,,https://scholar.google.sk/citations?hl=en&user=ybkGGYoAAAAJ,20,,,,,,,,,,,,,,,,
Martin,Kanovský,Martin Kanovský,NIE,,,UK,SR,,,,https://scholar.google.com/citations?user=XZpT_aUAAAAJ&hl=en,21,,,https://uniba.sk/fileadmin/ruk/veda/docprof/FSEV_UK/Kanovsky/Kanovsky_CV.pdf,,,,,,,,,,,,,
Peter,Kapusta,Peter Kapusta,NIE,,,AV ČR,ČR,,,peter.kapusta@jh-inst.cas.cz,https://scholar.google.cz/citations?hl=en&user=V0Svj24AAAAJ8,23,,,,,,,,,,,,,,,,
Daniel,Klimovský,Daniel Klimovský,NIE,,,UK,SR,,,,https://scholar.google.com/citations?user=SubwPIkAAAAJ&hl=en&oi=ao,20,,,,,,,,,,,,,,,,
Jaroslav,Kováčik,Jaroslav Kováčik,NIE,,,SAV,SR,,,,https://scholar.google.com/citations?user=44IV3bAAAAAJ&hl=sk&oi=sra,21,,,,,,,,,,,,,,,,
Ján ,Kovaľ,Ján  Kovaľ,NIE,,,UPJŠ,SR,,, ,https://scholar.google.cz/citations?user=IskFqDwAAAAJ&hl=en,20,,,,,,,,,,,,,,,,
František,Križan,František Križan,NIE,,,UK,SR,,,,https://scholar.google.sk/citations?user=JBcQ0R4AAAAJ&hl=sk,20,,,,,,,,,,,,,,,,
František,Kundráčik,František Kundráčik,NIE,,,UK,SR,,,,https://scholar.google.sk/citations?hl=en&user=r9S6ZjgAAAAJ,20,,,,,,,,,,,,,,,,
Jaroslav,Legáth,Jaroslav Legáth,NIE,,,UVLF,SR,,,,https://scholar.google.com/citations?user=1a22g_AAAAAJ&hl=sk,20,,,,,,,,,,,,,,,,
Pavel,Mach,Pavel Mach,NIE,,,SAV,SR,,,,https://scholar.google.cz/citations?user=vNsKWO8AAAAJ&hl=cs,20,,,https://uniba.sk/fileadmin/ruk/veda/docprof/FMFI_UK/Mach/CV_Typo3.pdf,,,,,,,,,,,,,
Kvetoslava,Matlovičová,Kvetoslava Matlovičová,NIE,,,UniPo,SR,,,,https://scholar.google.sk/citations?user=6EHciosAAAAJ&hl=sk,20,,,,,,,,,,,,,,,,
Michal ,Mazúr,Michal Mazúr,NIE,,,AV ČR,ČR,,,,https://scholar.google.co.uk/citations?user=J3Njns8AAAAJ&hl=en,21,,,,,,,,,,,,,,,,
Peter,Mederly,Peter Mederly,NIE,,,UKF,SR,,,,https://scholar.google.co.th/citations?hl=en&user=dQbiUXAAAAAJ,20,,,,,,,,,,,,,,,,
Ivan,Mizera,Ivan Mizera,NIE,,,U. of Alberta,Kanada,Matematika,,,https://scholar.google.com/citations?user=JskklHQAAAAJ&hl=en,20,,,https://kultura.pravda.sk/divadlo/clanok/370219-dnesny-svet-nehodnotim-snazim-sa-don-zaclenit/,,,,,,,,,,,,,
Jana,Moravčíková,Jana Moravčíková,NIE,,,UCM,SR,,,,"https://scholar.google.com/citations?user=dOLGLf8AAAAJ&hl=en,",20,,,,,,,,,,,,,,,,
Radovan,Murín,Radovan Murín,NIE,,,UK,SR,,,,https://scholar.google.sk/citations?user=Vf2X_0YAAAAJ&hl=sk,19,,,,,,,,,,,,,,,,
Monika,Oláhová,Monika Oláhová,NIE,,,Newcastle U.,Veľká Británia,,,,https://scholar.google.com/citations?hl=en&user=ZOnQEeQAAAAJ,20,,,https://www.linkedin.com/in/monika-olahova-552043b6/?originalSubdomain=uk,,,,,,,,,,,,,
Zuzana,Orolínová-Danková,Zuzana Orolínová-Danková,NIE,,,geology.sk,SR,,,,https://scholar.google.cz/citations?user=BDKAd9EAAAAJ&hl=en,21,,,,,,,,,,,,,,,,
Daniela,Panáková,Daniela Panáková,NIE,,,mdc-berlin,Nemecko,Kardiovaskulárny ,,daniela.panakova@mdc-berlin.de,https://scholar.google.com/citations?user=ISGOz4IAAAAJ&hl=en,20,,,https://www.academia-net.org/profil/dr-daniela-panakova/1480629,,,,,,,,,,,,,
Ivan,Potočňák,Ivan Potočňák,NIE,,,UPJŠ,SR,,,,https://scholar.google.com/citations?user=1T0Nkx0AAAAJ&hl=sk&oi=sra,20,,,,,,,,,,,,,,,,
Michal,Považan,Michal Považan,NIE,,,DRCMR,Dánsko,,,,https://scholar.google.com/citations?user=V8IPMtUAAAAJ&hl=en&oi=sra,20,,,,,,,,,,,,,,,,
Michal,Rajnak,Michal Rajnak,NIE,,,SAV,SR,,,,https://scholar.google.com/citations?user=I-J-ABgAAAAJ&hl=sk&oi=sra,21,,,,,,,,,,,,,,,,
Ladislav,Roller,Ladislav Roller,NIE,,,SAV,SR,,,,https://scholar.google.com/citations?hl=en&user=JFjHMNwAAAAJ,20,,,,,,,,,,,,,,,,
Monika,Rychtáriková,Monika Rychtáriková,NIE,,,KU Leuven,Belgicko,,,,https://scholar.google.be/citations?user=MgMOrRMAAAAJ&hl=nl,20,,,,,,,,,,,,,,,,
Milan,Saniga,Milan Saniga,NIE,,,TUZVO,SR,,,,https://scholar.google.com/citations?hl=sk&user=33I88bsAAAAJ,20,,,,,,,,,,,,,,,,
Zuzana ,Sarvašová,Zuzana Sarvašová,NIE,,,NLCSK,SR,,,,https://scholar.google.com/citations?user=Lo4F_QoAAAAJ&hl=en,21,,,,,,,,,,,,,,,,
Monika,Sivoňová,Monika Sivoňová,NIE,,,UK,SR,,,,https://scholar.google.com/citations?user=KNkXov0AAAAJ&hl=sk&oi=sra,20,,,,,,,,,,,,,,,,
Tomáš,Skrúcaný,Tomáš Skrúcaný,NIE,,,UNIZA,SR,,,,https://scholar.google.com/citations?user=3C1MHjAAAAAJ&hl=vi,21,,,,,,,,,,,,,,,,
Ferdinand,Sporka,Ferdinand Sporka,NIE,,,SAV,SR,,,,https://scholar.google.com/citations?user=xODk3xsAAAAJ&hl=en,21,,,,,,,,,,,,,,,,
Martin,Straka,Martin Straka,NIE,,,TUKE,SR,,,,https://scholar.google.com/citations?user=QXFEKOYAAAAJ&hl=de,20,,,,,,,,,,,,,,,,
Katarína,Střelcová,Katarína Střelcová,NIE,,,TUZVO,SR,,,,https://scholar.google.com/citations?hl=sk&user=9WTL5eIAAAAJ,20,,,,,,,,,,,,,,,,
Stanislav,Szabo,Stanislav Szabo,NIE,,,TUKE,SR,,,,https://scholar.google.com/citations?user=xxUtNMMAAAAJ&hl=sk&oi=ao,22,,,,,,,,,,,,,,,,
Ján,Šajbidor,Ján Šajbidor,NIE,,,STU,SR,,,,https://scholar.google.com/citations?hl=en&user=Bed1kMgAAAAJ,20,,,,,,,,,,,,,,,,
Pavol,Šurda,Pavol Šurda,NIE,,,gstt.nhs.uk,Spojené kráľovstvo,,,,https://scholar.google.com/citations?user=U7omQdsAAAAJ&hl=sk&oi=sra,22,,,,,,,,,,,,,,,,
Igor,Štefančík,Igor Štefančík,NIE,,,NLC,SR,,,,https://scholar.google.cz/citations?user=UAwueX0AAAAJ&hl=en,20,,,,,,,,,,,,,,,,
Róbert,Štefko,Róbert Štefko,NIE,,,Unipo,SR,,,,https://scholar.google.sk/citations?user=_rolqiAAAAAJ&hl=en,20,,,,,,,,,,,,,,,,
Lucia,Švábová,Lucia Švábová,NIE,,,UNIZA,SR,,,,https://scholar.google.com/citations?user=y4Y_O8YAAAAJ&hl=sk,20,,,,,,,,,,,,,,,,
Vojtech,Veselý,Vojtech Veselý,NIE,,,STU,SR,,,,https://scholar.google.com/citations?user=Yo-EucEAAAAJ&hl=sk&oi=ao,20,,,,,,,,,,,,,,,,
Jozef,Zajac,Jozef Zajac,NIE,,,TUKE,SR,,,,https://scholar.google.com/citations?hl=en&user=yba75aMAAAAJ,20,,,,,,,,,,,,,,,,
Ingrid,Žitňanová,Ingrid Žitňanová,NIE,,,UK,SR,,,,https://scholar.google.com/citations?user=PdvRUhQAAAAJ&hl=sk&oi=ao,21,,,,,,,,,,,,,,,,
,,,NIE,,,,,,,,,,,,,,,,,,,,,,,,,
,, ,NIE,,,,,,,,,19,,,,,,,,,,,,,,,,
Radovan,Bačík,Radovan Bačík,NIE,,,UNIPO,SR,,,,https://scholar.google.co.th/citations?hl=en&user=HcxY7S4AAAAJ,19,,,,,,,,,,,,,,,,
Ján,Bajcsy,Ján Bajcsy,NIE,1978,,McGill,Kanada,,,,https://scholar.google.com/citations?user=hBIhrNUAAAAJ&hl=en,19,,,,,,,,,,,,,,,,
Dušan,Berkeš,Dušan Berkeš,NIE,,,STU,SR,,,,https://scholar.google.sk/citations?user=lJ5k5DgAAAAJ&hl=sk,19,,,,,,,,,,,,,,,,
Gabriel,Bianchi,Gabriel Bianchi,NIE,,,SAV,SR,,,,https://scholar.google.com/citations?user=AxqHA1UAAAAJ&hl=sk,19,,,,,,,,,,,,,,,,
Ingrid,Bhatia,Ingrid Bhatia,NIE,,,UK,SR,,,,https://scholar.google.com/citations?hl=en&user=hvJYQq8AAAAJ,19,,,,,,,,,,,,,,,,
Peter,Blišťan,Peter Blišťan,NIE,,,TUKE,SR,,,,https://scholar.google.com/citations?hl=en&user=TST8OicAAAAJ,19,,,,,,,,,,,,,,,,
Vladimíra,Čavojová,Vladimíra Čavojová,NIE,,,SAV,SR,,,,https://scholar.google.com/citations?user=rvqUWtcAAAAJ&hl=en,19,,,,,,,,,,,,,,,,
Zuzana,Dobšinská,Zuzana Dobšinská,NIE,,,TUZvo,SR,,,,https://scholar.google.com/citations?user=oNUbUroAAAAJ&hl=en,19,,,,,,,,,,,,,,,,
Matúš,Dubecký,Matúš Dubecký,NIE,,,U. of Ostrava,ČR,,https://nano.osu.cz/matus-dubecky/,,https://scholar.google.com/citations?user=RrRzl2cAAAAJ&hl=sk,19,,,https://prf.osu.cz/matus-dubecky/71677/#2-zivotopis,,,,,,,,,,,,,
Jaroslav,Ďurkovič,Jaroslav Ďurkovič,NIE,,,TUZvo,SR,,,,https://scholar.google.sk/citations?user=95-WBdcAAAAJ&hl=sk,19,,,,,,,,,,,,,,,,
Igor,Farkaš,Igor Farkaš,NIE,,,UK,SR,,,,https://scholar.google.sk/citations?hl=en&user=q3FVV9AAAAAJ,19,,,,,,,,,,,,,,,,
Peter,Gaži,Peter Gaži,NIE,,,IOG Research,SR,CryptographySecurityBlockchains,,,https://scholar.google.com/citations?hl=en&user=sxdob7UAAAAJ,19,,,https://www.linkedin.com/in/peter-ga%C5%BEi-61b5b22/?originalSubdomain=sk,,,,,,,,,,,,,
Michal,Greguš,Michal Greguš,NIE,,,UK,SR,,,,https://scholar.google.com/citations?user=HHph4SMAAAAJ&hl=sk&oi=ao,19,,,,,,,,,,,,,,,,
Júlia,Halamová,Júlia Halamová,NIE,,,UK,SR,,,,https://scholar.google.sk/citations?user=MMqnE0EAAAAJ&hl=en,19,,,https://uniba.sk/fileadmin/ruk/veda/docprof/FSEV_UK/Halamova_prof/2019-halamova-CV.pdf,,,,,,,,,,,,,
Filip,Hanzely,Filip Hanzely,NIE,,,TTIC,SR,,,,https://scholar.google.sk/citations?user=_X0AKjEAAAAJ&hl=sk,19,,,,,,,,,,,,,,,,
Abolfazl,Heydari,Abolfazl Heydari,NIE,,,SAV,SR,,,,https://scholar.google.sk/citations?hl=en&user=4NZVPaMAAAAJ,19,,,,,,,,,,,,,,,,
Róbert,Chlebo,Róbert Chlebo,NIE,,,SPU,SR,,,,https://scholar.google.com/citations?user=r8IPVkMAAAAJ&hl=sk,19,,,,,,,,,,,,,,,,
Miroslav,Iliaš,Miroslav Iliaš,NIE,,,UMB,SR,,,,https://scholar.google.sk/citations?hl=en&user=KYUWm6kAAAAJ,19,,,,,,,,,,,,,,,,
Miroslav,Kelemen,Miroslav Kelemen,NIE,,,TUKE,SR,,,,https://scholar.google.sk/citations?user=CuOdFlcAAAAJ&hl=sk,19,,,,,,,,,,,,,,,,
Ján,Klimas,Ján Klimas,,,,UK,SR,,,,https://scholar.google.sk/citations?user=T7QGcawAAAAJ&hl=sk,19,,,https://uniba.sk/fileadmin/ruk/veda/docprof/FaF_UK/doc._Klimas/J._Klimas_-_zivotopis.pdf,,,,,,,,,,,,,
Denis,Kochan,Denis Kochan,,,,SAV,SR,Theoretical PhysicsCondensed Matter PhysicsCondensed Matter TheoryGraphene and 2D Materials,,,https://scholar.google.com/citations?user=XhINsvEAAAAJ&hl=sk&oi=sra,19,,,https://impulz.sav.sk/fellows/IMPULZ_Kochan_Profil_EN.pdf,,,,,,,,,,,,,
Norbert,Kopčo,Norbert Kopčo,NIE,,,UPJŠ,SR,,,,https://scholar.google.com/citations?user=R3rIA9sAAAAJ&hl=en,19,,,,,,,,,,,,,,,,
Anna,Križanová,Anna Križanová,NIE,,,UNIZA,SR,,,,https://scholar.google.com/citations?user=LaBR-kIAAAAJ&hl=sk&oi=ao,19,,,,,,,,,,,,,,,,
Juraj,Kronek,Juraj Kronek,NIE,,,SAV,SR,,,,https://scholar.google.com/citations?user=2C4BX_kAAAAJ&hl=sk,19,,,,,,,,,,,,,,,,
Jozef,Kúdela,Jozef Kúdela,NIE,,,TUZVO,SR,,,,https://scholar.google.com/citations?hl=sk&user=2_N261kAAAAJ,19,,,,,,,,,,,,,,,,
Matúš,Kúdela,Matúš Kúdela,NIE,,,UK,SR,,,,https://scholar.google.com/citations?user=ElAh8GsAAAAJ&hl=en,19,,,,,,,,,,,,,,,,
Martin,Kusý,Martin Kusý,NIE,,,STU,SR,,,,https://scholar.google.com/citations?user=OSMEeRAAAAAJ&hl=en,19, ,,,,,,,,,,,,,,,
Branislav,Kura,Branislav Kura,NIE,,,SAV,SR,,,,https://scholar.google.sk/citations?hl=en&user=sGpPGiMAAAAJ,19,,,,,,,,,,,,,,,,
Jana,Libantová,Jana Libantová,NIE,,,SAV,SR,,,,https://scholar.google.com/citations?user=TyZYXl0AAAAJ&hl=sk&oi=sra,19,,,,,,,,,,,,,,,,
Peter,Madzik,Peter Madzik,NIE,,,UK,SR,,,,https://scholar.google.com/citations?user=M-PNG1AAAAAJ&hl=sk&oi=sra,19,,,,,,,,,,,,,,,,
Štefan,Marchalín,Štefan Marchalín,NIE,,,STU,SR,,,,https://scholar.google.com/citations?user=l3wmMoUAAAAJ&hl=sk&oi=sra,19,,,,,,,,,,,,,,,,
Pavol,Mikolka,Pavol Mikolka,NIE,,,UK,SR,,,,https://scholar.google.sk/citations?user=InhDGjIAAAAJ&hl=sk,19,,,,,,,,,,,,,,,,
Martin,Mokroš,Martin Mokroš,NIE,,,ČZU,ČR,,,,https://scholar.google.sk/citations?user=zXX2vTUAAAAJ&hl=sk,19,,,,,,,,,,,,,,,,
Peter,Morovič,Peter Morovič,NIE,,,hp.com,SR,Color ScienceImaging/PhotographyVision2D/3D PrintingComputational Geometry,,,https://scholar.google.com/citations?user=rg5k548AAAAJ&hl=sk&oi=ao,19,,,,,,,,,,,,,,,,
Janette,Musilová,Janette Musilová,NIE,,,Uniag,SR,,,,https://scholar.google.sk/citations?user=SBdjqQsAAAAJ&hl=sk,19,,,,,,,,,,,,,,,,
Lucia,Mýtna Kureková,Lucia Mýtna Kureková,NIE,,,SAV+CELSI+...,SR,,https://www.celsi.sk/sk/ludia/detail/51/lucia-mytna-kurekova/,,https://scholar.google.sk/citations?user=R8W1f64AAAAJ&hl=en,19,,,https://orcid.org/0000-0002-5038-7931,https://www.celsi.sk/media/people/cv/cvlucia-mytna-kurekovajuly-2018celsi-1.pdf,,,,,,,,,,,,
Pavol,Navrat,Pavol Navrat,NIE,,,Kinit,SR,,,,https://scholar.google.sk/citations?user=UOQJEUUAAAAJ&hl=en,19,,,,,,,,,,,,,,,,
Vladimír ,Nečas,Vladimír Nečas,NIE,,,STU,SR,,,,https://scholar.google.com/citations?user=u_yaIz4AAAAJ&hl=sk&oi=sra,19,,,,,,,,,,,,,,,,
Andrej ,Novák,Andrej  Novák,NIE,,,UNIZA,SR,,,,https://scholar.google.sk/citations?user=HjNAcYAAAAAJ&hl=sk,19,,,,,,,,,,,,,,,,
Monika,Okuliarová,Monika Okuliarová,NIE,,,UK,SR,,,,https://scholar.google.com/citations?user=txKioIoAAAAJ&hl=sk&oi=sra,19,,,,,,,,,,,,,,,,
Katarína,Oravcová,Katarína Oravcová,NIE,,,Uni. of Glasgow,Veľká Británia,mikrobiológia,,,https://scholar.google.co.uk/citations?user=SR0AIYsAAAAJ&hl=en,19,,,,,,,,,,,,,,,,
Marta,Orviská,Marta Orviská,NIE,,,UMB,SR,,,zomrela 2023,https://scholar.google.sk/citations?hl=en&user=fAlN0usAAAAJ,19,,,,,,,,,,,,,,,,
Juraj,Pavúk,Juraj Pavúk,NIE,,,SAV ,SR,,,,https://scholar.google.com/citations?hl=en&user=7_OqtvIAAAAJ,19,,,,,,,,,,,,,,,,
Štefan,Parimucha,Štefan Parimucha,NIE,,,UPJŠ,SR,,,,https://scholar.google.com/citations?hl=en&user=68tek-EAAAAJ,19,,,,,,,,,,,,,,,,
Matúš,Pleva,Matúš Pleva,NIE,,,TUKE,SR,,,,https://scholar.google.com/citations?user=TgWS5vUAAAAJ&hl=en,19,,,,,,,,,,,,,,,,
Michaela,Potančoková,Michaela Potančoková,NIE,,,Vienna Institute of Demography and IIASA (Wittgenstein Centre),Rakúsko,,,,https://scholar.google.at/citations?hl=en&user=wE0_isUAAAAJ,19, ,,https://previous.iiasa.ac.at/web/home/research/researchPrograms/WorldPopulation/Staff/CV_Potancokova_Jan_2020.pdf,,,,,,,,,,,,,
Ján,Radvánszky,Ján Radvánszky,NIE,,,SAV,SR,,,,https://scholar.google.sk/citations?user=PaCM9BkAAAAJ&hl=en,19,,,,,,,,,,,,,,,,
Miroslava,Rajčaniová,Miroslava Rajčaniová,NIE,,,Uniag,SR,,,,https://scholar.google.com/citations?user=dn0rrH4AAAAJ&hl=en,19,,,,,,,,,,,,,,,,
Ivan,Ropovik,Ivan Ropovik,NIE,,,UNIPO,SR,,,,https://scholar.google.co.th/citations?hl=en&user=IKB8HIIAAAAJ,19,,,,,,,,,,,,,,,,
Ivan,Salamon,Ivan Salamon,NIE,,,UNIPO,SR,,,,https://scholar.google.co.th/citations?hl=en&user=9oT_DccAAAAJ,21,,,,,,,,,,,,,,,,
Peter,Samaš,Peter Samaš,NIE,,???,AV ČR,ČR,,,,https://scholar.google.cz/citations?user=qtrJrJ4AAAAJ&hl=cs,19,,,,,,,,,,,,,,,,
Milan,Sedliak,Milan Sedliak,NIE,,,UK,SR,,,,https://scholar.google.com/citations?user=ksYYOl8AAAAJ&hl=sk&oi=ao,19,,,,,,,,,,,,,,,,
Peter,Slezák,Peter Slezák,NIE,,,UoNew South Wales,Austrália,,,,https://scholar.google.com/citations?user=Dtq4y9cAAAAJ&hl=en,19,,,https://philpeople.org/profiles/peter-slezak,,,,,,,,,,,,,
Emil,Spišák,Emil Spišák,NIE,,,TUKE,SR,,,,https://scholar.google.com/citations?user=6u-isHEAAAAJ&hl=sk,19,,,,,,,,,,,,,,,,
Ladislav ,Stacho,Ladislav  Stacho,NIE,,,Simon Frazer University,Kanada,,,,https://scholar.google.com/citations?hl=en&user=h4-cz68AAAAJ,19,,,,,,,,,,,,,,,,
Júlia,Starková,Júlia Starková,NIE,,,KU,ČR,,https://clip.lf2.cuni.cz/cs/tym/,,https://scholar.google.cz/citations?user=zEtqLEMAAAAJ&hl=en,19,,,,,,,,,,,,,,,,
Andrea,Škulcová,Andrea Škulcová,NIE,,,STU,SR,,,,https://scholar.google.com/citations?user=7I3y4pAAAAAJ&hl=sk&oi=sra,19,,,,,,,,,,,,,,,,
Jiří,Škvarla,Jiří Škvarla,NIE,,,TUKE,SR,,,,https://scholar.google.com/citations?hl=en&user=R5kLobwAAAAJ,19,,,,,,,,,,,,,,,,
Milan,Švolík,Milan Švolík,NIE,,,Yale,USA,,,,https://scholar.google.com/citations?hl=en&user=oA8AfA8AAAAJ,19,,,,,,,,,,,,,,,,
Andrej,Thurzo,Andrej Thurzo,NIE,,,UK,SR,Medicína,,,https://scholar.google.com/citations?user=Kqg729oAAAAJ&hl=en&oi=sra,19,,,,,,,,,,,,,,,,
Marek,Turčáni,Marek Turčáni,NIE,https://home.czu.cz/turcani/zivotopis?editmode=0,,ČZU,SR,,,,https://scholar.google.com/citations?hl=cs&user=fQtBLNQAAAAJ,19,,,,,,,,,,,,,,,,
Juraj,Tóth,Juraj Tóth,NIE,,,UK,SR,astronómia,,,https://scholar.google.com/citations?user=QZMMpJsAAAAJ&hl=sk&oi=sra,19,,,,,,,,,,,,,,,,
Dušan,Velič,Dušan Velič,NIE,,,UK,SR,,,,https://scholar.google.sk/citations?user=2MnfUskAAAAJ&hl=sk,19,,,zomrel 2023,,,,,,,,,,,,,
Matej,Vojtek,Matej Vojtek,NIE,,,UKF,SR,,,,https://scholar.google.com/citations?user=YXoZGt0AAAAJ&hl=en,19,,,,,,,,,,,,,,,,
Jana,Vojteková,Jana Vojteková,NIE,,,UKF,SR,,,,https://scholar.google.com/citations?user=ULsN0KcAAAAJ&hl=en,19,,,,,,,,,,,,,,,,
Milan,Zubrik,Milan Zubrik,NIE,,,NLC,SR,,,,https://scholar.google.sk/citations?user=1aNpn30AAAAJ&hl=sk,19,,,,,,,,,,,,,,,,
Milan,Žemlička,Milan Žemlička,NIE,,,UVLF,SR,,,,https://scholar.google.se/citations?user=qjGCAN0AAAAJ&hl=en,19,,,,,,,,,,,,,,,,
,,,NIE,,,,,,,,,,,,,,,,,,,,,,,,,
,, ,NIE,,,,,,,,,18,,,,,,,,,,,,,,,,
Boris,Andel,Boris Andel,NIE,,,UK,SR,jadrová fyzika,,,https://scholar.google.com/citations?user=ZnKFCckAAAAJ&hl=sk&oi=ao,18,,,,,,,,,,,,,,,,
Miriam,Andrejiová,Miriam Andrejiová,NIE,,,TUKE,SR,,,,https://scholar.google.com/citations?user=LhoYE1MAAAAJ&hl=sk&oi=sra,18,,,,,,,,,,,,,,,,
Marian,Babiak,Marian Babiak,NIE,,,CZU,ČR,,,,https://scholar.google.com/citations?user=3VBqnpsAAAAJ&hl=sk&oi=ao,18,,,,,,,,,,,,,,,,
Pavol,Bielik,Pavol Bielik,NIE,,,ETH,Švajčiarsko,,https://www.sri.inf.ethz.ch/people/pavol,,https://scholar.google.com/citations?user=JNTwnawAAAAJ&hl=en,18,,,https://www.quark.sk/medzi-najlepsimi-na-svete/,,,,,,,,,,,,,
Jozef,Bocko,Jozef Bocko,NIE,,,TUKE,SR,,,,https://scholar.google.sk/citations?hl=en&user=QpX2Q5IAAAAJ,18,,,,,,,,,,,,,,,,
Tomáš,Čermák,Tomáš Čermák,NIE,,??????,U.of Minnesota,USA,,,,https://scholar.google.com/citations?user=7DybKloAAAAJ&hl=en,18,,,https://www.linkedin.com/in/tomas-cermak-663960a7/,,,,,,,,,,,,,
Zuzana ,Čierna,Zuzana  Čierna,NIE,,,UK,SR,,,,https://scholar.google.com/citations?user=_FRPBZMAAAAJ&hl=sk,18,,,,,,,,,,,,,,,,
Ján,Derco,Ján Derco,NIE,,,STU,SR,,,,https://scholar.google.com/citations?hl=en&user=PNNEkTEAAAAJ,18,,,,,,,,,,,,,,,,
Ján,Drgoňa,Ján Drgoňa,NIE,,,Pacific Northwest National Laboratory,USA,scientific machine learningdifferentiable programmingparametric programmingoptimal controlbuilding control,,,https://scholar.google.sk/citations?user=A-EA2KsAAAAJ&hl=sk,18,,,,,,,,,,,,,,,,
Martin,Drlík,Martin Drlík,NIE,,,UKF,SR,,,,https://scholar.google.sk/citations?user=ELNjZAMAAAAJ&hl=sk,18,,,,,,,,,,,,,,,,
Pavol,Eliáš,Pavol Eliáš,NIE,1949,,Uniag,SR,,,,https://scholar.google.sk/citations?user=ldGmnl4AAAAJ&hl=sk,18,,,https://vesmir.cz/cz/o-nas/autori/e/elias-pavol.html,,,,,,,,,,,,,
Peter,Fedor,Peter Fedor,NIE,,,UK,SR,,,,https://scholar.google.com/citations?user=uu09B6kAAAAJ&hl=sk,18,,,,,,,,,,,,,,,,
Richard,Fedorko,Richard Fedorko,NIE,,,UNIPO,SR,,,,https://scholar.google.co.th/citations?hl=en&user=5IHvkEIAAAAJ,18,,,,,,,,,,,,,,,,
Pavel,Fellner,Pavel Fellner,NIE,,,STU,SR,,,,https://scholar.google.com/citations?user=sWBDhWMAAAAJ&hl=sk&oi=ao,18,,,,,,,,,,,,,,,,
Peter,Fleischer,Peter Fleischer,NIE,,,TUZvo,SR,,,,https://scholar.google.sk/citations?user=fdeAuuIAAAAJ&hl=sk,18,,,,,,,,,,,,,,,,
Martin,Gavalec,Martin Gavalec,NIE,11.11.1942 Žilina,ČR,U. Hradec Králové,ČR,,,,https://scholar.google.com/citations?hl=en&user=OT_6iBMAAAAJ,18,,,https://www.wikidata.org/wiki/Q95138738,,,,,,,,,,,,,
Ján,Híveš,Ján Híveš,NIE,,,STU,SR,,,,https://scholar.google.com/citations?user=ytjLH0QAAAAJ&hl=sk&oi=ao,18,,,,,,,,,,,,,,,,
Marian,Holienka,Marian Holienka,NIE,,,UK,SR,,,,https://scholar.google.com/citations?user=Jy1A8FQAAAAJ&hl=en&oi=ao,18,,,,,,,,,,,,,,,,
Miroslav,Horník,Miroslav Horník,NIE,,,UCM,SR,,,,https://scholar.google.com/citations?user=LMUMqoIAAAAJ&hl=en,18,,,,,,,,,,,,,,,,
Alexander,Hošovský,Alexander Hošovský,NIE,,,TUKE,SR,,,,https://scholar.google.com/citations?hl=en&user=zbrEc8QAAAAJ,18,,,,,,,,,,,,,,,,
Boris,Hudec,Boris Hudec,NIE,,,NCTU,Taiwan,,,,https://scholar.google.com.tw/citations?user=6_K2N0UAAAAJ&hl=en,18,,,,,,,,,,,,,,,,
Ján,Ivančo,Ján Ivančo,NIE,,,SAV,SR,,,,https://scholar.google.com/citations?user=lkIIVLUAAAAJ&hl=es,18,,,,,,,,,,,,,,,,
Oleksandra,Ivanova,Oleksandra Ivanova,,,,SAV,SR,,,,https://scholar.google.com/citations?user=EMxqwv0AAAAJ&hl=sk&oi=sra,18,,,,,,,,,,,,,,,,
Jozef,Jandačka,Jozef Jandačka,,,,UniZA,SR,,,,https://scholar.google.com/citations?user=qTU1hcgAAAAJ&hl=sk,18,,,,,,,,,,,,,,,,
Michal ,Kelemen,Michal  Kelemen,NIE,,,TUKE,SR,,,,https://scholar.google.com/citations?hl=en&user=Uapvk7AAAAAJ,18,,,,,,,,,,,,,,,,
Mária,Kieferová,Mária Kieferová,NIE,,,U. of Technology Sydney,Austrália,Quantum Computing,https://www.mariakieferova.com/,,https://scholar.google.com/citations?user=On96N_0AAAAJ&hl=sk,18,,,https://static1.squarespace.com/static/5c8da29651f4d479ae620c2b/t/62e09b3f6832d30e9016004f/1658886976717/kieferova_CV_long+%282%29.pdf,,,,,,,,,,,,,
 Branislav,Kollár, Branislav Kollár,NIE,,,Harvard,USA,,,,https://scholar.google.com/citations?user=ML16VXwAAAAJ&hl=de,18,,,https://uniba.sk/fileadmin/ruk/veda/docprof/LF_UK/Kollar/17_doc._Kollar_-_zivotopis.pdf,,,,,,,,,,,,,
Ján,Koščo,Ján Koščo,NIE,,,PU,SR,,,,https://scholar.google.sk/citations?user=BbTC5NkAAAAJ&hl=sk,18,,,,,,,,,,,,,,,,
Rastislav,Kotulič,Rastislav Kotulič,NIE,,,UniPo,SR,,,,https://scholar.google.com/citations?user=uNmZQ5gAAAAJ&hl=fil,18,,,,,,,,,,,,,,,,
Anton,Kováčik,Anton Kováčik,NIE,,,SPU,SR,,,,https://scholar.google.com/citations?user=_bdhNMAAAAAJ&hl=sk,18,,,,,,,,,,,,,,,,
Jana,Krajňáková,Jana Krajňáková,NIE,,,SCION,Nový Zéland,lesnická genetika,,scion/our-people/people/forest-science/jana-krajakovahttps://www.scionresearch.com/about-us/about-scion/our-people/people/forest-science/jana-krajakova,https://scholar.google.co.nz/citations?user=Lar-4bMAAAAJ&hl=en,19,,,,,,,,,,,,,,,,
Tibor,Krenický,Tibor Krenický,NIE,,,TUKE,SR,,,,https://scholar.google.sk/citations?hl=en&user=3gnFzEUAAAAJ,18,,,,,,,,,,,,,,,,
Peter,Križan,Peter Križan,NIE,,,STU,SR,,,,https://scholar.google.com/citations?user=fOAQVUoAAAAJ&hl=sk&oi=ao,18,,,,,,,,,,,,,,,,
Anton,Mateašik,Anton Mateášik,NIE,,,ILC,SR,,,,https://scholar.google.com/citations?user=fuRCkYoAAAAJ&hl=sk&oi=sra,18,,,,,,,,,,,,,,,,
Justin,Murín,Justin Murín,NIE,,,STU,SR,,,,https://scholar.google.com/citations?user=hXw7NXcAAAAJ&hl=sk&oi=sra,18,,,,,,,,,,,,,,,,
Ľudmila ,Nováková Marcinčínová,Ľudmila  Nováková Marcinčínová,NIE,,,TUKE,SR,,,,https://scholar.google.sk/citations?user=J9D40_MAAAAJ&hl=sk,18,,,,,,,,,,,,,,,,
Ondrej,Mikšík,Ondrej Mikšík,NIE,,?,Microsoft,Švajčiarsko,computer visionmachine learningmobile roboticsoptimization,http://miksik.co.uk/,ondra.miksik@gmail.com,https://scholar.google.com/citations?user=Q5CBlNcAAAAJ&hl=sk&oi=ao,18,,,,,,,,,,,,,,,,
Renáta,Machová,Renáta Machová,NIE,,,Selye Uni,SR,,,,https://scholar.google.hu/citations?user=XPPqOrUAAAAJ&hl=en,18,,,,,,,,,,,,,,,,
Ľubomír,Ondruška,Ľubomír Ondruška,NIE,,,VUZV,SR,,,,https://scholar.google.com/citations?user=5oYlIM4AAAAJ&hl=sk&oi=sra,18,,,,,,,,,,,,,,,,
Marta,Oravcová,Marta Oravcová,NIE,,,NPCC,SR,,,,https://scholar.google.sk/citations?user=cdn1_4kAAAAJ&hl=sk,18,,,,,,,,,,,,,,,,
Lucia,Paulovičová,Lucia Paulovičová,NIE,,,SAV,SR,,,,https://scholar.google.com/citations?user=mHruoO8AAAAJ&hl=sk&oi=sra,18,,,,,,,,,,,,,,,,
Jarmila,Pavlovičová,Jarmila Pavlovičová,NIE,,,STU,SR,,,,https://scholar.google.com/citations?user=ZMWu-KQAAAAJ&hl=sk&oi=ao,18,,,,,,,,,,,,,,,,
Radoslav,Paulen,Radoslav Paulen,NIE,,,STU,SR,,,,https://scholar.google.com/citations?hl=en&user=JBx2SewAAAAJ,18,,,https://www.stuba.sk/sk/diani-na-stu/prehlad-aktualit/vedkyne-vedci-profesorky-a-profesori-2017.html?page_id=11650,,,,,,,,,,,,,
Martina,Pavlíková,Martina Pavlíková,NIE,,,UKF,SR,,,,https://scholar.google.com/citations?user=yXN87WsAAAAJ&hl=sk&oi=sra,18,,,,,,,,,,,,,,,,
František,Pollák,František Pollák,NIE,,,EU,SR,,,,https://scholar.google.com/citations?user=CgvxcRUAAAAJ&hl=en&oi=sra,18,,,,,,,,,,,,,,,,
Andrea,Rosová (Kuffner),Andrea Rosová (Kuffner),NIE,,,TUKE ,SR,,,,https://scholar.google.sk/citations?hl=en&user=0rDoN64AAAAJ,18,,,,,,,,,,,,,,,,
Behzad,Sadeghi,Behzad Sadeghi,NIE,,,SAV,SR,,,,https://scholar.google.sk/citations?hl=en&user=7JtD_eEAAAAJ,18,,,,,,,,,,,,,,,,
Mariana,Sedliačiková,Mariana Sedliačiková,NIE,,,TUZVO,SR,,,,https://scholar.google.com/citations?user=SntFZj4AAAAJ&hl=sk&oi=sra,18,,,,,,,,,,,,,,,,
Anna,Slobodová,Anna Slobodová,NIE,,,Centaur Technologies,USA,Formal VerificationHardware DesignComplexity TheoryAlgorithm Design,,,https://scholar.google.com/citations?user=MKCVLCwAAAAJ&hl=sk&oi=sra,18,,,,,,,,,,,,,,,,
Ľubomír,Snoha,Ľubomír Snoha,NIE,,,UMB,SR,,,,https://scholar.google.sk/citations?hl=en&user=Kk0w10AAAAAJ,18,,,,,,,,,,,,,,,,
Viera,Stopjaková,Viera Stopjaková,NIE,,,STU,SR,,,,https://scholar.google.com/citations?user=APBBq1kAAAAJ&hl=sk,18,,,,,,,,,,,,,,,,
Peter,Šebej,Peter Šebej,NIE,,,MU,ČR,,,,https://scholar.google.com/citations?user=i6hYBCgAAAAJ&hl=sk&oi=ao,18,,,,,,,,,,,,,,,,
Alexandra,Šimonovičová,Alexandra Šimonovičová,NIE,,,UK,SR,mikrobiológieekológiamykológia,,,https://scholar.google.com/citations?user=ZTVFroYAAAAJ&hl=sk&oi=sra,18,,,,,,,,,,,,,,,,
Stanislav,Španiel,Stanislav Španiel,NIE,,,SAV,SR,,,,https://scholar.google.com/citations?hl=en&user=ACZkyDMAAAAJ,18,,,,,,,,,,,,,,,,
Igor,Šurina,Igor Šurina,NIE,,,STU,SR,,,,https://scholar.google.com/citations?hl=en&user=wHD6ZWwAAAAJ,18,,,,,,,,,,,,,,,,
Martina,Takáčová,Martina Takáčová,NIE,,,SAV,SR,,,,https://scholar.google.com/citations?user=L_xexw4AAAAJ&hl=sk&oi=sra,18,,,,,,,,,,,,,,,,
Juraj,Todt,Juraj Todt,NIE,,,MUL,Rakúsko,,,,https://scholar.google.com/citations?user=R74yeAoAAAAJ&hl=en&oi=sra,18,,,,,,,,,,,,,,,,
Libor,Trško,Libor Trško,NIE,,,UNIZA,SR,Fatigue of MetalsUltra-long Fatigue LifeHigh Frequency Fatigue TestingShot PeeningNanocrystallization of Surface Lay,,,https://scholar.google.com/citations?user=vapcKMwAAAAJ&hl=sk&oi=sra,18,,,,,,,,,,,,,,,,
Peter,Vajda,Peter Vajda,NIE,,,SAV,SR,,,,https://scholar.google.sk/citations?hl=en&user=4aPgcSUAAAAJ,18,,,,,,,,,,,,,,,,
Silvia,Vilčeková,Silvia Vilčeková,NIE,,,TUKE,SR,,,,https://scholar.google.com/citations?hl=sk&user=N-up0sAAAAAJ,18,,,,,,,,,,,,,,,,
Vojtech,Vlček,Vojtech Vlček,NIE,,,UC St Barbara,USA,,,,https://scholar.google.com/citations?user=38cr9N4AAAAJ&hl=en,18,,,,,,,,,,,,,,,,
Jozef,Výrost,Jozef Výrost,NIE,,,SAV,SR,,,,https://scholar.google.com/citations?user=fI9Dft4AAAAJ&hl=sk&oi=ao,18,,,,,,,,,,,,,,,,
Kamil,Zeleňák,Kamil Zeleňák,NIE,,,UNM,SR,,,,https://scholar.google.sk/citations?user=kDBH__oAAAAJ&hl=sk,18,,,,,,,,,,,,,,,,
Milan,Žukovič,Milan Žukovič,NIE,,,UPJŠ,SR,,,,https://scholar.google.com/citations?hl=en&user=22DWZJYAAAAJ,18,,,,,,,,,,,,,,,,
,,,NIE,,,,,,,,,,,,,,,,,,,,,,,,,
,, ,NIE,,,,,,,,,17,,,,,,,,,,,,,,,,
Elena,Aydin (Kondrlová),Elena Aydin,NIE,,,Uniag,SR,,,,https://scholar.google.com/citations?user=xIQqZvsAAAAJ&hl=en,17,,,,,,,,,,,,,,,,
Viera,Bačová,Viera Bačová,NIE,,,SAV,AR,,,,https://scholar.google.com/citations?user=evICuuQAAAAJ&hl=ja,17,,,,,,,,,,,,,,,,
Marek,Barta,Marek Barta,NIE,,,SAV,SR,,,,https://scholar.google.sk/citations?hl=en&user=lZdXpLMAAAAJ,17,,,,,,,,,,,,,,,,
Jozef,Bátora,Jozef Bátora,NIE,,,SAV,SR,archeológia,,,https://scholar.google.com/citations?user=2sHZ8P8AAAAJ&hl=sk&oi=ao,17,,,,,,,,,,,,,,,,
Peter ,Bella,Peter Bella,NIE,1984,SR,TU Dortmund,Nemecko,Matemat. analýza,,peter.bella@tu-dortmund.de,https://scholar.google.com/citations?hl=en&user=ljcChKQAAAAJ,17,,,http://www.math.uni-leipzig.de/~bella/cv.pdf,,,,,,,,,,,,,
Jaroslav,Budiš,Jaroslav Budiš,NIE,,,UK,SR,,,,https://scholar.google.sk/citations?user=lRzVgd0AAAAJ&hl=en,17,,,,,,,,,,,,,,,,
Tomáš,Bucha,Tomáš Bucha,NIE,,,NLC,SR,,,,https://scholar.google.com/citations?user=ZDVyZAQAAAAJ&hl=en,17,,,,,,,,,,,,,,,,
Vladimír,Cambel,Vladimír Cambel,NIE,,,SAV,SR,,,,https://scholar.google.sk/citations?user=fV5fhKsAAAAJ&hl=en,17,,,,,,,,,,,,,,,,
Michal ,Čeppan,Michal  Čeppan,NIE,,,STU,SR,,,,https://scholar.google.com/citations?user=S_neYdQAAAAJ&hl=sk,17,,,,,,,,,,,,,,,,
Fedor,Čiampor,Fedor Čiampor,NIE,,,SAV,SR,,,,https://scholar.google.com/citations?hl=en&user=zcaSAuEAAAAJ,17,,,,,,,,,,,,,,,,
Anton,Čižmár,Anton Čižmár,NIE,,,TUKE,SR,,,,https://scholar.google.com/citations?hl=en&user=IaMU5zAAAAAJ,17,,,,,,,,,,,,,,,,
Juraj,Čuboň,Juraj Čuboň,NIE,,,SPU,SR,,,,https://scholar.google.com/citations?user=t6fsS7sAAAAJ&hl=sk&oi=ao,17,,,,,,,,,,,,,,,,
Lenka,Demková,Lenka Demková,NIE,,,UNIPO,SR,,,,https://scholar.google.co.th/citations?hl=en&user=gZFiTQIAAAAJ,17,,,,,,,,,,,,,,,,
Mariana,Derzsi,Mariana Derzsi,NIE,,,STU,SR,,,,https://scholar.google.com/citations?hl=en&user=qumFdRIAAAAJ,17,,,,,,,,,,,,,,,,
Andrej,Findor,Andrej Findor,NIE,,,UK,SR,,,,https://scholar.google.com/citations?user=dOcEaqMAAAAJ&hl=sk&oi=ao,17,,,,,,,,,,,,,,,,
Emil,Fulajtar,Emil Fulajtar,NIE,,,VUPOP,SR,,,,https://scholar.google.com/citations?user=l6zrzkEAAAAJ&hl=sk&oi=ao,17,,,,,,,,,,,,,,,,
Adriana,Ferancová,Adriana Ferancová,NIE,,,U. of Oulu,Fínsko,,,,https://scholar.google.com/citations?user=GaMVkRMAAAAJ&hl=en,17,,,,,,,,,,,,,,,,
Peter,Froklovič,Peter Froklovič,NIE,,,STU,SR,,,,https://scholar.google.sk/citations?user=x_5eSeEAAAAJ&hl=sk,17,,,,,,,,,,,,,,,,
Martin,Gančo,Martin Gančo,NIE,,,U.of Wisconsin,USA,,,,https://scholar.google.com/citations?user=gWGfRJoAAAAJ&hl=en,17,,,,,,,,,,,,,,,,
Juraj,Gazda,Juraj Gazda,NIE,,,TUKE,SR,,,,https://scholar.google.com/citations?user=LPDebP4AAAAJ&hl=en&oi=ao,17,,,,,,,,,,,,,,,,
Andrej,Gendiar,Andrej Gendiar,NIE,,,SAV,SR,,,,https://scholar.google.com/citations?user=T0fLNm4AAAAJ&hl=en,17,,,,,,,,,,,,,,,,
Erika,Gomoryová,Erika Gomoryová,NIE,,,TUZvo,SR,,,,https://scholar.google.sk/citations?user=qDS63XcAAAAJ&hl=en,17,,,,,,,,,,,,,,,,
Richard,Hlubina,Richard Hlubina,,,,UK,SR,,,,https://scholar.google.com/citations?user=0z1cju8AAAAJ&hl=en,17,,,,,,,,,,,,,,,,
Denis,Horváth,Denis Horváth,,,,UPJŠ,SR,,,,https://scholar.google.com/citations?hl=en&user=VAmjCYQAAAAJ,17,,,,,,,,,,,,,,,,
Oto,Hudec,Oto Hudec,NIE,,,TUKE,SR,,,,https://scholar.google.com/citations?user=6_a0ipUAAAAJ&hl=en,17,,,,,,,,,,,,,,,,
Vladimír ,Ira,Vladimír  Ira,NIE,,,SAV,SR,,,,https://scholar.google.com/citations?user=6XH9CCMAAAAJ&hl=en,17,,,,,,,,,,,,,,,,
Robert,Jajcay,Robert Jajcay,NIE,,,UK,SR,,, ,https://scholar.google.sk/citations?user=HBPzDNAAAAAJ&hl=en,17,,,https://uniba.sk/fileadmin/ruk/veda/docprof/FMFI_UK/Jajcay/Zivotopis_inauguracia_oprava_01.pdf,,,,,,,,,,,,,
Miroslav,Jančo,Miroslav Jančo,NIE,,,Dow Chemical company,??,polymérové separácie,,,https://scholar.google.com/citations?user=sVvBvRwAAAAJ&hl=en,17,,,,,,,,,,,,,,,,
Rastislav,Jurčík,Rastislav Jurčík,NIE,,,VUZV,SR,,,,https://scholar.google.com/citations?user=ocDF8UkAAAAJ&hl=sk&oi=sra,17,,,,,,,,,,,,,,,,
Jaroslava,Kádárová,Jaroslava Kádárová,NIE,,,TUKE,SR,,,,https://scholar.google.com/citations?user=0SEJ6qAAAAAJ&hl=sk&oi=sra,17,,,,,,,,,,,,,,,,
Ivan,Kalaš,Ivan Kalaš,NIE,,,UK,SR,,,,https://scholar.google.sk/citations?hl=en&user=QrcJK5MAAAAJ,17,,,,,,,,,,,,,,,,
Ondrej,Kaščák,Ondrej Kaščák,NIE,,,TRUNI,SR,,,,https://scholar.google.com/citations?user=-WLTAvYAAAAJ&hl=en&oi=sra,17,,,,,,,,,,,,,,,,
Samer,Khouri,Samer Khouri,NIE,,,TUKE,SR,,,,https://scholar.google.com/citations?hl=sk&user=wKaBRm4AAAAJ,17,,,,,,,,,,,,,,,,
Viera,Khunová,Viera Khunová,NIE,,,STU,SR,,,,https://scholar.google.sk/citations?user=qFQ-108AAAAJ&hl=sk,17,,,,,,,,,,,,,,,,
Katarína,Klucková,Katarína Klucková,NIE,,,U.of Birmingham,Veľká Británia,,,,https://scholar.google.com/citations?user=43SrfrAAAAAJ&hl=sk&oi=ao,17,,,,,,,,,,,,,,,,
Judita,Kochjarová,Judita Kochjarová,NIE,,,TUZvo,SR,,,,https://scholar.google.com/citations?hl=sk&user=dxZO-80AAAAJ,17,,,,,,,,,,,,,,,,
Juraj,Kočí,Juraj Kočí,NIE,,,SAV,SR,,,,https://scholar.google.com/citations?user=ODhAxaoAAAAJ&hl=en,17,,,,,,,,,,,,,,,,
Ivan,Košík,Ivan Košík,NIE,,,FDA,USA,,,,https://scholar.google.com/citations?user=aaOWe4cAAAAJ&hl=en&oi=ao,17,,,,,,,,,,,,,,,,
Petra,Košútová,Petra Košútová,NIE,,,UK,SR,,,,https://scholar.google.com/citations?user=vtPampUAAAAJ&hl=sk&oi=sra,17,,,,,,,,,,,,,,,,
Kristína,Kočišová,Kristína Kočišová,NIE,,,TUKE,SR,,,,https://scholar.google.com/citations?hl=en&user=hAFa1fQAAAAJ,17,,,,,,,,,,,,,,,,
Marianna,Kováčová,Marianna Kováčová,NIE,,,UK,SR,,,,https://scholar.google.co.th/citations?hl=en&user=bDOJBNgAAAAJ,17,,,,,,,,,,,,,,,,
Peter,Kúš,Peter Kúš,NIE,,,CUni,ČR,nanotechnologymaterials scienceenergyhydrogen economy,,,https://scholar.google.com/citations?user=T7oRbBsAAAAJ&hl=sk&oi=ao,17,,,,,,,,,,,,,,,,
Andrej,Kunca,Andrej Kunca,NIE,,,NLC,SR,,,,https://scholar.google.sk/citations?user=vRQDyHAAAAAJ&hl=sk,17,,,,,,,,,,,,,,,,
Daniel,Kurjak,Daniel Kurjak,NIE,,,TUZVO,SR,,,,https://scholar.google.com/citations?user=Yol87OEAAAAJ&hl=en&oi=sra,17,,,,,,,,,,,,,,,,
Vladimír,Kutiš,Vladimír Kutiš,NIE,,,STU,SR,mechanicsmechatronicsmultiphysical analysisfinite element methodcomputational fluid dynamics,,,https://scholar.google.com/citations?user=eJxI4eYAAAAJ&hl=sk&oi=ao,17,,,,,,,,,,,,,,,,
Vladimír,Lisý,Vladimír Lisý,NIE,,,TUKE,SR,,,,https://scholar.google.com/citations?user=y3LVCYMAAAAJ&hl=en,17,,,,,,,,,,,,,,,,
Tomáš,Madaras,Tomáš Madaras,NIE,,,UPJŠ,SR,,,,https://scholar.google.com/citations?hl=en&user=n6Ir4dAAAAAJ,17,,,,,,,,,,,,,,,,
Pavol,Miklánek,Pavol Miklánek,NIE,,,SAV,SR,,,,https://scholar.google.com/citations?user=mxfM5oUAAAAJ&hl=sk&oi=sra,17,,,,,,,,,,,,,,,,
Barbora,Malecová,Barbora Malecová,NIE,,,Sanford Burnham Prebys Medical Discovery Institute,USA,,,,https://scholar.google.co.th/citations?hl=en&user=_wFX3gMAAAAJ,17,,,https://www.linkedin.com/in/barboramalecova/,,,,,,,,,,,,,
Juraj,Medo,Juraj Medo,NIE,,,Uniag,SR,,,,https://scholar.google.com/citations?user=J60pm7EAAAAJ&hl=en,17,,,,,,,,,,,,,,,,
Alžbeta,Medveďová,Alžbeta Medveďová,NIE,,,STU,SR,,,,https://scholar.google.com/citations?user=LWxS6UYAAAAJ&hl=sk&oi=sra,17,,,,,,,,,,,,,,,,
Miroslav,Mikolášek,Miroslav Mikolášek,NIE,,,STU,SR,,,,https://scholar.google.com/citations?user=5VpccREAAAAJ&hl=sk&oi=sra,17,,,,,,,,,,,,,,,,
Richard,Mraz,Richard Mráz,NIE,,?????????,Sunnybrook Health Sciences Centre,Kanada,,,,https://scholar.google.ca/citations?user=CyFLz4YAAAAJ&hl=en,17,,,,,,,,,,,,,,,,
Hubert,Paluš,Hubert Paluš,NIE,,,TUZVO,SR,,,,https://scholar.google.com/citations?hl=en&user=lcJrwZEAAAAJ,17,,,,,,,,,,,,,,,,
Iveta,Pandová,Iveta Pandová,NIE,,,TUKE,SR,,,,https://scholar.google.com/citations?hl=sk&user=WSDKbXAAAAAJ,17,,,,,,,,,,,,,,,,
Peter,Papp,Peter Papp,NIE,,,UK,SR,,,,https://scholar.google.sk/citations?hl=en&user=JVpFtrsAAAAJ,17,,,,,,,,,,,,,,,,
Ján,Paralič,Ján Paralič,NIE,,,TUKE,SR, ,,,https://scholar.google.com/citations?user=iarN6TUAAAAJ&hl=en,17,,,,,,,,,,,,,,,,
Viliam,Pichler,Viliam Pichler,NIE,,,TUTVO,SR,,,,https://scholar.google.co.th/citations?hl=en&user=yCjQX3sAAAAJ,17,,,,,,,,,,,,,,,,
Jaroslav,Porubän,Jaroslav Porubän,NIE,,,TUKE,SR,,,,https://scholar.google.com/citations?hl=en&user=vitQnJ8AAAAJ,17,,,,,,,,,,,,,,,,
Branislav,Pupala,Banislav Pupala,NIE,,,TRUNI,SR,,,,https://scholar.google.com/citations?user=uY5GEp4AAAAJ&hl=en&oi=sra,17,,,,,,,,,,,,,,,,
Michal,Pospíšil,Michal Pospíšil,NIE,,,UK,SR,,,,https://scholar.google.sk/citations?hl=en&user=H4wkFmQAAAAJ,17,,,,,,,,,,,,,,,,
Ján,Rafay,Ján Rafay,NIE,,,VUZV,SR,,,,https://scholar.google.com/citations?user=El0kMUQAAAAJ&hl=sk&oi=sra,17,,,,,,,,,,,,,,,,
Zdenko,Reguli,Zdenko Reguli,NIE,,,MUNI,ČR,,,,https://scholar.google.cz/citations?hl=en&user=CmnsR0wAAAAJ,17,,,,,,,,,,,,,,,,
Miroslav,Rievaj,Miroslav Rievaj,NIE,,,KU,SR,,,,https://scholar.google.sk/citations?user=bu3HFakAAAAJ&hl=sk,17,,,,,,,,,,,,,,,,
Danica,Rosinová,Danica Rosinová,NIE,,,STU,SR,,,,https://scholar.google.com/citations?hl=en&user=o4Qw_2YAAAAJ,17,,,,,,,,,,,,,,,,
Róbert,Sedmák,Róbert Sedmák,NIE,,,TURVO,SR,,,,https://scholar.google.sk/citations?user=Gb76CDAAAAAJ&hl=en,17,,,,,,,,,,,,,,,,
Michal,Slaný,Michal Slaný,NIE,,,SAV,SR,,,,https://scholar.google.com/citations?user=rmI-mzUAAAAJ&hl=sk&oi=sra,17,,,,,,,,,,,,,,,,
Roman,Soták,Roman Soták,NIE,,,UPJŠ ,SR,,,,https://scholar.google.com/citations?hl=en&user=aJW2zbwAAAAJ,17,,,,,,,,,,,,,,,,
Jana,Szolgayová,Jana Szolgayová,NIE,,,UK,SR,,,,https://scholar.google.com/citations?user=D9o0AmQAAAAJ&hl=sk,17,,,,,,,,,,,,,,,,
Jaroslav,Šálka,Jaroslav Šálka,NIE,,,TUZVO,SR,,,,https://scholar.google.com/citations?hl=en&user=tswf2bQAAAAJ,17,,,,,,,,,,,,,,,,
František,Šeršeň,František Šeršeň,NIE,,,UK,SR,,,,https://scholar.google.com/citations?user=hEmIXrEAAAAJ&hl=sk,17,,,,,,,,,,,,,,,,
Pavel,Šiarnik,Pavel Šiarnik,NIE,,,UK,SR,,,,https://scholar.google.sk/citations?user=IW37JgwAAAAJ&hl=en,17,,,,,,,,,,,,,,,,
Branislav,Šprocha,Branislav Šprocha,NIE,,,UCM,SR,,,,https://scholar.google.com/citations?user=mrvxu8cAAAAJ&hl=sk&oi=sra,17,,,,,,,,,,,,,,,,
Silvester,Takács,Silvester Takács,NIE,,,SAV,SR,,,zomrel 2017,https://scholar.google.com/citations?user=xcYY7ZYAAAAJ&hl=sk&oi=sra,17,,,,,,,,,,,,,,,,
Ján,Vaščák,Ján Vaščák,NIE,,,TUKE,SR,,,,https://scholar.google.com/citations?hl=en&user=nnd6b68AAAAJ,17,,,,,,,,,,,,,,,,
Ľudovít,Varečka,Ľudovít Varečka,NIE,,,STU,SR,,,,https://scholar.google.com/citations?hl=en&user=4Z-7VxgAAAAJ,17,,,,,,,,,,,,,,,,
Daniel,Végh,Daniel Végh,NIE,,,STU,SR,,,,https://scholar.google.sk/citations?user=h_ubfm8AAAAJ&hl=sk,17,,,,,,,,,,,,,,,,
Ivan,Virgala,Ivan Virgala,NIE,,,TUKE,SR,,,,https://scholar.google.com/citations?hl=en&user=KaEEisQAAAAJ,17,,,,,,,,,,,,,,,,
,,,NIE,,,,,,,,,,,,,,,,,,,,,,,,,
 ,,  ,NIE,,,,,,,,,16,,,,,,,,,,,,,,,,
Peter,Andráš,Peter Andráš,NIE,,,UMB,SR,,,,https://scholar.google.com/citations?hl=sk&user=iHkWgkMAAAAJ,16,,,,,,,,,,,,,,,,
Martina,Antošová,Martina Antošová,NIE,,,UK,SR,,,,https://scholar.google.sk/citations?user=5hqrGAEAAAAJ&hl=sk,16,,,,,,,,,,,,,,,,
Monika,Bakošová,Monika Bakošová,NIE,,,STU,SR,,,,https://scholar.google.com/citations?hl=sk&user=2ctMrIcAAAAJ,16,,,,,,,,,,,,,,,,
Michal,Barla,Michal Barla,NIE,,,luigisbox,,,,,https://scholar.google.com/citations?user=eC65mIcAAAAJ&hl=sk,16,,,,,,,,,,,,,,,,
Mária,Bartošová,Mária Bartošová,NIE,,,U. Heidelberg,Nemecko,,,,https://scholar.google.com/citations?hl=en&user=RwPYuG0AAAAJ,16,,,https://www.linkedin.com/in/maria-bartosova-73b6a4ba/?originalSubdomain=de,,,,,,,,,,,,,
Miroslav,Benco,Miroslav Benco,NIE,,,UNIZA,SR,,,,https://scholar.google.com/citations?user=eyq2gAIAAAAJ&hl=sk&oi=ao,16,,,,,,,,,,,,,,,,
Matej,Blažek,Matej Blažek,NIE,,,Newcastle U.,Veľká Británia,ChildhoodMigrationEmotionsAgency,,matej.blazek@ncl.ac.uk,https://scholar.google.com/citations?hl=en&user=FX0nDkEAAAAJ,16,,,,,,,,,,,,,,,,
Lenka,Bobulská,Lenka Bobulská,NIE,,,UniPo,SR,,,,https://scholar.google.com/citations?user=PQQsmxMAAAAJ&hl=sk&oi=sra,16,,,,,,,,,,,,,,,,
Boris,Bokor,Boris Bokor,NIE,,,UK,SR,,,,https://scholar.google.com/citations?user=Bjy7bnoAAAAJ&hl=sk&oi=sra,16,,,,,,,,,,,,,,,,
 ,Bučeková,Marcela Bučeková,NIE,,,SAV,SR,,,,https://scholar.google.com/citations?user=TGNuvSkAAAAJ&hl=sk&oi=sra,16,,,,,,,,,,,,,,,,
Šimon,Budzák,Šimon Budzák,NIE,,,UMB,SR,,,,https://scholar.google.com/citations?hl=sk&user=6YzX3xAAAAAJ,16,,,,,,,,,,,,,,,,
Martin,Bujňák,Martin Bujňák,NIE,,,ČVUT,ČR,,,,https://scholar.google.com/citations?user=Ge4w-ZkAAAAJ&hl=sk&oi=ao,16,,,https://www.linkedin.com/in/martin-bujnak-24457b13/?originalSubdomain=sk,,,,,,,,,,,,,
Peter,Butka,Peter Butka,NIE,,,TUKE ,SR,,,,https://scholar.google.com/citations?hl=en&user=eYhPgtMAAAAJ,16,,,,,,,,,,,,,,,,
Eva,Bystrenová,Eva Bystrenová,NIE,,,CNR,Taliansko,nanotechnologysoft lithographybiophysics,,,https://scholar.google.com/citations?user=E5BL0GsAAAAJ&hl=sk&oi=sra,16,,,https://www.linkedin.com/in/eva-bystrenova-5493a769/?originalSubdomain=it,,,,,,,,,,,,,
Tomáš,Čejka,Tomáš Čejka,NIE,,,SAV,SR,,,,https://scholar.google.com/citations?hl=en&user=5yuCJZoAAAAJ,16,,,,,,,,,,,,,,,,
Slavomír,Čerňanský,Slavomír Čerňanský,NIE,,,UK,SR,,,,https://scholar.google.com/citations?user=EA-tz58AAAAJ&hl=en&oi=ao,16,,,,,,,,,,,,,,,,
Jozef,Doboš,Jozef Doboš,NIE,,,UPJŠ,SR,Matematika,,,https://scholar.google.com/citations?user=BpdmWaIAAAAJ&hl=en&oi=ao,16,,,,,,,,,,,,,,,,
Lubica,Dudáková,Lubica Dudáková,NIE,,,U.Karlova,ČR,,,,https://scholar.google.com/citations?user=yDQVhNsAAAAJ&hl=en,16,,,,,,,,,,,,,,,,
Ján,Duplák,Ján Duplák,NIE,,,TUKE,SR,,,,https://scholar.google.com/citations?user=Ex5g7kgAAAAJ&hl=en&oi=sra,16,,,,,,,,,,,,,,,,
Peter,Fabián,Peter Fabián,NIE,,,Uniza,SR,,,,https://scholar.google.com/citations?user=RK2pPooAAAAJ&hl=en&oi=ao,16,,,,,,,,,,,,,,,,
Pavol,Galajda,Pavol Galajda,NIE,,,TUKE,SR,,,,https://scholar.google.sk/citations?hl=en&user=SxkRQJMAAAAJ,16,,,,,,,,,,,,,,,,
Martina,Gáliková,Martina Gáliková,NIE,,,SAV,SR,,,,https://scholar.google.sk/citations?hl=en&user=Fh0owZwAAAAJ,16,,,,,,,,,,,,,,,,
Miloš,Gejdoš,Miloš Gejdoš,NIE,,,TUZVO,SR,,,,https://scholar.google.com/citations?hl=en&user=vp51VHwAAAAJ,16,,,,,,,,,,,,,,,,
Patrik,Grznár,Patrik Grznár,NIE,,,Uniza,SR,Industrial EngineeringAdvanced Industrial EngineeringModeling and SimulationFactory of the FutureManufacturing Concepts,,,https://scholar.google.com/citations?user=yseQDUoAAAAJ&hl=sk&oi=sra,16,,,,,,,,,,,,,,,,
Zuzana,Hajduová,Zuzana Hajduová,NIE,,,EU,SR,,,,https://scholar.google.com/citations?hl=en&user=21XgEIkAAAAJ,16, ,,,,,,,,,,,,,,,
Michal,Hatala,Michal Hatala,NIE,,,TUKE,SR,,,,https://scholar.google.com/citations?user=qgxDyaQAAAAJ&hl=en&oi=ao,16,,,,,,,,,,,,,,,,
Pavol,Hauptvogel,Pavol Hauptvogel,NIE,,,VURV,SR,,,,https://scholar.google.sk/citations?user=TZFBHzcAAAAJ&hl=sk,16,,,,,,,,,,,,,,,,
Juma,Haydary,Juma Haydary,NIE,,,STU,SR,,,,https://scholar.google.com/citations?hl=en&user=LsCkhVcAAAAJ,16,,,https://www.fchpt.stuba.sk/buxus/docs/vymenuvacie_konania_a_habilitacie/Haydary/Zivotopis_Haydary.pdf,,,,,,,,,,,,,
Eva,Haviarová,Eva Haviarová,NIE,,,Purdue U.,USA,,,,https://scholar.google.com/citations?hl=en&user=2LCgDUIAAAAJ,16,,,https://df.tuzvo.sk/en/node/451,,,,,,,,,,,,,
Martin,Homola,Martin Homola,NIE,,,UK,SR,,,,https://scholar.google.sk/citations?hl=en&user=kzCtlCkAAAAJ,16,,,,,,,,,,,,,,,,
Marian,Hruška-Plocháň,Marian Hruška-Plocháň,NIE,,,U. of Zurich,Švajčiarsko,,,,https://scholar.google.com/citations?user=M31d81UAAAAJ&hl=en,16,,,,,,,,,,,,,,,,
Mária,Hudáková,Mária Hudáková,NIE,,,UNIZA,SR,,,,https://scholar.google.com/citations?user=ElFcCtEAAAAJ&hl=sk,16,,,,,,,,,,,,,,,,
Jozef,Hvorecký,Jozef Hvorecký,NIE,,,VŠTE,ČR,,,,https://scholar.google.sk/citations?user=DwoBZ74AAAAJ&hl=sk,16,,,,,,,,,,,,,,,,
Janka,Chlebíková,Janka Chlebíková,NIE,,,U.of Portsmouth,Veľká Británia,,,,https://scholar.google.co.uk/citations?user=8e3FzSQAAAAJ&hl=en,16,,,,,,,,,,,,,,,,
Martin,Kalina,Martin Kalina,NIE,,,STU,SR,,,,https://scholar.google.com/citations?user=DZlbTpEAAAAJ&hl=en&oi=ao,16,,,,,,,,,,,,,,,,
Svetlana,Kapalková,Svetlana Kapalková,NIE,,,UK,SR,,,,https://scholar.google.sk/citations?hl=en&user=VktoxeQAAAAJ,16,,,,,,,,,,,,,,,,
Miloslav,Karhánek,Miloslav Karhánek,NIE,,,SAV,SR,,,,https://scholar.google.com/citations?user=DFHTb20AAAAJ&hl=sk&oi=sra,16,,,,,,,,,,,,,,,,
Martin,Klaučo,Martin Klaučo,NIE,,,STU,SR,,,,https://scholar.google.com/citations?user=wVXDzr8AAAAJ&hl=en,16,,,,,,,,,,,,,,,,
Tatiana,Klempová,Tatiana Klempová,NIE,,,STU,SR,,,,https://scholar.google.com/citations?user=vZJ5ztIAAAAJ&hl=sk&oi=sra,16,,,,,,,,,,,,,,,,
Michal,Kolesár,Michal Kolesár,NIE,,,Princeton,USA,,,,https://scholar.google.com/citations?user=Joau394AAAAJ&hl=sk&oi=ao,16,,,,,,,,,,,,,,,,
Martin ,Kopáni,Martin Kopáni,NIE,,,vszsp.cz,?,,,,https://scholar.google.com/citations?user=nyDm1VMAAAAJ&hl=en&oi=sra,16,,,,,,,,,,,,,,,,
Anna,Kotasková,Anna Kotasková,NIE,,,Pan Euro U.,SR,,,,https://scholar.google.com/citations?user=w3ET9xEAAAAJ&hl=sk&oi=ao,16,,,,,,,,,,,,,,,,
Olga,Krupková,Olga Krupková,NIE,,,USB,Švajčiarsko,,http://www.lepageri.eu/members/olga-krupkova,,https://scholar.google.com/citations?hl=en&user=ErspbC0AAAAJ,16,,,,,,,,,,,,,,,,
Juraj,Králik,Juraj Králik,NIE,,,STU,SR,,,,https://scholar.google.com/citations?hl=en&user=C5lL4LEAAAAJ,16,,,,,,,,,,,,,,,,
František,Kreps,František Kreps,NIE,,,STU,SR,,,,https://scholar.google.com/citations?user=7CriYMIAAAAJ&hl=sk&oi=ao,16,,,,,,,,,,,,,,,,
Jozef,Kúdela,Jozef Kúdela,NIE,,,amat.com,Kanada?,,,,https://scholar.google.ca/citations?user=L-O3TlYAAAAJ&hl=en,16,,,,,,,,,,,,,,,,
Vladimír,Leksa,Vladimír Leksa,,,,SAV,SR,,,,https://scholar.google.sk/citations?user=xQBZNTgAAAAJ&hl=sk,16,,,,,,,,,,,,,,,,
Šimon,Mackovjak,Šimon Mackovjak,,,,SAV,SR,astrofyzika,,,https://scholar.google.com/citations?user=MtI0-FEAAAAJ&hl=cs,16,,,,,,,,,,,,,,,,
Ján,Mačutek,Ján Mačutek,NIE,,,UK,SR,,,,https://scholar.google.sk/citations?user=-eLwAbAAAAAJ&hl=en,16,,,,,,,,,,,,,,,,
Peter,Malík,Peter Malík,NIE,,,ŠGÚDŠ,SR,,,,https://scholar.google.be/citations?user=JnrB6mkAAAAJ&hl=nl,16,,,,,,,,,,,,,,,,
Ján,Maňuch,Ján Maňuch,NIE,,,U. of British Columbia,Kanada,,,,https://scholar.google.com/citations?user=lWJ1ENsAAAAJ&hl=en,16,,,https://www.cs.ubc.ca/~jmanuch/cv.pdf,,,,,,,,,,,,,
Katarína,Maráková,Katarína Maráková,NIE,,,UK,SR,,,,https://scholar.google.com/citations?user=eJF-VkIAAAAJ&hl=en,16,,,,,,,,,,,,,,,,
Jozef,Martinka,Jozef Martinka,NIE,,,STU,SR,,,,https://scholar.google.sk/citations?user=G6bHhjQAAAAJ&hl=sk,16,,,,,,,,,,,,,,,,
Emil,Matúš,Emil Matúš,NIE,,,TU Dresden,Nemecko,,,,https://scholar.google.com/citations?hl=en&user=EALPT7wAAAAJ,16,,,,,,,,,,,,,,,,
Juraj,Medzihorský,Juraj Medzihorský,NIE,,,Durham U.,Veľká Británia,social data sciencemethodologycomparative politics,,,https://scholar.google.com/citations?user=plTqtDwAAAAJ&hl=sk&oi=sra,16,,,,,,,,TUZVO,SR,,,,https://scholar.google.com/citations?hl=sk&user=yhRRIx0AAAAJ,16,,
Daniel,Mihálik,Daniel Mihálik,NIE,,,VURV,SR,biochémiabiotechnológiemolekulárna biológiaecology,,,https://scholar.google.com/citations?user=6eZpu5sAAAAJ&hl=sk&oi=ao,16,,,,,,,,,,,,,,,,
Peter,Mikulecký,Peter Mikulecký,NIE,,,U. Hradec Králové,ČR,,,,https://scholar.google.com/citations?hl=en&user=Eo1zJ48AAAAJ,16,,,,,,,,,,,,,,,,
Andrej,Mirossay,Andrej Mirossay,NIE,,,OPJŠ,SR,,,,https://scholar.google.sk/citations?user=LZrW-_EAAAAJ&hl=en,16,,,,,,,,,,,,,,,,
Robert,Mistrík,Robert Mistrík,NIE,,,Highchem,SR,,,,https://scholar.google.sk/citations?user=USLBg9wAAAAJ&hl=en,16,,,,,,,,,,,,,,,,
Matúš,Mišík,Matúš Mišík,NIE,,,UK,SR,,,,https://scholar.google.com/citations?user=yP-FXHMAAAAJ&hl=fi,16,,,,,,,,,,,,,,,,
Naďa,Mrkyvková,Naďa Mrkyvková,NIE,,,SAV,SR,,,,https://scholar.google.sk/citations?hl=en&user=kyCnT0QAAAAJ,16,,,,,,,,,,,,,,,,
Eva,Niess (Hečková),Eva Niess,NIE,,SR,Meduniwien,Rakúsko,,,,https://scholar.google.com/citations?user=_1cYNYkAAAAJ&hl=sk&oi=sra,16,,,,,,,,,,,,,,,,
Christo,Nikolov,Christo Nikolov,NIE,,,NLC,SR,,,,https://scholar.google.sk/citations?user=ftMMVzEAAAAJ&hl=en,16,,,,,,,,,,,,,,,,
Branislav,Olah,Branislav Olah,NIE,,,TUZVO,SR,,,,https://scholar.google.com/citations?hl=sk&user=yhRRIx0AAAAJ,16,,,,,,,,,,,,,,,,
Miloš,Oravec,Miloš Oravec,NIE,,,STU,SR,,,,https://scholar.google.com/citations?user=7D1pkbsAAAAJ&hl=sk&oi=sra,16,,,,,,,,,,,,,,,,
Ján,Parobek,Ján Parobek,NIE,,,TUZVO,SR,,,,https://scholar.google.com/citations?user=9R8glJsAAAAJ&hl=en&oi=sra,16,,,,,,,,,,,,,,,,
Lukáš Felix,Paštéka,Lukáš Felix Pašteka,NIE,,,UK,SR,Computational Chemistry,,,https://scholar.google.se/citations?user=2y8u1xIAAAAJ&hl=en,16,,,https://www.researchgate.net/profile/Lukas-Pasteka,,,,,,,,,,,,,
Ján,Pekár,Ján Pekár,NIE,,,UK,SR,,,,https://scholar.google.com/citations?user=rWDmENUAAAAJ&hl=en,16,,,,,,,,,,,,,,,,
Andrej,Privara,Andrej Privara,NIE,,,EU,SR,,,,https://scholar.google.com/citations?user=USCPHUoAAAAJ&hl=sk&oi=ao,16,,,,,,,,,,,,,,,,
Anna,Remková,Anna Remková,NIE,,,SZU,SR,,,,https://scholar.google.com/citations?user=iZEEclAAAAAJ&hl=sk,16,,,,,,,,,,,,,,,,
Martin,Sarnovský,Martin Sarnovský,NIE,,,TUKE,SR,,,,https://scholar.google.sk/citations?user=kvMoPz4AAAAJ&hl=en,16,,,,,,,,,,,,,,,,
Maroš,Servátka,Maroš Servátka,NIE,,,Macquarie Business School,Austrália,,,,https://scholar.google.com/citations?user=NBl_SC0AAAAJ&hl=en&oi=ao,16,,,,,,,,,,,,,,,,
Magdaléna,Skalická,Magdaléna Skalická,NIE,,,UVLF,SR,,,,https://scholar.google.com/citations?user=fgc56dYAAAAJ&hl=sk&oi=ao,16,,,,,,,,,,,,,,,,
Michal,Slezák,Michal Slezák,NIE,,,SAV,SR,,,,https://scholar.google.cz/citations?user=8v2KPpEAAAAJ&hl=cs,16,,,,,,,,,,,,,,,,
Juraj ,Sokol,Juraj  Sokol,NIE,,,UK?,SR,,,,https://scholar.google.sk/citations?user=Cf4FsX0AAAAJ&hl=sk,16,,,,,,,,,,,,,,,,
Peter ,Solár,Peter Solár,NIE,,,CEREC,BE,,,,https://scholar.google.com/citations?user=nBPChUYAAAAJ&hl=en,16,,,,,,,,,,,,,,,,
Peter,Spáč,Peter Spáč,NIE,,,MUNI,ČR,electionspolitical partieselectoral reformspublic administrationpopulism,https://www.muni.cz/en/people/103226-peter-spac/cv,,https://scholar.google.com/citations?user=n6lOsZwAAAAJ&hl=sk&oi=ao,16,,,,,,,,,,,,,,,,
Ivan,Srba,Ivan Srba,NIE,,,Kinit,SR,,,,https://scholar.google.com/citations?user=7JrxTrAAAAAJ&hl=sk&oi=ao,16, ,,,,,,,,,,,,,,,
Juraj,Šibík,Juraj Šibík,NIE,,,Uof Cambridge,Spojené kráľovstvo,TerahertzChemical Engineering,,,https://scholar.google.com/citations?user=hPYBjv4AAAAJ&hl=sk&oi=ao,16,,,,,,,,,,,,,,,,
Jiří,Šilha,Jiří Šilha,NIE,,,UK,SR,,,,https://scholar.google.com/citations?user=jOd47GAAAAAJ&hl=en&oi=ao,17,,,,,,,,,,,,,,,,
Jakub,Šimko,Jakub Šimko,NIE,,,Kinit,SR,,,,https://scholar.google.com/citations?user=vjXMG2AAAAAJ&hl=sk,16,,,,,,,,,,,,,,,,
Marian,Šimko,Marian Šimko,NIE,,,Kinit,SR,,,,https://scholar.google.com/citations?user=t0WixXUAAAAJ&hl=sk,16,,,,,,,,,,,,,,,,
Tomáš,Škovránek,Tomáš Škovránek,NIE,,,TUKE,SR,,,,https://scholar.google.com/citations?hl=en&user=T-6-Oe4AAAAJ,16,,,,,,,,,,,,,,,,
Michal,Šprlák,Michal Šprlák,NIE,,,Západočeská univerzita,ČR,,,,https://scholar.google.sk/citations?user=1Z8J3skAAAAJ&hl=en,16,,,https://myorava.sme.sk/c/22284584/vyskum-michala-sprlaka-z-oravy-zaujal-aj-odbornikov-v-nasa.html,,,,,,,,,,,,,
Peter,Štarchoň,Peter Štarchoň,NIE,,,UK,SR,,,,https://scholar.google.com/citations?user=y_LgSSAAAAAJ&hl=sk&oi=sra,16,,,,,,,,,,,,,,,,
Ján,Terpak,Ján Terpak,NIE,,,TUKE ,SR,,,,https://scholar.google.com/citations?hl=en&user=BlBhYRsAAAAJ,16,,,,,,,,,,,,,,,,
Jozef,Uličný,Jozef Uličný,NIE,,,UPJŠ,SR,,,,https://scholar.google.sk/citations?hl=en&user=jmAWxPgAAAAJ,16,,,,,,,,,,,,,,,,
Andrej,Veľas,Andrej Veľas,NIE,,,UNIZA,SR,,,,https://scholar.google.sk/citations?user=FlioLk0AAAAJ&hl=sk,16,, ,,,,,,,,,,,,,,
Ján,Venglovský,Ján Venglovský,NIE,,,UVLF,SR,,,,https://scholar.google.com/citations?user=gmRhS4EAAAAJ&hl=sk&oi=ao,16,,,,,,,,,,,,,,,,
Miroslav,Veverka,Miroslav Veverka,NIE,,,eurofins,,,,,https://scholar.google.com/citations?user=bBOYd0kAAAAJ&hl=sk&oi=sra,16,,,,,,,,,,,,,,,,
Matúš,Valach,Matúš Valach,NIE,,,U.of Montreal,Kanada,mitochondrial genome evolutiongene expressionRNA processingyeast and protist evolution,,,https://scholar.google.sk/citations?user=Vw0v3gMAAAAJ&hl=sk,16,,,,,,,,,,,,,,,,
Karol,Végsö,Karol Végsö,NIE,,,SAV,SR,,,,https://scholar.google.ae/citations?user=Hg1zv_oAAAAJ&hl=iw,16,,,,,,,,,,,,,,,,
Jozef,Világi,Jozef Világi,NIE,,,UK,SR,astronómia,,,https://scholar.google.sk/citations?hl=en&user=qM0DF58AAAAJ,16,,,,,,,,,TUKE,SR,,,,https://scholar.google.sk/citations?user=6t1Zq4cAAAAJ&hl=sk,16,
Zuzana,Vranayová,Zuzana Vranayová,NIE,,,TUKE,SR,,,,https://scholar.google.sk/citations?user=6t1Zq4cAAAAJ&hl=sk,16,,,,,,,,,EU,SR,,,,https://scholar.google.com/citations?user=OD4VV54AAAAJ&hl=sk&oi=sra,16,
Tomáš,Výrost,Tomáš Výrost,NIE,,,EU,SR,,,,https://scholar.google.com/citations?user=OD4VV54AAAAJ&hl=sk&oi=sra,16,,,,,,,,,,,,,,,,
Ján,Zábojník,Ján Zábojník,NIE,,,queensu,Kanada,,https://www.econ.queensu.ca/people/faculty/jan-zabojnik,,https://scholar.google.com/citations?hl=sk&user=SWmhTr4AAAAJ,16,,,,,,,,,,,,,,,,
Kamil,Zídek,Kamil Zídek,NIE,,,TUKE,SR,,,,https://scholar.google.com/citations?hl=sk&user=IiPct9cAAAAJ,16,,,,,,,,,,,,,,,,
Ivan,Žežula,Ivan Žežula,NIE,,,U. of Groningen,Holandsko,,https://umv.science.upjs.sk/zezula/index.php/about-me/,,https://scholar.google.com/citations?hl=en&user=SKr-qagAAAAJ,16,,,,,,,,,,,,,,,,
Jozef,Židzik,Jozef Židzik,NIE,,,UPJŠ,SR,,,,https://scholar.google.com/citations?user=h-2iTzgAAAAJ&hl=sk&oi=ao,16,,,,,,,,,,,,,,,,
,,,NIE,,,,,,,,,,,,,,,,,,,,,,,,,
,, ,NIE,,,,,,,,,15,,,,,,,,,,,,,,,,
Peter,Adamišin,Peter Adamišin,NIE,,,UNIPO,SR,,,,https://scholar.google.co.th/citations?hl=en&user=FtOfp-oAAAAJ,15,,,,,,,,,,,,,,,,
Matúš,Adamkovič,Matúš Adamkovič,NIE,,,UNIPO,SR,,,,https://scholar.google.com/citations?user=dfgTz4sAAAAJ&hl=sk&oi=ao,15,,,,,,,,,,,,,,,,
Matúš,Adamkovič,Matúš Adamkovič,NIE,,,SAV,SR,,,,https://scholar.google.com/citations?user=dfgTz4sAAAAJ&hl=sk&oi=sra,15,,,,,,,,,,,,,,,,
František,Babic,František Babic,NIE,,,TUKE,SR,,,,https://scholar.google.com/citations?hl=sk&user=_r85F2QAAAAJ,15,,,,,,,,,,,,,,,,
Zoltán,Balogh,Zoltán Balogh,NIE,,,UKF,SR,,,,https://scholar.google.co.th/citations?hl=en&user=20paArQAAAAJ,15,,,,,,,,,,,,,,,,
Peter,Bednár,Peter Bednár,ANO,,,TUKE ,SR,,,,https://scholar.google.sk/citations?user=4bENfsUAAAAJ&hl=sk,15,,,,,,,,,,,,,,,,
Marcel,Behun,Marcel Behun,NIE,,,TUKE,SR,,,,https://scholar.google.sk/citations?hl=en&user=kX-OJ68AAAAJ,15,,,,,,,,,,,,,,,,
Miloslav,Béreš,Miloslav Béreš,NIE,,,UFC Fortaleza,Brazília,,,,https://scholar.google.com/citations?user=e8Kmh2UAAAAJ&hl=sk&oi=ao,15,,,,,,,,,,,,,,,,
Marek,Bobko,Marek Bobko,NIE,,,SPU,SR,,,,https://scholar.google.sk/citations?user=SUHnNiYAAAAJ&hl=sk,15,,,,,,,,,,,,,,,,
Dáša,Bohačiaková Doležalová,Dáša Bohačiaková Doležalová,NIE,,,MUNI,ČR,,,,https://scholar.google.cz/citations?hl=en&user=tVVp8qkAAAAJ,15,,,https://www.nfneuron.cz/files/impuls-dasa-bohaciakova-cv-211.pdf,,,,,,,,,,,,,
Ján,Borsík,Ján Borsík,NIE,,,SAV,SR,,,,https://scholar.google.com/citations?user=EbZrw6MAAAAJ&hl=en&oi=sra,15,,,,,,,,,,,,,,,,
Kamila,Borseková,Kamila Borseková,NIE,,,UMB,SR,,,,https://scholar.google.co.th/citations?hl=en&user=m80eQb4AAAAJ,15,,,,,,,,,,,,,,,,
Juraj,Breza,Juraj Breza,NIE,,,STU,SR,solid state physicsmaterials science,,,https://scholar.google.com/citations?user=xaULp7gAAAAJ&hl=sk&oi=sra,15,,,,,,,,,,,,,,,,
Ivan,Cimrák,Ivan Cimrák,NIE,,,Uniza,SR,,,,https://scholar.google.com/citations?user=ya-HVxwAAAAJ&hl=en,15,,,,,,,,,,,,,,,,
Michal,Cagalinec,Michal Cagalinec,NIE,,,SAV,SR,,,,https://scholar.google.sk/citations?hl=en&user=H5Rjxu4AAAAJ,15,,,,,,,,,,,,,,,,
Dagmar,Cagáňová,Dagmar Cagáňová,NIE,,,STU,SR,,,,https://scholar.google.com/citations?user=fUEmPpAAAAAJ&hl=sk,15, ,,,,,,,,,,,,,,,
Peter,Čermák,Peter Čermák,NIE,,,UK,SR,,,,https://scholar.google.sk/citations?hl=en&user=l3ebEXgAAAAJ,15,,,,,,,,,,,,,,,,
Milan,Dado,Milan Dado,NIE,,,UNIZa,SR,,,,https://scholar.google.com/citations?user=gz3XHn4AAAAJ&hl=sk,15,,,,,,,,,,,,,,,,
Viktor,Demko,Viktor Demko,NIE,,,UK,SR,,,,https://scholar.google.com/citations?user=fG3BvWsAAAAJ&hl=sk&oi=sra,15,,,,,,,,,,,,,,,,
Miroslav,Dovica,Miroslav Dovica,NIE,,,TUKE,SR,,,,https://scholar.google.sk/citations?hl=en&user=-67LIL8AAAAJ,15,,,,,,,,,,,,,,,,
Marian,Drusa,Marian Drusa,NIE,,,Uniza,SR,,,,https://scholar.google.com/citations?user=jZXhnH0AAAAJ&hl=sk&oi=sra,15,,,,,,,,,,,,,,,,
Tibor,Dubaj,Tibor Dubaj,NIE,,,STU,SR,,,,https://scholar.google.com/citations?hl=en&user=zFWHY04AAAAJ,15,,,,,,,,,,,,,,,,
Brian,Fabo,Brian Fabo,NIE,,,NBS,SR,,,,https://scholar.google.com/citations?user=2rbdfpUAAAAJ&hl=en&oi=ao,15,,,,,,,,,,,,,,,,
Miroslav,Frankovský,Miroslav Frankovský,NIE,,,UNIPO,SR,,,,https://scholar.google.co.th/citations?hl=en&user=3Lzld_AAAAAJ,15,,,,,,,,,,,,,,,,
Peter,Frankovský,Peter Frankovský,NIE,,,TUKE,SR,,,,https://scholar.google.sk/citations?hl=en&user=owC8EvYAAAAJ,15,,,,,,,,,,,,,,,,
Martin,Gajdošík,Martin Gajdošík,NIE,,,Synex Medical,Kanada?,,,,https://scholar.google.com/citations?user=QvaKQlMAAAAJ&hl=en&oi=sra,15,,,,,,,,,,,,,,,,
Martin,Gális,Martin Gális,NIE,,,SAV+UK,SR,,,,https://scholar.google.com/citations?user=rXCnuJRJTPcC&hl=en,15,,,,,,,,,,,,,,,,
Michal,Gallay,Michal Gallay,NIE,,,UPJŠ,SR,GIS,,,https://scholar.google.sk/citations?user=0DRLzoMAAAAJ&hl=sk,15,,,,,,,,,,,,,,,,
Juraj,Galko,Juraj Galko,NIE,,,NLS,SR,,,,https://scholar.google.com/citations?user=9QaTGIAAAAAJ&hl=en&oi=sra,15,,,,,,,,,,,,,,,,
Martin,Gera,Martin Gera,NIE,,,UK,SR,meteorológia,,,https://scholar.google.com/citations?user=NCeoZ1oAAAAJ&hl=sk&oi=sra,15,,,,,,,,,,,,,,,,
Juraj,Gigac,Juraj Gigac,NIE,,,VUPC,SR,,,,https://scholar.google.com/citations?user=F4kv2GkAAAAJ&hl=sk&oi=sra,15,,,,,,,,,,,,,,,,
Daniela,Gruľová,Daniela Gruľová,NIE,,,PU,SR,,,,https://scholar.google.sk/citations?user=XSUB7YsAAAAJ&hl=sk,15, ,,,,,,,,,,,,,,,
Karol,Görner,Karol Görner,NIE,,,UMB,SR,,,,https://scholar.google.co.th/citations?hl=en&user=qyEqIWcAAAAJ,15,,,,,,,,,,,,,,,,
Martin,Guzi,Martin Guzi,NIE,,,CELSI+MUNI+...,SR+ČR+...,,http://home.cerge-ei.cz/mguzi/,,https://scholar.google.com/citations?hl=sk&user=3KePJ-0AAAAJ,15,,,https://www.linkedin.com/in/martinguzi/,https://www.celsi.sk/sk/ludia/detail/63/martin-guzi/,https://legacy.iza.org/en/webcontent/personnel/vitae/5347_cv.pdf,,,,,,,,,,,
Radoslav,Halko,Radoslav Halko,NIE,,,UK,SR,,,,https://scholar.google.com/citations?user=VS6w8lAAAAAJ&hl=sk&oi=ao,15,,,,,,,,,,,,,,,,
Vladimír,Han,Vladimír Han,NIE,,,UPJŠ,SR,,,,https://scholar.google.sk/citations?hl=en&user=Qkh6xCEAAAAJ,15,,,,,,,,,,,,,,,,
Radoslav,Harman,Radoslav Harman,NIE,,,UK,SR,matematika,,harman@fmph.uniba.sk,https://scholar.google.com/citations?user=Hf9FULIAAAAJ,15,,,,,,,,,,,,,,,,
Karol,Hensel,Karol Hensel,NIE,,,UK,SR,,,,https://scholar.google.sk/citations?hl=en&user=JrTPWQ8AAAAJ,15,,,,,,,,,,,,,,,,
Mária,Henselová,Mária Henselová,NIE,,,UK,SR,,,,https://scholar.google.sk/citations?hl=en&user=3aDQsLgAAAAJ,15,,,,,,,,,,,,,,,,
Roman,Holič,Roman Holič,NIE,,,SAV,SR,,,,https://scholar.google.com/citations?hl=en&user=kS2v_7UAAAAJ,15,,,,,,,,,,,,,,,,
Michal,Holubčík,Michal Holubčík,NIE,,,UNIZA,SR,,,,https://scholar.google.com/citations?user=K2iOSacAAAAJ&hl=sk&oi=sra,15,,,,,,,,,,,,,,,,
Samuel,Horváth,Samuel Horváth,NIE,,,MBZUAI,Arabské emiráty,Federated LearningDistributed OptimizationMachine Learning,https://sites.google.com/view/samuelhorvath,,https://scholar.google.com/citations?user=k252J7kAAAAJ&hl=sk&oi=ao,15,,,,,,,,,,,,,,,,
Jana ,Jágerská,Jana  Jágerská,NIE,,,U. of Tromso,Nórsko,,,,https://scholar.google.com/citations?hl=sk&user=fLtgK4sAAAAJ,15,,,,,,,,,,,,,,,,
Mária,Janošková Antošová,Mária Janošková Antošová,NIE,,,TUKE ,SR,,,,https://scholar.google.com/citations?user=ChV266gAAAAJ&hl=en,15,,,,,,,,,,,,,,,,
Gabriel,Juhás,Gabriel Juhás,NIE,,,STU,SR,,,,https://scholar.google.com/citations?user=jXUrfPwAAAAJ&hl=en&oi=sra,15,Michal,Holubčík,Michal Holubčík,,,,,UNIZA,SR,,,,https://scholar.google.com/citations?user=K2iOSacAAAAJ&hl=sk&oi=sra,15,,
Jozef,Kapusta,Jozef Kapusta,NIE,,,UKF,SR,,https://jozefkapusta.teacher.sk/,,https://scholar.google.sk/citations?user=rV6r4JUAAAAJ&hl=sk,15,,,,,,,,,,,,,,,,
Radovan,Kasarda,Radovan Kasarda,NIE,,,Uniag,SR,,,,https://scholar.google.com/citations?user=gl5hTKEAAAAJ&hl=sk&oi=sra,15,,,,,,,,,,,,,,,,
Alexander,Kaszonyi,Alexander Kaszonyi,NIE,,,STU,SR,,,,https://scholar.google.com/citations?hl=en&user=SuPNAbYAAAAJ,15,,,,,,,,,,,,,,,,
Ľuboš,Kaščák,Ľuboš Kaščák,NIE,,,TUKE,SR,,,,https://scholar.google.com/citations?user=yvFj76EAAAAJ&hl=sk&oi=ao,15, ,,,,,,,,,,,,,,,
Dušan,Katunský,Dušan Katunský,NIE,,,TUKE,SR,,,,https://scholar.google.com/citations?hl=sk&user=CYhgLYkAAAAJ,15,,,,,,,,,,,,,,,,
Matej,Klas,Matej Klas,NIE,,,UK,SR,,,,https://scholar.google.com/citations?user=MKG1DQsAAAAJ&hl=en,15,,,,,,,,,,,,,,,,
Lucia,Knapčíková,Lucia Knapčíková,NIE,,,TUKE,SR,,,,https://scholar.google.com/citations?hl=en&user=euTECdkAAAAJ,15,,,,,,,,,,,,,,,,
Branislav,Kollár,Branislav Kollár,NIE,,,UK,SR,neurologysleep disordersparoxysmal statesstrokemultiple sclerosis,,,https://scholar.google.com/citations?user=wQVJ-4cAAAAJ&hl=sk&oi=sra,15,,,,,,,,,,,,,,,,
Pavol,Korec,Pavol Korec,,,,UK,SR,,,,https://scholar.google.com/citations?user=wReClnsAAAAJ&hl=th,15,,,,,,,,,,,,,,,,
Miriam,Kristeková,Miriam Kristeková,,,,SAV+UK,SR,,,,https://scholar.google.sk/citations?user=z5WuM04AAAAJ&hl=sk,15,,,,,,,,,,,,,,,,
Ivan,Kubovský,Ivan Kubovský,NIE,,,TUZVO,SR,,,,https://scholar.google.com/citations?hl=en&user=MzVQLl8AAAAJ,15,,,,,,,,,,,,,,,,
Ivica,Labuda,Ivica Labuda,NIE,,,Georgetown U.,USA,,,,https://scholar.google.com/citations?hl=en&user=ZOcQA5MAAAAJ,15,,,,,,,,,,,,,,,,
Drahoslav,Lančarič,Drahoslav Lančarič,NIE,,,Uniag,SR,,,,https://scholar.google.com/citations?user=jImTTNAAAAAJ&hl=en,15,,,,,,,,,,,,,,,,
Martin,Lukáč,Martin Lukáč,NIE,,,Nazarbayev university,Kazachstan,,,,https://scholar.google.co.jp/citations?user=dDIaMu4AAAAJ&hl=en,15,,,,,,,,,,,,,,,,
Juraj,Machaj,Juraj Machaj,NIE,,,Uniza,SR,,,,https://scholar.google.com/citations?user=A1fqx-IAAAAJ&hl=en,15,,,,,,,,,,,,,,,,
Michal,Májek,Michal Májek,NIE,,,UK,SR,,,,https://scholar.google.sk/citations?hl=en&user=_s5feq4AAAAJ,15,,,,,,,,,,,,,,,,
Miloš,Matúš,Miloš Matúš,NIE,,,STU,SR,,,,https://scholar.google.com/citations?hl=en&user=RK3X9VcAAAAJ,15,,,,,,,,,,,,,,,,
Peter,Mesáros,Peter Mesáros,NIE,,,TUKE,SR,,,,https://scholar.google.com/citations?hl=sk&user=hzEp1oMAAAAJ,15,,,,,,,,,,,,,,,,
Jana,Mižáková,Jana Mižáková,NIE,,,TUKE,SR,,,,https://scholar.google.com/citations?hl=sk&user=TYrxGbIAAAAJ,15,,,,,,,,,,,,,,,,
Mária,Murray Svidroňová,Mária Murray Svidroňová,NIE,,,UMB,SR,,,,https://scholar.google.com/citations?user=zD-Cgp0AAAAJ&hl=sk&oi=sra,15,,,,,,,,,,,,,,,,
Denisa,Nikodémová,Denisa Nikodémová,NIE,,,SZU,SR,,,,https://scholar.google.sk/citations?user=wu14J0cAAAAJ&hl=sk,15,,,,,,,,,,,,,,,,
Peter ,Novák,Peter Novák,NIE,,,Meandair,Holandsko,Umelá inteligencia,,,https://scholar.google.nl/citations?user=4eqZCu8AAAAJ&hl=en,15,,,https://www.linkedin.com/in/peternovak/?originalSubdomain=nl,https://www.aronde.net/fileadmin/website_files/cv-pno.pdf,,,,,,,,,,,,
Petra,Olejníková,Petra Olejníková,NIE,,,STU,SR,,,,https://scholar.google.com/citations?user=2t6gTVYAAAAJ&hl=en&oi=sra,15,,,,,,,,,,,,,,,,
Jana,Orszaghova,Jana Orszaghova,NIE,,,U.Of Western Australia,Austrália,,,,https://scholar.google.com.au/citations?user=xdPr3T0AAAAJ&hl=en,17,,,,,,,,,,,,,,,,
Hana,Pačaiová,Hana Pačaiová,NIE,,,TUKE,SR,,,,https://scholar.google.com/citations?hl=sk&user=6Ysr9K4AAAAJ,15,,,,,,,,,,,,,,,,
Juraj,Papco,Juraj Papco,NIE,,,STU,SR,,,,https://scholar.google.com/citations?user=Ws2Fh-wAAAAJ&hl=en&oi=sra,15,,,,,,,,,,,,,,,,
Ján,Papula,Ján Papula,NIE,,,UK,SR,,https://uniba.academia.edu/J%C3%A1nPapula,,https://scholar.google.com/citations?user=EOugjQgAAAAJ&hl=sk&oi=ao,15,,,,,,,,,,,,,,,,
Zuzana,Papulová,Zuzana Papulová,NIE,,,UK,SR,,,,https://scholar.google.com/citations?hl=sk&user=t7Esu1EAAAAJ,15,,,,,,,,eurofins,,,,,https://scholar.google.com/citations?user=bBOYd0kAAAAJ&hl=sk&oi=sra,16,,
Ján,Pavlík,Ján Pavlík,NIE,,,STU,SR,,,,https://scholar.google.com/citations?hl=en&user=I3tx-vcAAAAJ,15,,,,,,,,,,,,,,,,
Jarmila,Pavlovičová,Jarmila Pavlovičová,NIE,,,STU,SR,,,,https://scholar.google.com/citations?user=ZMWu-KQAAAAJ&hl=en&oi=sra,15,,,,,,,,,,,,,,,,
Robert,Pazúr,Robert Pazúr,NIE,,,WSL,Švajčiarsko,geographyremote sensingland changemodellingLUCC,,,https://scholar.google.com/citations?user=ZXSHG4oAAAAJ&hl=sk&oi=sra,15,,,,,,,,,,,,,,,,
Martin,Plesch,Martin Plesch,NIE,,,SAV,SR,,,,https://scholar.google.sk/citations?user=KBJja8wAAAAJ&hl=en,15,,,,,,,,,,,,,,,,
Peter,Priecel,Peter Priecel,NIE,,,Thermo Fisher Scientific,ČR,,,,https://scholar.google.com/citations?user=f1w6Xb4AAAAJ&hl=en,15,,,https://www.linkedin.com/in/priecel/,,,,,,,,,,,,,
Dušan,Račko,Dušan Račko,NIE,,,SAV,SR,,,,https://scholar.google.com/citations?user=ml9fr7oAAAAJ&hl=th,15,,,,,,,,,,,,,,,,
Katarína,Rovná,Katarína Rovná,NIE,,,SPU,SR,,,,https://scholar.google.com/citations?user=O1UGNhQAAAAJ&hl=en,15,,,,,,,,,,,,,,,,
Ján,Saliga,Ján Saliga,NIE,,,TUKE ,SR,,,,https://scholar.google.sk/citations?hl=en&user=7fNAD_sAAAAJ,15,,,,,,,,,,,,,,,,
Pavel,Segec,Pavel Segec,NIE,,,UNIZA,SR,,,,https://scholar.google.com/citations?user=UQ13030AAAAJ&hl=sk&oi=sra,15,,,,,,,,,,,,,,,,
Stanislav,Sekretár,Stanislav Sekretár,NIE,,,STU,SR,,,,https://scholar.google.com/citations?user=MmxaOK0AAAAJ&hl=sk&oi=sra,15,,,,,,,,,,,,,,,,
Leonard,Siegfried,Leonard Siegfried,NIE,,,UPJŠ,SR,,,,https://scholar.google.sk/citations?user=Zv5_s7cAAAAJ&hl=sk,15,,,,,,,,,,,,,,,,
Pavol,Siman,Pavol Siman,NIE,,,SAV,SR,,,,https://scholar.google.com/citations?hl=en&user=RxlRLugAAAAJ,15,,,,,,,,,,,,,,,,
Ľubomír,Skladaný,Ľubomír Skladaný,NIE,,,UN BB,SR,,,,https://scholar.google.com/citations?user=1Fly4PYAAAAJ&hl=en&oi=sra,15,,,,,,,,,,,,,,,,
Martin ,Sokol,Martin  Sokol,NIE,,,Trinity College Dublin,Írsko,,https://www.tcd.ie/Geography/people/sokolm/,sokolm@tcd.ie,https://scholar.google.sk/citations?user=7Vmvha8AAAAJ&hl=sk,15,,,,,,,,,,,,,,,,
Katarína,Staronová,Katarína Staronová,NIE,,,UK,SR,,,,https://scholar.google.com/citations?user=8uznq1gAAAAJ&hl=en&oi=sra,15,,,,,,,,,,,,,,,,
Katarína,Stebelová,Katarína Stebelová,NIE,,,UK,SR,,,,https://scholar.google.com/citations?user=_XgWpG8AAAAJ&hl=en&oi=sra,15,,,,,,,,,,,,,,,,
George Juraj,Stein,George Juraj Stein,NIE,,,SAV,SR,,,,https://scholar.google.sk/citations?hl=en&user=wtYGk3kAAAAJ,15,,,,,,,,,,,,,,,,
William,Steingartner,William Steingartner,NIE,,,TUKE,SR,,,,https://scholar.google.com/citations?hl=sk&user=ZWRgYmEAAAAJ,15,,,,,,,,,,,,,,,,
Peter,Straka,Peter Straka,NIE,,,Facebook,,statisticsmachine learning,,,https://scholar.google.com/citations?user=BV5PkWUAAAAJ&hl=sk&oi=ao,15,,,,,,,,,,,,,,,,
František,Sudzina,František Sudzina,NIE,,,U.of Aalborg,Dánsko,,,,https://scholar.google.com/citations?hl=en&user=fFlkYWoAAAAJ,15,,,,,,,,,,,,,,,,
Andrea ,Ševčovičová,Andrea  Ševčovičová,NIE,,,UK,SR,,http://www.iam.fmph.uniba.sk/web/sevcovicova/papers/index.html,,https://scholar.google.com/citations?user=cUIipBEAAAAJ&hl=sk,15,,,,,,,,,,,,,,,,
Juraj,Šimko,Juraj Šimko,NIE,,,U.of Helsinki,Fínsko,PhoneticsCognitive ScienceMathematicsLogicPsychology,,,https://scholar.google.com/citations?user=NU3Hm10AAAAJ&hl=sk&oi=ao,15,,,,,,,,,,,,,,,,
Fedor,Šimkovič IV.,Fedor Šǐmkovič IV.,NIE,,,IQM,,,,meetiqm.com,https://scholar.google.com/citations?user=Tr6GbD8AAAAJ&hl=sk&oi=ao,15,,,,,,,,,,,,,,,,
Jana,Škvareninová,Jana Škvareninová,NIE,,,TUZVO,SR,,,,https://scholar.google.com/citations?user=aFCFtDAAAAAJ&hl=sk&oi=sra,15,,,,,,,,,,,,,,,,
Jakub,Šrol,Jakub Šrol,NIE,,,SAV,SR,,,,https://scholar.google.sk/citations?user=LGOIsNkAAAAJ&hl=en,15,,,,,,,,,,,,,,,,
Milan,Štefánik,Milan Štefánik,NIE,,,ČVUT,ČR,,,,https://scholar.google.com/citations?user=rvEfUuoAAAAJ&hl=sk&oi=sra,15,,,,,,,,,,,,,,,,
Jana,Štefániková Lakatošová,Jana Štefániková,NIE,,,,,,,,https://scholar.google.com/citations?user=wGwRWx8AAAAJ&hl=sk&oi=sra,15,,,,,,,,,,,,,,,,
Iveta,Štyriaková,Iveta Štyriaková,NIE,,,Ekolive,SR,bioleachingmineralsmicroorganismsecologybioremediation,,,https://scholar.google.com/citations?user=_qaYtoAAAAAJ&hl=sk&oi=ao,15,,,,,,,,,,,,,,,,
Emese,Tokarčíková,Emese Tokarčíková,NIE,,,UNIZA,SR,,,,https://scholar.google.com/citations?user=bJDDYh0AAAAJ&hl=sk&oi=sra,15,,,,,,,,,,,,,,,,
Peter,Trebuňa,Peter Trebuňa,NIE,,,TUKE,SR,,,,https://scholar.google.com/citations?hl=sk&user=grcgl0IAAAAJ,15,,,,,,,,,,,,,,,,
Ján,Tuček,Ján Tuček,NIE,,,TUZVO,SR,,,,https://scholar.google.com/citations?hl=sk&user=-CZK7gwAAAAJ,15,,,,,,,,,,,,,,,,
Matúš,Valach,Matúš Valach,NIE,,, de Montreal,Kanada,,,,https://scholar.google.com/citations?user=Vw0v3gMAAAAJ&hl=sk&oi=ao,15,,,https://www.linkedin.com/in/matusavalach/,,,,,,,,,,,,,
Tibor,Vince,Tibor Vince,NIE,,,TUKE,SR,,,,https://scholar.google.com/citations?user=HgqxpUcAAAAJ&hl=en&oi=sra,15,,,,,,,,,,,,,,,,
,,,NIE,,,,,,,,,,,,,,,,,,,,,,,,,
,, ,NIE,,,,,,,,,14,,,,,,,,,,,,,,,,
Alexander,Ač,Alexander Ač,NIE,,,Czechglobe,ČR,,https://www.czechglobe.cz/cs/kontakty/38/,,https://scholar.google.com/citations?user=2fqaiJMAAAAJ&hl=en,14,,,,,,,,,,,,,,,,
Norbert,Ádám,Norbert Ádám,NIE,,,TUKE,SR,,,,https://scholar.google.com/citations?hl=sk&user=bCTY0NwRcA4C,14,,,,,,,,,,,,,,,,
Miloslav,Bahna,Miloslav Bahna,NIE,,,SAV,SR,,,,https://scholar.google.com/citations?user=q64WmuUAAAAJ&hl=en&oi=sra,14,,,,,,,,,,,,,,,,
Matúš,Bakoň,Matúš Bakoň,NIE,,,STU,SR,,,,https://scholar.google.sk/citations?user=Yqcn71kAAAAJ&hl=sk,14,,,,,,,,,,,,,,,,
Marek,Baláž,Marek Baláž,NIE,,??????,MU,ČR,,,,https://scholar.google.com/citations?user=nQnCEEkAAAAJ&hl=en,14,,,,,,,,,,,,,,,,
Lucia,Balejčíková,Lucia Balejčíková,NIE,,,SAV,SR,,,,https://scholar.google.sk/citations?hl=en&user=sbAgdN8AAAAJ,14,,,,,,,,,,,,,,,,
Pavlina,Bartikova Kocáková,Pavlina Bartiková Kocáková,NIE,,,SAV,SR,,,,https://scholar.google.com/citations?user=SFq37NUAAAAJ&hl=en&oi=sra,14,, ,,,,,,,,,,,,,,
Anna,Bandlerová,Anna Bandlerová,NIE,,,UNIZA,SR,,,,https://scholar.google.com/citations?user=_wJNa5AAAAAJ&hl=sk&oi=sra,14,,,,,,,,,,,,,,,,
František,Baumgartner,František Baumgartner,NIE,,,OU,ČR,,,,https://scholar.google.com/citations?user=-emg49AAAAAJ&hl=sk&oi=sra,14,,,,,,,,,,,,,,,,
Lucia,Bednárová,Lucia Bednárová,NIE,,,TUKE,SR,,,,https://scholar.google.com/citations?hl=sk&user=mIqYzhcAAAAJ,14,,,,,,,,,,,,,,,,
Juraj,Beniak,Juraj Beniak,NIE,,,STU,SR,,,,https://scholar.google.com/citations?hl=en&user=skca1CEAAAAJ,14,,,,,,,,,,,,,,,,
Boris,Bilčík,Boris Bilčík,NIE,,,SAV,SR,,,,https://scholar.google.com/citations?user=Bs3iK4AAAAAJ&hl=en&oi=ao,14,,,,,,,,,,,,,,,,
Branislav,Bleha,Branislav Bleha,NIE,,,UK,SR,,,,https://scholar.google.com/citations?user=IWB8b_sAAAAJ&hl=en&oi=ao,14,,,,,,,,,,,,,,,,
Shubhada ,Bopegamage,Shubhada  Bopegamage,NIE,,,SZU,SR,,,,https://scholar.google.com/citations?user=9lBFqzUAAAAJ&hl=en,14,,,https://www.linkedin.com/in/shubhada-bopegamage-3bba1087/?originalSubdomain=sk,,,,,,,,,,,,,
Robert,Breier,Robert Breier,NIE,1983,,UK,SR,,,,https://scholar.google.com/citations?user=uyzD48IAAAAJ&hl=sk&oi=ao,14,,,,,,,,,,,,,,,,
Daniela,Brindová Husárová,Daniela Brindová Husárová,NIE,,,UPJŠ,SR,,,,https://scholar.google.com/citations?user=0fOzu5IAAAAJ&hl=sk&oi=sra,14,,,,,,,,,,,,,,,,
Ján,Buček,Ján Buček,NIE,,,UK,SR,,,,https://scholar.google.com/citations?user=FnEj74EAAAAJ&hl=en,14,,,,,,,,,,,,,,,,
Marek,Ciglan,Marek Ciglan,NIE,,,SAV,SR,,,,https://scholar.google.sk/citations?hl=en&user=oR_ZMhMAAAAJ,14,,,,,,,,,,,,,,,,
Peter,Civáň,Peter Civáň,NIE,,,inrae.fr,Francúzsko,,,,https://scholar.google.co.uk/citations?user=GCkSjJ0AAAAJ&hl=en,14,,,,,,,,,,,,,,,,
Andrej ,Czán,Andrej  Czán,ANO,,,UNIZA,SR,,,,https://scholar.google.sk/citations?user=kgkQTi0AAAAJ&hl=sk,14,,,,,,,,,,,,,,,,
Martin,Dindoš,Martin Dindoš,NIE,,,U.o Edinburgh,Veľká Británia,,,,https://scholar.google.co.uk/citations?user=Qh709YwAAAAJ&hl=en,14,,,,,,,,,,,,,,,,
František,Drafi,František Drafi,NIE,,,SAV,SR,,,,https://scholar.google.sk/citations?hl=en&user=dt4xvpwAAAAJ,14,,,,,,,,,,,,,,,,
Milan,Durdán,Milan Durdán,NIE,,,TUKE,SR,,,,https://scholar.google.com/citations?hl=sk&user=F5YCbOoAAAAJ,14,,,,,,,,,,,,,,,,
Jaroslav,Dudrik,Jaroslav Dudrik,NIE,,,TUKE,SR,,,,https://scholar.google.com/citations?hl=en&user=g1pBsq0AAAAJ,14,,,,,,,,,,,,,,,,
Peter,Ďurdík,Peter Ďurdík,NIE,,,UK,SR,,,,https://scholar.google.com/citations?user=UeRKXAsAAAAJ&hl=sk&oi=ao,14,,,,,,,,,,,,,,,,
Roman,Ďurikovič,Roman Ďurikovič,NIE,,,UK,SR,,,,https://scholar.google.sk/citations?user=CZytLuIAAAAJ&hl=sk,14,,,,,,,,,,,,,,,,
Michal,Fabian,Michal Fabian,NIE,,,TUKE,SR,,,,https://scholar.google.sk/citations?user=LxtGXLwAAAAJ&hl=en,14,,,,,,,,,,,,,,,,
Sonia,Ferenčíková,Sonia Ferenčíková,NIE,,,EU,SR,,,,https://scholar.google.com/citations?user=zO445NQAAAAJ&hl=sk&oi=ao,14,,,,,,,,,,,,,,,,
Miroslav,Ferko,Miroslav Ferko,NIE,,,SAV,SR,,,,https://scholar.google.sk/citations?user=iOC-SPYAAAAJ&hl=sk,14,,,,,,,,,,,,,,,,
Richard,Filčák,Richard Filčák,NIE,,,SAV,SR,,,,https://scholar.google.sk/citations?hl=en&user=R6t56vwAAAAJ,14,,,,,,,,,,,,,,,,
Roman,Fric,Roman Fric,NIE,,,SAV,SR,,,,https://scholar.google.sk/citations?hl=en&user=VXBR6GMAAAAJ,14,,,,,,,,,,,,,,,,
Vladimír,Frišták,Vladimír Frišták,NIE,,,TRUNI,SR,,,,https://scholar.google.co.in/citations?user=HJ3C37UAAAAJ&hl=en,14,,,,,,,,,,,,,,,,
Pavol,Gemeiner,Pavol Gemeiner,NIE,,,STU,SR,,,,https://scholar.google.com/citations?user=2fBpeWQAAAAJ&hl=sk&oi=sra,14,,,,,,,,,,,,,,,,
Jozef,Golian,Jozef Golian,NIE,,,Uniag,SR,,,,https://scholar.google.sk/citations?user=MDnTYZMAAAAJ&hl=sk,14,,,,,,,,,,,,,,,,
František,Gyarfáš,František Gyarfáš,NIE,,,BISLA,SR,,,,https://scholar.google.ca/citations?user=_lzMTBkAAAAJ&hl=en,14,,,https://www.bisla.sk/academic-staff-profile/frantisekgyarfas,,,,,,,,,,,,,
Mária,Hajnalová,Mária Hajnalová,NIE,,,UKF,SR,archaeologypalaeoecologypalynology,,,https://scholar.google.com/citations?user=gG_nkO4AAAAJ&hl=sk&oi=sra,14,,,,,,,,,,,,,,,,
Elena,Hájeková,Elena Hájeková,NIE,,,STU,SR,,,,https://scholar.google.com/citations?hl=en&user=zqFr6m4AAAAJ,14,,,,,,,,,,,,,,,,
Martin,Hauptvogl,Martin Hauptvogl,NIE,,,Uniag,SR,Sustainable DevelopmentHuman GeographyGIS,,,https://scholar.google.sk/citations?user=3umFTG8AAAAJ&hl=en,14,,,,,,,,,,,,,,,,
Miroslav,Haviar,Miroslav Haviar,NIE,,,UMB,SR,, ,,https://scholar.google.sk/citations?hl=en&user=f_wzAXIAAAAJ,14,,,,,,,,,,,,,,,,
Daniel,Hládek,Daniel Hládek,NIE,,,TUKE,SR,,,,https://scholar.google.com/citations?hl=sk&user=CKmV8K4AAAAJ,14,,,,,,,,,,,,,,,,
Miroslava,Hlebová,Miroslava Hlebová,NIE,,,UCM,SR,,,,https://scholar.google.hu/citations?user=nu0B5WQAAAAJ&hl=en,14,,,,,,,,,,,,,,,,
Veronika ,Holubeková,Veronika Holubeková,NIE,,,UK,SR,Molecular biologygenetics,,,https://scholar.google.com/citations?user=4RUwXLEAAAAJ&hl=sk&oi=ao,14,,,,,,,,,,,,,,,,
Ivan,Homoliak,Ivan Homoliak,NIE,,,VUT,ČR,,https://www.fit.vut.cz/person/ihomoliak/curriculum/#nav,,https://scholar.google.cz/citations?user=5PQo5gQAAAAJ&hl=en,14,,,,,,,,,,,,,,,,
Xiaolu,Hou,Xiaolu Hou,NIE,,,STU,SR,,,,https://scholar.google.com/citations?hl=en&user=-u5TP78AAAAJ,14,,,,,,,,,,,,,,,,
Ladislav,Huraj,Ladislav Huraj,NIE,,,UCM,SR,,,,https://scholar.google.com/citations?user=1N_oHWQAAAAJ&hl=en&oi=sra,14,,,,,,,,,,,,,,,,
Marek,Husárik,Marek Husárik,NIE,,,SAV,SR,astronómia,https://www.ta3.sk/~mhusarik/,,https://scholar.google.com/citations?user=V658vCsAAAAJ&hl=sk,14,,,,,,,,,,,,,,,,
Martin,Husovec,Martin Husovec,NIE,,,London school of economic & political science,Veľká Británia,právo,https://husovec.eu/about-me/,,https://scholar.google.com/citations?user=3_Pt7e4AAAAJ&hl=sk,14,,,,,,,,,,,,,,,,
Ondrej,Hutník,Ondrej Hutník,NIE,,,UPJŠ,SR,,,,https://scholar.google.sk/citations?hl=en&user=1akB3SoAAAAJ,14,,,,,,,,,,,,,,,,
Jana,Chovancová,Jana Chovancová,NIE,,,UNIPO,SR,,,,https://scholar.google.com/citations?user=gRq7VBAAAAAJ&hl=en&oi=ao,14,,,,,,,,,,,,,,,,
Peter ,Jackuliak,Peter Jackuliak,NIE,,,UK,SR,,,,https://scholar.google.com/citations?hl=sk&user=IoMADNgAAAAJ,14,,,,,,,,,,,,,,,,
Jana,Jakabovič,Jan Jakabovič,NIE,,,STU,SR,,,,https://scholar.google.com/citations?user=_U_GhMEAAAAJ&hl=sk&oi=ao,14,,,,,,,,,,,,,,,,
Michal,Jambor,Michal Jambor,NIE,,,IPM,ČR,,,,https://scholar.google.com/citations?user=_463UzAAAAAJ&hl=sk&oi=ao,14,,,,,,,,,,,,,,,,
Miroslav,Juráček,Miroslav Juráček,NIE,,,Uniag,SR,,,,https://scholar.google.com/citations?user=X9kzWTMAAAAJ&hl=en&oi=sra,14, ,,,,,,,,,,,,,,,
Zuzana,Jurášeková,Zuzana Jurášeková,NIE,,,UPJŠ,SR,vibračná spektroskopia,,,https://scholar.google.com/citations?user=-_53_5sAAAAJ&hl=sk&oi=sra,14,,,,,,,,,,,,,,,,
Ján,Kačur,Ján Kačur,NIE,,,TUKE,SR,,,,https://scholar.google.sk/citations?hl=en&user=Ta0OrVIAAAAJ,14,,,,,,,,,,,,,,,,
Rudolf,Kadlec,Rudolf Kadlec,NIE,,,Google DeepMind,,,,,https://scholar.google.com/citations?user=ULYx6voAAAAJ&hl=cs,14,,,,,,,,,,,,,,,,
Magdaléna ,Kadlečíková,Magdaléna Kadlečíková,NIE,,,STU,SR,,,,https://scholar.google.com/citations?user=rsxLKsAAAAAJ&hl=sk&oi=sra,14,,,,,,,,,,,,,,,,
Marta,Kahancová,Marta Kahancová,NIE,,,CELSI,SR,,https://www.celsi.sk/sk/ludia/detail/1/marta-kahancova/,,https://scholar.google.com/citations?user=i1W0NLYAAAAJ&hl=sk,14,,,,,,,,,,,,,,,,
Radoslava,Kanianska,Radoslava Kanianska,NIE,,,UMB,SR,,,,https://scholar.google.co.th/citations?hl=en&user=v4eU_Y0AAAAJ,14,,,,,,,,,,,,,,,,
Richard,Kminiak,Richard Kminiak,NIE,,,TUZVO,SR,,,,https://scholar.google.com/citations?hl=en&user=cADEcp4AAAAJ,14,,,,,,,,,,,,,,,,
Pavlína,Kocáková,Pavlína Kocáková,,,,SAV,SR,,,,https://scholar.google.com/citations?user=SFq37NUAAAAJ&hl=en&oi=sra,14,,,,,,,,,,,,,,,,
Renáta,Kosová,Renáta Kosová,NIE,http://www.imperial.ac.uk/people/r.kosova,,Imperial College,Veľká Británia,,https://www.imperial.ac.uk/people/r.kosova,,https://scholar.google.com/citations?hl=en&user=cCeqccwAAAAJ,14,,,file:///home/jana/Downloads/Kosova_CV2020.pdf,,,,,,,,,,,,,
Viera,Kováčová,Viera Kováčová,,,,University of Cologne,Nemecko,,,,https://scholar.google.com/citations?user=Tz7QKnAAAAAJ&hl=sk,14,,,,,,,,,,,,,,,,
Anna ,Krakovská,Anna  Krakovská,,,,SAV,SR,,,,https://scholar.google.com/citations?hl=en&user=ITDUIREAAAAJ,14,,,,,,,,,,,,,,,,
Peter ,Krížik,Peter Krížik,NIE,,,SAV,SR,,,,https://scholar.google.com/citations?user=XEY2VtQAAAAJ&hl=sk&oi=sra,14,,,,,,,,,,,,,,,,
Rudolf,Kropil,Rudolf Kropil,NIE,,,TUZvo,SR,,,,https://scholar.google.com/citations?user=hytqR5EAAAAJ&hl=sk,14,,,,,,,,,,,,,,,,
Martin,Krššák,Martin Krššák,NIE,,,Chulalongkorn University,Thajsko,teoretická fyzika,,,https://scholar.google.com/citations?user=wa9mSP4AAAAJ&hl=en,14,,,,,,,,,,,,,,,,
Stanislav,Kucbel,Stanislav Kucbel,NIE,,,TUZVO,SR,,,,https://scholar.google.com/citations?user=QKKgBhQAAAAJ&hl=sk&oi=sra,14,,,,,,,,,,,,,,,,
Marek,Laciak,Marek Laciak,NIE,,,TUKE,SR,,,,https://scholar.google.sk/citations?hl=en&user=Zgp8VkoAAAAJ,14,,,,,,,,,,,,,,,,
Rastislav,Lagaňa,Rastislav Lagaňa,NIE,,,TUZVO,SR,,,,https://scholar.google.com/citations?user=AsnSu7cAAAAJ&hl=sk&oi=ao,14,,,,,,,,,,,,,,,,
Bohuš,Leitner,Bohuš Leitner,NIE,,,UNIZA,SR,,,,https://scholar.google.com/citations?user=aQbHKOoAAAAJ&hl=en,14,,,,,,,,,,,,,,,,
Dušan ,Lorenc,Dušan Lorenc,NIE,,,ILC,SR,,,,https://scholar.google.sk/citations?user=-CnY0kUAAAAJ&hl=sk,14,,,,,,,,,,,,,,,,
Edita,Máčajová,Edita Máčajová,NIE,,,UK,SR,,,,https://scholar.google.com/citations?user=en9ibwYAAAAJ&hl=en&oi=ao,14,,,,,,,,,,,,,,,,
Peter,Manko,Peter Manko,NIE,,,UNIPO,SR,,,,https://scholar.google.co.th/citations?hl=en&user=SSyUdEkAAAAJ,14,,,,,,,,,,,,,,,,
Juraj,Marušiak,Juraj Marušiak,NIE,,,SAV,SR,,,,https://scholar.google.com/citations?user=9uvDAxgAAAAJ&hl=en,14,,,,,,,,,,,,,,,,
Marián,Melo,Marián Melo,NIE,,,UK,SR,,,,https://scholar.google.com/citations?user=8HPqZEgAAAAJ&hl=sk,14,,,,,,,,,,,,,,,,
Peter,Michalík,Peter Michalík,NIE,,,TUKE,SR,,,,https://scholar.google.sk/citations?user=b7JN4HEAAAAJ&hl=sk,14,,,,,,,,,,,,,,,,
Lucia,Michalková,Lucia Michalková,NIE,,,UNIZA,SR,,,,https://scholar.google.com/citations?hl=sk&user=iJqsV2EAAAAJ,14,,,,,,,,,,,,,,,,
Lenka,Minichová,Lenka Minichová,NIE,,,SAV,SR,,,,https://scholar.google.com/citations?user=VKyYePIAAAAJ&hl=sk&oi=ao,14,,,,,,,,,,,,,,,,
Miroslav,Němec,Miroslav Němec,NIE,,,TUZVO,SR,,,,https://scholar.google.com/citations?user=liMBGXEAAAAJ&hl=en&oi=sra,14,,,,,,,,,,,,,,,,
Viera,Němejcová Pavúková,Viera Němejcová Pavúková,NIE,,,UK,SR,,,,https://scholar.google.co.th/citations?hl=en&user=jC3Vz7kAAAAJ,14,,,,,,,,,,,,,,,,
Jozef,Oboňa,Jozef Oboňa,NIE,,,UniPO,SR,,,,https://scholar.google.co.th/citations?hl=en&user=RSZYsm0AAAAJ,14,,,,,,,,,,,,,,,,
Juraj,Oravec,Juraj Oravec,,,,STU,SR,,,,https://scholar.google.com/citations?user=-2qLHhUAAAAJ&hl=sk&oi=ao,14,,,,,,,,,,,,,,,,
Elena,Pivarčiová,Elena Pivarčiová,NIE,,,TUZVO,SR,,,,https://scholar.google.com/citations?hl=en&user=-VUCV0YAAAAJ,14,,,,,,,,,,,,,,,,
Dana,Peškovičová,Dana Peškovičová,NIE,,,NPCC,SR,,,,https://scholar.google.sk/citations?user=c_TOLR0AAAAJ&hl=en,14,,,,,,,,,,,,,,,,
Jana,Plichtová,Jana Plichtová,,,,UK,SR,,,,https://scholar.google.com/citations?user=g3sHABUAAAAJ&hl=sk&oi=sra,14,,,,,,,,,,,,,,,,
Oliver ,Rácz,Oliver  Rácz,,,,UPJŠ,SR,,,,https://scholar.google.sk/citations?user=oy6WEQgAAAAJ&hl=en,14, ,,,,,,,,,,,,,,,
Branislav,Rehák,Branislav Rehák,NIE,,?,AV CR,ČR,nonlinear control systems time delay systems large-scale and multi-agent systems,https://www.utia.cas.cz/cs/people/rehak,,https://scholar.google.com/citations?user=yGQsuqoAAAAJ&hl=sk&oi=ao,14,,,,,,,,,,,,,,,,
Daniel,Reitzner,Daniel Reitzner,NIE,,,SAV,SR,,,,https://scholar.google.sk/citations?hl=en&user=KBvrzqIAAAAJ,14, ,,,,,,,,,,,,,,,
Ján,Remšík,Ján Remšík,NIE,,,mskcc.org,USA,,https://www.mskcc.org/research-areas/labs/members/jan-remsik,,https://scholar.google.com/citations?user=mO_gNsMAAAAJ&hl=en,14,,,,,,,,,,,,,,,,
Alena,Rochovská,Alena Rochovská,,,,UK,SR,,,,https://scholar.google.com/citations?user=TyMNRoUAAAAJ&hl=sk&oi=sra,14,,,,,,,,,,,,,,,,
Daniel,Rozbeský,Daniel Rozbeský,,,,Oxford,Veľká Británia,,rozbeskylab.org,,https://scholar.google.com/citations?user=axyTtUoAAAAJ&hl=sk&oi=sra,14,,,,,,,,,,,,,,,,
Martin,Sabo,Martin Sabo,NIE,,,Masatech,SR,,,,https://scholar.google.com/citations?user=j_P9bFUAAAAJ&hl=vi,14,,,,,,,,,,,,,,,,
Tomáš,Samuely,Tomáš Samuely,NIE,,,UPJŠ,SR,,,,https://scholar.google.sk/citations?user=eIVC1KUAAAAJ&hl=en,14,,,,,,,,,,,,,,,,
Peter,Slezák,Peter Slezák,,,,UK,SR,,,,https://scholar.google.com/citations?user=WL6KwAUAAAAJ&hl=en,14,,,,,,,,,,,,,,,,
Matúš,Soták,Matúš Soták,NIE,,,Uof Gothenburg,Švédsko,intestinal physiologycircadian clockglucose homeostasisinflammationobesity,https://sotak.info/,,https://scholar.google.com/citations?user=dqdgl8oAAAAJ&hl=sk&oi=ao,14,,,,,,,,,,,,,,,,
Radoslav,Štefančík,Radoslav Štefančík,NIE,,,EU,SR,political science,,,https://scholar.google.com/citations?user=pc6sIcYAAAAJ&hl=sk&oi=ao,14,,,,,,,,,,,,,,,,
Ľubomír ,Štrba,Ľubomír  Štrba,NIE,,,TUKE,SR,,,,https://scholar.google.com/citations?hl=sk&user=Kg5StqIAAAAJ,14,,,,,,,,,,,,,,,,
Pavol,Šťastniak,Pavol Šťastniak,,,,UNIZA,SR,,,,https://scholar.google.com/citations?user=L9UTvhUAAAAJ&hl=en&oi=sra,14,,,,,,,,,,,,,,,,
Matúš,Šucha,Matúš Šucha,,,,UPOL,ČR,,,,https://scholar.google.com/citations?user=B71L4RgAAAAJ&hl=sk&oi=ao,14,,,,,,,,,,,,,,,,
Juraj,Svajda,Juraj Svajda,NIE,,,UMB,SR,,,,https://scholar.google.com/citations?hl=sk&user=LQLZdOgAAAAJ,14,,,,,,,,,,,,,,,,
Peter ,Tkáč,Peter Tkáč,NIE,,,Argonne National Laboratory,USA,,,,https://scholar.google.com/citations?user=oEqsnPMAAAAJ&hl=sk&oi=sra,14,,,,,,,,,,,,,,,,
Julián,Tomaštík,Julián Tomaštík,,,,TUZVO,SR,,,,https://scholar.google.com/citations?hl=en&user=aZdxhNEAAAAJ,14,,,,,,,,,,,,,,,,
Viet,Tran,Viet Tran,NIE,,,SAV,SR,,,,https://scholar.google.sk/citations?hl=en&user=cb04oRYAAAAJ,14,,,,,,,,,,,,,,,,
Richard,Turcsányi,Richard Turcsányi,,,,UPOL,ČR,Chinese foreign policyEU-ChinaChina-CEEperceptions and narrativessoft power,,,https://scholar.google.com/citations?user=dvrRIhAAAAAJ&hl=sk&oi=ao,14,,,https://www.linkedin.com/in/richard-turcsanyi-26a3a03a/?locale=pl_PL,,,,,,,,,,,,,
Mariana,Ujházyová,Mariana Ujházyová,,,,TUZVO,SR,,,,https://scholar.google.com/citations?hl=sk&user=pwUz4xsAAAAJ,14,,,,,,,,,,,,,,,,
Ivana,Valachová,Ivana Valachová,NIE,,,UK,SR,,,,https://scholar.google.sk/citations?hl=en&user=gPRijSAAAAAJ,14,,,,,,,,,,,,,,,,
,,,,,,,,,,,,,,,,,,,,,,,,,,,,
Kristína,Záhonová,Kristína Záhonová,NIE,,??,U. Karlova,ČR,,,,https://scholar.google.cz/citations?user=XLcMjjQAAAAJ&hl=en&oi=ao,14,,,,,,,,,,,,,,,,
,,,NIE,,,,,,,,,,,,,,,,,,,,,,,,,
,, ,NIE,,,,,,,,,13,,,,,,,,,,,,,,,,
Andrej,Babinec,Andrej Babinec,,,,STU,SR,,,,https://scholar.google.com/citations?hl=en&user=W7wrljQAAAAJ,13,,,,,,,,,,,,,,,,
Mária,Bacíková-Slesková,Mária Bacíková-Slesková,NIE,,,UPJŠ,SR,,,,https://scholar.google.sk/citations?hl=en&user=vO97xUMAAAAJ,13,,,,,,,,,,,,,,,,
Ivan,Bajla,Ivan Bajla,NIE,,,SAV,SR,,,,https://scholar.google.sk/citations?hl=en&user=FaLuU_YAAAAJ,13,,,,,,,,,,,,,,,,
Anton,Baláž,Anton Baláž,NIE,,,TUKE,SR,,,,https://scholar.google.com/citations?hl=sk&user=CPLeK68AAAAJ,13,,,,,,,,,,,,,,,,
Jozef,Bavolar,Jozef Bavolar,NIE,,,UPJŠ,SR,,,,https://scholar.google.com/citations?user=YTTBAFcAAAAJ&hl=en,13,,,,,,,,,,,,,,,,
Martin,Biely,Martin Biely,NIE,,,Google,SR,,,,https://scholar.google.com/citations?user=WsQEleEAAAAJ&hl=en,13,,,,,,,,,,,,,,,,
 ,Bodík,Michal Bodík,NIE,,,SAV,SR,,,,https://scholar.google.sk/citations?user=quFLmEcAAAAJ&hl=sk,13,,,,,,,,,,,,,,,,
Vlastimil,Boháč,Vlastimil Boháč,NIE,,,SAV,SR,,,,https://scholar.google.com/citations?user=R-z5qcQAAAAJ&hl=en,13,,,,,,,,,,,,,,,,
Peter,Borovanský,Peter Borovanský,NIE,,,UK,SR,,,,https://scholar.google.com/citations?hl=en&user=qm1Ut0YAAAAJ,13,,,,,,,,,,,,,,,,
Katarína,Buganová,Katarína Buganová,,,,UNIZA,SR,,,,https://scholar.google.com/citations?user=DrUXcP4AAAAJ&hl=en&oi=sra,13,,,,,,,,,,,,,,,,
Kristína,Czekóová,Kristína Czekóová,,,,MUNI,ČR,,,,https://scholar.google.cz/citations?user=IwvRNaMAAAAJ&hl=en&oi=ao,13,,,,,,,,,,,,,,,,
Zuzana,Čiamporová Zaťovičová,Zuzana Čiamporová Zaťovičová,NIE,,,SAV,SR,,,,https://scholar.google.sk/citations?user=OA7zzmoAAAAJ&hl=en,13,,,,,,,,,,,,,,,,
Katarína,Čulková,Katarína Čulková,NIE,,,TUKE,SR,,,,https://scholar.google.sk/citations?user=2dyyD9sAAAAJ&hl=sk,13,,,,,,,,,,,,,,,,
Radoslav,Delina,Radoslav Delina,NIE,,,TUKE,SR,,,,https://scholar.google.com/citations?hl=en&user=rst6vfoAAAAJ,13,,,,,,,,,,,,,,,,
Martin,Dekan,Martin Dekan,NIE,,,STU ,SR,,,,https://scholar.google.com/citations?user=r9Uqz5wAAAAJ&hl=sk&oi=sra,13,,,,,,,,,,,,,,,,
Samuel,Dobák,Samuel Dobák,,,,UPJŠ,SR,,,,https://scholar.google.sk/citations?hl=en&user=yNAHFdAAAAAJ,13,,,,,,,,,,,,,,,,
Silvia,Dulanská,Silvia Dulanská,NIE,,,UK,SR,environmental samplesradionuclides,,,https://scholar.google.com/citations?user=A8cVKwwAAAAJ&hl=sk&oi=sra,13,,,,,,,,,,,,,,,,
Roman,Džambazovič,Roman Džambazovič,NIE,,,UK,SR,sociológiademografia,,,https://scholar.google.com/citations?user=Q-BkqpsAAAAJ&hl=sk&oi=ao,13,,,,,,,,,,,,,,,,
,,,NIE,,,,,,,,,,,,,,,,,,,,,,,,,
Mária,Džunková,Mária Džunková,NIE,,,U.of Valencia,Španielsko,metagenomicsmicrobiologyFACSbacteriophages,,,https://scholar.google.com/citations?user=dmDwsfQAAAAJ&hl=en,13,,,https://www.linkedin.com/in/maria-dzunkova-a03a2443/details/languages/,,,,,,,,,,,,,
Pavol,Eliáš,Pavol Eliáš,NIE,,,https://botany.cz/cs/o-nas/,,botanikaekológia rastlínfytocenológia,,,https://scholar.google.com/citations?user=gHOww-oAAAAJ&hl=sk&oi=sra,13,,,,,,,,,,,,,,,,
,,,NIE,,,,,,,,,,,,,,,,,,,,,,,,,
,,,NIE,,,,,,,,,,,,,,,,,,,,,,,,,
Juraj,Filo,Juraj Filo,NIE,,,UK,SR,,,,https://scholar.google.com/citations?user=6k-TkhQAAAAJ&hl=en,13,,,,,,,,,,,,,,,,
Mária,Fišerová,Mária Fišerová,NIE,,,VUPC,SR,,,,https://scholar.google.com/citations?user=F7ISqn4AAAAJ&hl=sk&oi=sra,13,,,,,,,,,,,,,,,,
Patrik,Flegner,Patrik Flegner,NIE,,,TUKE,SR,,,,https://scholar.google.com/citations?hl=sk&user=SeCBNA4AAAAJ,13,,,,,,,,,,,,,,,,
,,,NIE,,,,,,,,,,,,,,,,,,,,,,,,,
,,,NIE,,,,,,,,,,,,,,,,,,,,,,,,,
Vladimír,Gazda,Vladimír Gazda,NIE,,,TUKE,SR,,,,https://scholar.google.com/citations?hl=sk&user=gGmr3xUAAAAJ,13,,,,,,,,,,,,,,,,
Alexander,Gmiterko,Alexander Gmiterko,NIE,,,TUKE,SR,,,,https://scholar.google.com/citations?hl=sk&user=GGWB2asAAAAJ,13,,,,,,,,,,,,,,,,
,,,NIE,,,,,,,,,,,,,,,,,,,,,,,,,
Jozef,Gubiš,Jozef Gubiš,NIE,,,NPPC,,,,,https://scholar.google.com/citations?user=nY4zMgcAAAAJ&hl=sk&oi=sra,13,,,,,,,,,,,,,,,,
Milan,Guzán,Milan Guzán,NIE,,,TUKE,SR,,,,https://scholar.google.sk/citations?user=HPoxbSEAAAAJ&hl=sk,13,,,,,,,,,,,,,,,,
Michal,Hajdúk,Michal Hajdúk,NIE,,,UK,SR,,,,https://scholar.google.com/citations?user=OSLylkkAAAAJ&hl=en,13,,,,,,,,,,,,,,,,
,,,NIE,,,,,,,,,,,,,,,,,,,,,,,,,
,,,NIE,,,,,,,,,,,,,,,,,,,,,,,,,
Anton,Heretik,Anton Heretik,NIE,,,UK,SR,Psychológia,,,https://scholar.google.sk/citations?user=raaM8jIAAAAJ&hl=sk,13,,,,,,,,,,,,,,,,
Peter,Hockicko,Peter Hockicko,NIE,,,UNIZA,SR,,,,https://scholar.google.com/citations?user=u7kU974AAAAJ&hl=sk&oi=sra,13,,,,,,,,,,,,,,,,
,,,NIE,,,,,,,,,,,,,,,,,,,,,,,,,
Marcel,Horňák,Marcel Horňák,NIE,,,UK,SR,,,,https://scholar.google.com/citations?user=RIw1SQMAAAAJ&hl=sk&oi=sra,13,,,,,,,,,,,,,,,,
,,,NIE,,,,,,,,,,,,,,,,,,,,,,,,,
,,,NIE,,,,,,,,,,,,,,,,,,,,,,,,,
Slavomír,Hredzák,Slavomír Hredzák,NIE,,,SAV,SR,,,,https://scholar.google.com/citations?user=ktYs3l8AAAAJ&hl=sk,13,,,,,,,,,,,,,,,,
,,,,,,,,,,,,,,,,,,,,,,,,,,,,
Jozef,Chavko,Jozef Chavko,,,,dravce.sk,SR,,,,https://scholar.google.com/citations?user=SIR62kkAAAAJ&hl=sk&oi=ao,13,,,,,,,,,,,,,,,,
Robert,Ihnatko,Robert Ihnatko,,,,U.of Gottingen,Nemecko,,,,https://scholar.google.se/citations?user=OzlLxTQAAAAJ&hl=sv,13,,,,,,,,,,,,,,,,
František,Jakab,František Jakab,NIE,,,TUKE,SR,,,,https://scholar.google.sk/citations?user=meErH4oAAAAJ&hl=en,13,,,,,,,,,,,,,,,,
,,,NIE,,,,,,,,,,,,,,,,,,,,,,,,,
Radoslav,Janoštiak,Radoslav Janoštiak,NIE,,,IRB Barcelona,Španielsko,,,,https://scholar.google.com/citations?user=B4g3aacAAAAJ&hl=sk&oi=ao,13,,,,,,,,,,,,,,,,
Karol,Jarolímek,Karol Jarolímek,NIE,,,U.of Kentucky,USA,,,,https://scholar.google.com/citations?user=-oC4BDEAAAAJ&hl=en,13,,,,,,,,,,,,,,,,
Jana,Jurkovičová,Jana Jurkovičová,NIE,,,UK,SR,,,,https://scholar.google.sk/citations?user=wUsU79gAAAAJ&hl=sk,13,,,,,,,,,,,,,,,,
Attila,Kántor,Attila Kántor,,,,Uniag,SR,,,,https://scholar.google.sk/citations?user=5xM5k7MAAAAJ&hl=sk,13,,,,,,,,,,,,,,,,
Dušan,Korytár,Dušan Korytár,NIE,,,SAV+TDS,SR,,,,https://scholar.google.sk/citations?user=Nc4xOEkAAAAJ&hl=sk,13,,,,,,,,,,,,,,,,
Peter,Košťál,Peter Košťál,NIE,,,STU,SR,,,,https://scholar.google.com/citations?hl=en&user=DIC93UcAAAAJ,13,,,,,,,,,,,,,,,,
Diana,Krajmerová,Diana Krajmerová,NIE,,,TUZvo,SR,,,,https://scholar.google.sk/citations?user=Yh_QWesAAAAJ&hl=sk,13,,,,,,,,,,,,,,,,
Branislav ,Kršák,Branislav Kršák,NIE,,,TUKE,SR,,,,https://scholar.google.com/citations?user=cYpsDe4AAAAJ&hl=sk&oi=sra,13,,,,,,,,,,,,,,,,
,,,NIE,,,,,,,,,,,,,,,,,,,,,,,,,
,,,,,,,,,,,,,,,,,,,,,,,,,,,,
Martin,Kučerka,Martin Kučerka,,,,UMB,SR,,,,https://scholar.google.com/citations?user=aQM7CCEAAAAJ&hl=cs,13,,,,,,,,,,,,,,,,
Mária,Lucká,Mária Lucká,NIE,,,KINIT,SR,,,,https://scholar.google.sk/citations?user=1bQwDSgAAAAJ&hl=sk,13,,,,,,,,,,,,,,,,
Ján,Madarás,Ján Madarás,NIE,,,SAV,SR,,,,https://scholar.google.com/citations?user=k6aibEQAAAAJ&hl=sk,13,,,,,,,,,,,,,,,,
Veronika,Majová,Veronika Majová,,,,STU,SR,,,,https://scholar.google.com/citations?hl=en&user=0xXjEFcAAAAJ,13,,,,,,,,,,,,,,,,
,,,,,,,,,,,,,,,,,,,,,,,,,,,,
Vanda,Maráková,Vanda Maráková,NIE,,,UMB,SR,,,,https://scholar.google.com/citations?user=rdpZIUEAAAAJ&hl=sk&oi=ao,13,,,,,,,,,,,,,,,,
Iveta,Marková,Iveta Marková,NIE,,,UNIZA,SR,,,,https://scholar.google.sk/citations?user=wybTYewAAAAJ&hl=sk,13,,,,,,,,,,,,,,,,
Marcel,Martončík,Marcel Martončík,NIE,,,UniPo,SR,,,,https://scholar.google.co.th/citations?hl=en&user=hmZ_pw4AAAAJ,13,,,,,,,,,,,,,,,,
Anna,Marzecová,Anna Marzecová,NIE,,,Ghent U.,Belgicko,,,,https://scholar.google.sk/citations?hl=sk&user=g7cmItAAAAAJ,13,,,,,,,,,,,,,,,,
Anton,Michálek,Anton Michálek,NIE,,,SAV,SR,Geografia,,,https://scholar.google.com/citations?user=hO6WIIcAAAAJ&hl=sk&oi=sra,13,,,,,,,,,,,,,,,,
Daniel,Michniak,Daniel Michniak,NIE,,,SAV,SR,,,,https://scholar.google.com/citations?user=q25p92MAAAAJ&hl=en&oi=ao,13,,,,,,,,,,,,,,,,
Pavol,Michniak,Pavol Michniak,NIE,,,STU,SR,,,,https://scholar.google.com/citations?user=kKiI7SgAAAAJ&hl=sk&oi=sra,13,,,,,,,,,,,,,,,,
Nikoleta,Mikušová,Nikoleta Mikušová,NIE,,,TUKE,SR,,,,https://scholar.google.com/citations?hl=sk&user=SjYkmfAAAAAJ,13,,,,,,,,,,,,,,,,
Katarína,Olšovská,Katarína Olšovská,NIE,,,SPU,SR,,,,https://scholar.google.com/citations?user=OcAGR38AAAAJ&hl=en&oi=sra,13,,,,,,,,,,,,,,,,
Ľuboš,Ovseník,Ľuboš Ovseník,NIE,,,TUKE,SR,,,,https://scholar.google.sk/citations?hl=en&user=W1H8jxAAAAAJ,13,,,,,,,,,,,,,,,,
Anna,Pilková,Anna Pilková,NIE,,,UK,SR,,,,https://scholar.google.com/citations?user=jy9ZimgAAAAJ&hl=en&oi=sra,13,,,,,,,,,,,,,,,,
Peter,Perešíni,Peter Perešíni,,,,UK,SR,,,,https://scholar.google.com/citations?hl=en&user=6JVN5UkAAAAJ,13,,,,,,,,,,,,,,,,
Jana,Plšíková,Jana Plšíková,NIE,,,UPJS,SR,,,,https://scholar.google.com/citations?user=HqXiLskAAAAJ&hl=sk&oi=sra,13,,,,,,,,,,,,,,,,
Tatiana,Podolinská,Tatiana Podolinská,NIE,,,SAV,SR,,,,https://scholar.google.com/citations?user=8QaM67AAAAAJ&hl=en,13,,,,,,,,,,,,,,,,
Tomáš,Polakovič,Tomáš Polakovič,NIE,,,Argonne National laboratory,USA,,,,https://scholar.google.com/citations?hl=en&user=ElHnfB8AAAAJ,13,,,https://www.linkedin.com/in/tomas-polakovic-b21791201/,,,,,,,,,,,,,
Juraj,Poliak,Juraj Poliak,NIE,,,DLR,Nemecko,,,,https://scholar.google.com/citations?hl=sk&user=xko8Jm4AAAAJ,13,,,,,,,,,,,,,,,,
Kamila,Polišenská,Kamila Polišenská,NIE,,,"U, of Manchster",Veľká Británia,,,,https://scholar.google.com/citations?hl=en&user=j4xvXq8AAAAJ,13,,,,,,,,,,,,,,,,
Alena,Pribulová,Alena Pribulová,NIE,,,TUKE,SR,,,,https://scholar.google.sk/citations?hl=en&user=riSNVsQAAAAJ,13,,,,,,,,,,,,,,,,
Sylvia,Reitmanova,Sylvia Reitmanova,NIE,,,Carleton Univ.,Kanada,,https://foxrockies.wordpress.com/about/,sylvinka@hotmail.com,https://scholar.google.ca/citations?hl=en&user=jIdk4SsAAAAJ,13,,,https://foxrockies.files.wordpress.com/2014/10/sylviareitmanova.pdf,,,,,,,,,,,,,
Katarína,Rejleková,Katarína Rejleková,NIE,,,,,,,,https://scholar.google.com/citations?user=VS-KP-EAAAAJ&hl=sk,13,,,,,,,,,,,,,,,,
Janka,Saderová,Janka Saderová,NIE,,,TUKE,SR,,,,https://scholar.google.com/citations?user=_yFthgsAAAAJ&hl=sk&oi=sra,13,,,,,,,,,,,,,,,,
Slavomir,Stasiov,Slavomir Stasiov,NIE,,,TUZvo,SR,,,,https://scholar.google.sk/citations?user=GWhgT-sAAAAJ&hl=sk,13,,,,,,,,,,,,,,,,
Marek,Šebesta,Marek Šebesta,NIE,,,MUNI,ČR,,,,https://scholar.google.cz/citations?user=gykNIYMAAAAJ&hl=en&oi=ao,13,,,,,,,,,,,,,,,,
Michal,Šimko,Michal Šimko,NIE,,,TUV,Rakúsko,,,,https://scholar.google.com/citations?user=BoZCTNoAAAAJ&hl=en,13,,,,,,,,,,,,,,,,
Miroslav,Tedla,Miroslav Tedla,NIE,,,UK,SR,ORL,mirotedla.sk,miro.tedla@gmail.com,https://scholar.google.com/citations?user=m1dJltIAAAAJ&hl=en,13,,,,,,,,,,,,,,,,
Tomáš,Tesár,Tomáš Tesár,NIE,,,UK,SR,,,,https://scholar.google.com/citations?hl=sk&user=icWs_yYAAAAJ,13,,,,,,,,,,,,,,,,
Gergely,Takács,Gergely Takács,NIE,,,STU,SR,embedded controlmicrocontrollersmodel predictive controlcontrol engineeringmechatronics,,,https://scholar.google.com/citations?user=tK_7uMEAAAAJ&hl=sk&oi=sra,13,,,,,,,,,,,,,,,,
,,,NIE,,,,,,,,,,,,,,,,,,,,,,,,,
,,,NIE,,,,,,,,,,,,,,,,,,,,,,,,,
,,,NIE,,,,,,,,,,,,,,,,,,,,,,,,,
Jaroslav,Tobík,Jaroslav Tobík,NIE,,,SAV,SR,,,,https://scholar.google.sk/citations?hl=en&user=wlg6YZAAAAAJ,13,,,,,,,,,,,,,,,,
Martin,Tomáška,Martin Tomáška,NIE,,,VUMZA,SR,,,,https://scholar.google.com/citations?user=nSilPiwAAAAJ&hl=en,13,,,,,,,,,,,,,,,,
Tomáš,Toporcer,Tomáš Toporcer,NIE,,,VUSCH,SR,medicína,,,https://scholar.google.com/citations?user=7tAGn7UAAAAJ&hl=sk&oi=sra,13,,,,,,,,,,,,,,,,
Alžbeta,Trančíková,Alžbeta Trančíková,NIE,,,UK,SR,,,,https://scholar.google.com/citations?user=PPS0P9AAAAAJ&hl=en,13,,,,,,,,,,,,,,,,
Ladislav,Turecký,Ladislav Turecký,NIE,,,KU,SR,,,,https://scholar.google.sk/citations?user=lkkN4rAAAAAJ&hl=en,13,,,,,,,,,,,,,,,,
,,,NIE,,,,,,,,,,,,,,,,,,,,,,,,,
Gabriela,Vaceková,Gabriela Vaceková,NIE,,,MU,ČR,,,,https://scholar.google.com/citations?user=rF4rUXMAAAAJ&hl=en&oi=sra,13,,,https://www.muni.cz/lide/119061-gabriela-vacekova/zivotopis,,,,,,,,,,,,,
Tomáš,Vetrík,Tomáš Vetrík,NIE,,,U. of the Free State,Juhoafrická republika,,https://www.ufs.ac.za/natagri/departments-and-divisions/mathematics-and-applied-mathematics-home/general/staff?pid=XLO90eqI4bs%3D,,https://scholar.google.com/citations?hl=en&user=CmrqvlsAAAAJ,13,,,,,,,,,,,,,,,,
Jozef,Vilček,Jozef Vilček,NIE,,,VUPOP,,,,,https://scholar.google.com/citations?user=iSnl88UAAAAJ&hl=sk&oi=sra,13,,,,,,,,,,,,,,,,
Jana,Viskupičová,Jana Viskupičová,NIE,,,SAV,SR,,,,https://scholar.google.sk/citations?hl=en&user=miHBlVAAAAAJ,13,,,,,,,,,,,,,,,,
Jana ,Višňovská,Jana  Višňovská,NIE,,,Uni. of Queensland,Australia,,,,https://scholar.google.com.au/citations?user=Fp2rZJ8AAAAJ&hl=en,13,,,,,,,,,,,,,,,,
,,,NIE,,,,,,,,,,,,,,,,,,,,,,,,,
,,,NIE,,,,,,,,,,,,,,,,,,,,,,,,,
Tomáš,Zelinský,Tomáš Zelinský,NIE,,,TUKE,SR,,,,https://scholar.google.com/citations?hl=sk&user=YgO4Qr4AAAAJ,13,,,,,,,,,,,,,,,,
Emília,Zimková,Emília Zimková,,,,UMB,SR,,,,https://scholar.google.com/citations?hl=sk&user=Yg1aO_cAAAAJ,13,,,,,,,,,,,,,,,,
,,,NIE,,,,,,,,,,,,,,,,,,,,,,,,,
,, ,NIE,,,,,,,,,12,,,,,,,,,,,,,,,,
Tomáš,Bacigál,Tomáš Bacigál,NIE,,,STU,SR,applied statisticsdata sciencestatistical learning,,,https://scholar.google.com/citations?user=kUd_6LEAAAAJ&hl=sk&oi=sra,12,,,,,,,,,,,,,,,,
Tomáš,Bakalár,Tomáš Bakalár,NIE,,,TUKE,SR,,,,https://scholar.google.sk/citations?user=cZ6E4hMAAAAJ&hl=sk,12,,,,,,,,,,,,,,,,
Ivan,Baláž,Ivan Baláž,NIE,,,UKF,SR,,,,https://scholar.google.sk/citations?user=_tMakWsAAAAJ&hl=sk,12,,,,,,,,,,,,,,,,
Mária,Balážová,Mária Balážová,NIE,,,Katolícka univeržita,SR,,,,https://scholar.google.sk/citations?user=ormX7a4AAAAJ&hl=en,12,,,,,,,,,,,,,,,,
Kristína,Bartha Václavová,Kristína Bartha Václavová,NIE,,,Karlova u.,ČR,,,,https://scholar.google.cz/citations?user=qBiSXd0AAAAJ&hl=en&oi=ao,12,,,https://www.linkedin.com/search/results/all/?keywords=Science&origin=PROFILE_PAGE_SKILL_NAVIGATION&sid=StA,,,,,,,,,,,,,
Zuzana,Birknerová,Zuzana Birknerová,NIE,,,UNIPO,SR,,,,https://scholar.google.sk/citations?user=Pn2men0AAAAJ&hl=sk,12,,,,,,,,,,,,,,,,
Martin,Boďa,Martin Boďa,NIE,,,UMB,SR,,,,https://scholar.google.com/citations?hl=sk&user=7Z9xmxAAAAAJ,12,,,,,,,,,,,,,,,,
Pavol,Bokes,Pavol Bokes,NIE,,,UK,SR,,,,https://scholar.google.sk/citations?user=4KDlYZEAAAAJ&hl=sk,12,,,,,,,,,,,,,,,,
Jaroslav,Broďáni,Jaroslav Broďáni,NIE,,,UKF,SR,,,,https://scholar.google.co.th/citations?hl=en&user=yne__fAAAAAJ,12,,,,,,,,,,,,,,,,
Alexander,Csanády,Alexander Csanády,NIE,,,UNIPO,SR,,,,https://scholar.google.co.th/citations?hl=en&user=VZgqpNgAAAAJ,12,,,,,,,,,,,,,,,,
Július,Czap,Július Czap,NIE,,,TUKE ,SR,,,,https://scholar.google.com/citations?hl=en&user=OXsvmWMAAAAJ,12,,,,,,,,,,,,,,,,
,,,,,,,,,,,,,,,,,,,,,,,,,,,,
Iveta,Čabalová,Iveta Čabalová,NIE,,,TUZVO,SR,,,,https://scholar.google.co.th/citations?hl=en&user=dppkTzAAAAAJ,12,,,,,,,,,,,,,,,,
Milan,Čársky,Milan Čársky,NIE,,,U. of KwaZulu Natal,Juhoafrická republika,,,,https://scholar.google.com/citations?hl=en&user=i3DJ1IYAAAAJ,12,,,,,,,,,,,,,,,,
Zsolt,Čonka,Zsolt Čonka,NIE,,,SAV,SR,,,,https://scholar.google.com/citations?user=TRtzkVAAAAAJ&hl=sk&oi=sra,12,,,,,,,,,,,,,,,,
Maksym,Danchenko,Maksym Danchenko,NIE,,,SAV,SR,,,,https://scholar.google.com/citations?user=IuzIPF8AAAAJ&hl=en,12,,,,,,,,,,,,,,,,
Alexander,Duleba,Alexander Duleba,NIE,,,SFPA,SR,,http://www.sfpa.sk/sk/,,https://scholar.google.sk/citations?user=H_CKlkYAAAAJ&hl=en,12,,,,,,,,,,,,,,,,
Ľudmila,Dulebová,Ľudmila Dulebová,NIE,,,TUKE,SR,,,,https://scholar.google.com/citations?user=f9tHzVkAAAAJ&hl=en,12,,,,,,,,,,,,,,,,
Darina,Dupláková,Darina Dupláková,NIE,,,TUKE,SR,,,,https://scholar.google.com/citations?user=_Jz_PcQAAAAJ&hl=sk&oi=sra,12,,,,,,,,,,,,,,,,
Zdeněk,Dvořák,Zdeněk Dvořák,NIE,,,Uniza,SR,,,,https://scholar.google.com/citations?user=RmVPxnYAAAAJ&hl=en,12,,,,,,,,,,,,,,,,
Emil,Evin,Emil Evin,NIE,,,TUKE,SR,,,,https://scholar.google.com/citations?user=osWXTxYAAAAJ&hl=sk,13,,,,,,,,,,,,,,,,
Helena,Fabryová,Helena Fabryová,NIE,,,NIH,USA,,,,https://scholar.google.com/citations?user=EFuZdAkAAAAJ&hl=en,12,,,,,,,,,,,,,,,,
Pavol,Farkaš,Pavol Farkaš,NIE,,,SAV,SR,,,,https://scholar.google.com/citations?user=9Y1zQJ4AAAAJ&hl=sk&oi=ao,12,,,,,,,,,,,,,,,,
Zuzana,Ferencová,Zuzana Ferencová,NIE,,,U. Complutense Madrid,Španielsko,,,,https://scholar.google.es/citations?user=b7lB_HAAAAAJ,13,,,,,,,,,,,,,,,,
Ivan,Gajdoš,Ivan Gajdoš,NIE,,,TUKE,SR,,,,https://scholar.google.com/citations?hl=en&user=VsSZXsoAAAAJ,12,,,,,,,,,,,,,,,,
Tomáš,Gajdošík,Tomáš Gajdošík,NIE,,,UMB,SR,,,,https://scholar.google.com/citations?user=wwuqJsYAAAAJ&hl=en&oi=ao,12,,,,,,,,,,,,,,,,
Daniel,Gerbery,Daniel Gerbery,NIE,,,UK,SR,,,,https://scholar.google.com/citations?user=VzKqCOgAAAAJ&hl=sk&oi=sra,12,,,,,,,,,,,,,,,,
Vasil,Gluchman,Vasil Gluchman,NIE,,,UNIPO,SR,,,,https://scholar.google.co.th/citations?hl=en&user=w8zBC84AAAAJ,12,,,,,,,,,,,,,,,,
Štefan,Gmuca,Štefan Gmuca,NIE,,,SAV,SR,,,,https://scholar.google.com/citations?user=0jCR-IAAAAAJ&hl=en,12,,,,,,,,,,,,,,,,
Robert,Grega,Robert Grega,NIE,,,TUKE,SR,,,,https://scholar.google.com/citations?hl=sk&user=Spy2XS4AAAAJ,13,,,,,,,,,,,,,,,,
Mária,Greifová,Mária Greifová,NIE,,,STU,SR,,,,https://scholar.google.com/citations?hl=en&user=2PxyxRkAAAAJ,12,,,,,,,,,,,,,,,,
Andrej,Halabuk,Andrej Halabuk,NIE,,,SAV,SR,,,,https://scholar.google.com/citations?user=Is9C-UcAAAAJ&hl=en,12,,,,,,,,,,,,,,,,
Martin,Halas,Martin Halas,NIE,,,STU,SR,,,,https://scholar.google.com/citations?hl=en&user=W-P56kAAAAAJ,12,,,,,,,,,,,,,,,,
Marek,Halenár,Marek Halenár,NIE,,,UNIAG,SR,,,,https://scholar.google.com/citations?user=uniVbaEAAAAJ&hl=sk&oi=sra,12,,,,,,,,,,,,,,,,
Rudolf,Haraksim,Rudolf Haraksim,NIE,,SK,Europa JRC,,BiometricForensicFace recognitionFingerprints,,,https://scholar.google.com/citations?hl=sk&user=9qYoWAEAAAAJ,12,,,https://www.linkedin.com/in/rudolf-haraksim-9b850415/,,,,,,,,,,,,,
Tomáš,Haruštiak,Tomáš Haruštiak,NIE,,,KU,ČR,,,,https://scholar.google.com/citations?user=998J1rkAAAAJ&hl=sk&oi=sra,12,,,,,,,,,,,,,,,,
Peter,Hlivák,Peter Hlivák,NIE,,,NÚSCH,SR,,,,https://scholar.google.co.uk/citations?user=FbAuADwAAAAJ&hl=en&oi=sra,12,,,,,,,,,,,,,,,,
Monika,Hudáková,Monika Hudáková,NIE,,,SPU,SR,,,,https://scholar.google.com/citations?user=m7E77BoAAAAJ&hl=sk,12,,,,,,,,,,,,,,,,
Peter,Hubinský,Peter Hubinský,NIE,,,STU,SR,,,,https://scholar.google.com/citations?hl=en&user=FjmQPRgAAAAJ,12,,,,,,,,,,,,,,,,
Ján,Ilavský,Ján Ilavský,NIE,,,STU,SR,,,,https://scholar.google.com/citations?user=YbHFVvEAAAAJ&hl=sk&oi=sra,12,,,,,,,,,,,,,,,,
Rastislav,Igaz,Rastislav Igaz,NIE,,,TUZvo,SR,,,,https://scholar.google.com/citations?user=-wF3m00AAAAJ&hl=sk,12,,,,,,,,,,,,,,,,
Ján,Jamroškovič,Ján Jamroškovič,NIE,,,Umea U.,Švédsko,,,,https://scholar.google.com/citations?user=CVSk7bEAAAAJ&hl=en,12,,,,,,,,,,,,,,,,
Aleš,Janota,Aleš Janota,NIE,,,Uniza,SR,,,,https://scholar.google.com/citations?user=ANHY2iEAAAAJ&hl=sk&oi=sra,12,,,,,,,,,,,,,,,,
Ladislav,Jurišica,Ladislav Jurišica,NIE,,,STU,SR,,,,https://scholar.google.com/citations?hl=en&user=xHsABxwAAAAJ,12,,,,,,,,,,,,,,,,
,,,NIE,,,,,,,,,,,,,,,,,,,,,,,,,
Martin,Kalúz,Martin Kalúz,NIE,,,STU,SR,,,,https://scholar.google.sk/citations?user=L3WRrsUAAAAJ&hl=sk,12,,,,,,,,,,,,,,,,
Svetozár,Katuščák,Svetozár Katuščák,NIE,,,STU,SR,,,,https://scholar.google.sk/citations?user=U7_KBLVpeHUC&hl=en,12,,,,,,,,,,,,,,,,
Katarína,Klubicová,Katarína Klubicová,NIE,,,SAV,SR,,,,https://scholar.google.com/citations?user=McvN2WwAAAAJ&hl=sk&oi=sra,12,,,,,,,,,,,,,,,,
Michal,Kompan,Michal Kompan,NIE,,,Kinit,SR,,,,https://scholar.google.sk/citations?user=EahdXK8AAAAJ&hl=en,13,,,,,,,,,,,,,,,,
Milan,Koreň,Milan Koreň,NIE,,,TUZVO,SR,,,,https://scholar.google.com/citations?hl=en&user=lcaccsgAAAAJ,13,,,,,,,,,,,,,,,,
Ján,Koščo,Ján Koščo,NIE,,,KAUST,Saudská Arábia,,,,https://scholar.google.com/citations?user=JVMjIc8AAAAJ&hl=sk&oi=ao,12,,,,,,,,,,,,,,,,
Martin,Kotus,Martin Kotus,NIE,,,UNIAG,SR,,,,https://scholar.google.com/citations?user=zdTfX9AAAAAJ&hl=sk&oi=sra,12,,,,,,,,,,,,,,,,
Ivan,Kotuliak,Ivan Kotuliak,NIE,,,STU,SR,,,,https://scholar.google.com/citations?hl=en&user=vYsStVoAAAAJ,13,,,,,,,,,,,,,,,,
Štefan,Kozák,Štefan Kozák,NIE,,,Paneurópska Univ.,SR,,,,https://scholar.google.com/citations?user=ta4fQ6gAAAAJ&hl=sk,12,,,,,,,,,,,,,,,,
Alena,Kozáková,Alena Kozáková,NIE,,,STU,SR,,,,https://scholar.google.com/citations?hl=en&user=Di3vsQkAAAAJ,12,,,,,,,,,,,,,,,,
Jozef,Krajňák,Jozef Krajňák,NIE,,,TUKE,SR,,,,https://scholar.google.com/citations?hl=sk&user=goGsL8wAAAAJ,12,,,,,,,,,,,,,,,,
Katarína,Kristianová,Katarína Kristianová,NIE,,,STU,SR,,,,https://scholar.google.com/citations?hl=en&user=Yvcto-EAAAAJ,12,,,,,,,,,,,,,,,,
Ľubica,Krišková,Ľubica Krišková,NIE,,,KULeuven,Belgicko,,,,https://scholar.google.com/citations?hl=en&user=fDl7LsoAAAAJ,12,,,,,,,,,,,,,,,,
,,,NIE,,,,,,,,,,,,,,,,,,,,,,,,,
Miroslav,Krumpál,Miroslav Krumpál,NIE,,,UK,SR,,,,https://scholar.google.co.uk/citations?user=JWzH-64AAAAJ&hl=cs,12,,,,,,,,,,,,,,,,
Veronika,Kuchta,Veronika Kuchta,NIE,,,U.of Queensland,Austrália,,,,https://scholar.google.com/citations?user=BzZq67sAAAAJ&hl=en,12,,,,,,,,,,,,,,,,
Martin,Kužma,Martin Kužma,NIE,,,UNB,SR,,,,https://scholar.google.sk/citations?user=rUgxgo4AAAAJ&hl=sk,12,,,,,,,,,,,,,,,,
Boris,Lakatoš,Boris Lakatoš,NIE,,,STU,SR,,,,https://scholar.google.com/citations?user=bv31ab4AAAAJ&hl=sk,12,,,,,,,,,,,,,,,,
Barbara,Lášticová,Barbara Lášticová,NIE,,,SAV,SR,,,,https://scholar.google.sk/citations?hl=en&user=6ltoZbMAAAAJ,12,,,,,,,,,,,,,,,,
Michaela,Lauková,Michaela Lauková,NIE,,,STU,SR,,,,https://scholar.google.com/citations?user=SUI9mjQAAAAJ&hl=sk&oi=sra,12,,,,,,,,,,,,,,,,
Richard,Lenhard,Richard Lenhard,NIE,,,UNIZA,SR,,,,https://scholar.google.com/citations?user=P6gMPSwAAAAJ&hl=sk&oi=sra,12,,,,,,,,,,,,,,,,
Peter,Ľuptáčik,Peter Ľuptáčik,NIE,,,UPJŠ,SR,,,,https://scholar.google.sk/citations?user=yTiEY24AAAAJ&hl=sk,12,,,,,,,,,,,,,,,,
Milan,Macák,Milan Macák,NIE,,,SPU,SR,,,,https://scholar.google.com/citations?user=yrv460UAAAAJ&hl=en&oi=sra,12,,,,,,,,,,,,,,,,
Juraj,Marek,Juraj Marek,NIE,,,STU,SR,,,,https://scholar.google.com/citations?hl=en&user=OUjWMZgAAAAJ,12,,,,,,,,,,,,,,,,
Andrea,Majlingová,Andrea Majlingová,NIE,,,TUZVO,SR,,,,https://scholar.google.com/citations?hl=en&user=e9AgtG4AAAAJ,12,,,,,,,,,,,,,,,,
Milan,Markovic,Milan Markovic,NIE,,SR,UofAberdeen,Veľká Británia,AccountabilityComplianceTransparencyProvenanceSemantic Web,https://www.abdn.ac.uk/ncs/profiles/milan.markovic/,,https://scholar.google.com/citations?user=kfBuRM4AAAAJ&hl=sk&oi=ao,12,,,https://www.linkedin.com/in/markovic-milan/,,,,,,,,,,,,,
Ivana,Mezeyová,Ivana Mezeyová,NIE,,,Uniag,SR,,,,https://scholar.google.com/citations?user=HhaaVEsAAAAJ&hl=sk,12,,,,,,,,,,,,,,,,
Lucia,Minarovičová,Lucia Minarovičová,NIE,,,STU,SR,,,,https://scholar.google.com/citations?user=Hch1YrMAAAAJ&hl=sk&oi=ao,12,,,,,,,,,,,,,,,,
Rajmund,Mirdala,Rajmund Mirdala,NIE,,,TUKE,SR,,,,https://scholar.google.com/citations?hl=sk&user=efDUZroAAAAJ,12,,,,,,,,,,,,,,,,
Jozef,Mládek,Jozef Mládek,,,,JCU,ČR,,,,https://scholar.google.com/citations?user=6SbXk8gAAAAJ&hl=th,12,,,,,,,,,,,,,,,,
Marek ,Moravčík,Marek  Moravčík,NIE,,,Uniza,SR,,,,https://scholar.google.sk/citations?user=h6zuowQAAAAJ&hl=sk,12,,,,,,,,,,,,,,,,
Nina,Moravčíková,Nina Moravčíková,,,,UNIAG,SR,,,,https://scholar.google.com/citations?hl=sk&user=CV9qunwAAAAJ,12,,,,,,,,,,,,,,,,
Robert,Moro,Robert Moro,,,,Kinit,SR,,,,https://scholar.google.sk/citations?user=dyeyjpQAAAAJ,13,,,,,,,,,,,,,,,,
Daša,Munková,Daša Munková,NIE,,,UKF,SR,,,,https://scholar.google.co.th/citations?hl=en&user=WO0dRdsAAAAJ,12,,,,,,,,,,,,,,,,
Stanislav,Ondas,Stanislav Ondas,NIE,,,TUKE,SR,,,,https://scholar.google.com/citations?hl=sk&user=FWI9p2QAAAAJ,13,,,,,,,,,,,,,,,,
Viera,Pacáková,Viera Pacáková,NIE,,,U.Pardubice,ČR,,,,https://scholar.google.com/citations?user=KdFaNFIAAAAJ&hl=sk,12,,,,,,,,,,,,,,,,
Peter,Palček,Peter Palček,NIE,,,ŽU,SR,,,,https://scholar.google.sk/citations?user=CxMm1cMAAAAJ&hl=sk,12,,,,,,,,,,,,,,,,
Adrián,Pekár,Adrián Pekár,NIE,,,BME,Maďarsko,,,,https://scholar.google.com/citations?user=BNd_DfEAAAAJ&hl=sk&oi=sra,12,,,https://medianets.hu/staff/adrian-pekar/,,,,,,,,,,,,,
Ladislav,Pekárik,Ladislav Pekárik,NIE,,,SAV,SR,,,,https://scholar.google.sk/citations?user=bFwr4d0AAAAJ&hl=sk,12,,,,,,,,,,,,,,,,
Martin,Petriska,Martin Petriska,NIE,,,STU,SR,,,,https://scholar.google.com/citations?user=nkKFATYAAAAJ&hl=sk&oi=sra,12,,,,,,,,,,,,,,,,
Jana,Pócsová,Jana Pócsová,NIE,,,TUKE,SR,,,,https://scholar.google.sk/citations?user=gcI8-JIAAAAJ&hl=sk,12,,,,,,,,,,,,,,,,
Imrich,Pokorný,Imrich Pokorný,NIE,,,TUKE,SR,,,,https://scholar.google.com/citations?hl=en&user=8r3_sX4AAAAJ,12,,,,,,,,,,,,,,,,
Štefan,Rehák,Štefan Rehák,NIE,,,EU,SR,,,,https://scholar.google.com/citations?user=bEAmVkkAAAAJ&hl=sk&oi=ao,12,,,,,,,,,,,,,,,,
Konštantín,Rosina,Konštantín Rosina,NIE,,,Solargis,SR,,,,https://scholar.google.sk/citations?user=6HMtK5oAAAAJ&hl=sk,12,,,,,,,,,,,,,,,,
Gregor,Rozinaj,Gregor Rozinaj,NIE,,,STU,SR,,,,https://scholar.google.com/citations?hl=en&user=JPLotd4AAAAJ,12,,,,,,,,,,,,,,,,
Miloš,Rusnák,Miloš Rusnák,NIE,,,SAV,SR,,,,https://scholar.google.sk/citations?user=ZyHs0-MAAAAJ&hl=en,12,,,,,,,,,,,,,,,,
Matej,Ruttkay,Matej Ruttkay,NIE,,,UK,SR,,,,https://scholar.google.com/citations?user=a1q0tBoAAAAJ&hl=sk,12,,,,,,,,,,,,,,,,
Miroslav,Saniga,Miroslav Saniga,NIE,,,SAV,SR,,https://www.saniga.sk/Zivotopis/,,https://scholar.google.com/citations?user=hjO5SEgAAAAJ&hl=sk&oi=ao,12,,,,,,,,,,,,,,,,
Ivan,Sekaj,Ivan Sekaj,NIE,,,STU,SR,,,,https://scholar.google.com/citations?user=ZCZcaDwAAAAJ&hl=sk&oi=ao,12,,,,,,,,,,,,,,,,
Martina,Slamová,Martina Slamová,NIE,,,TUZVO,SR,,,,https://scholar.google.com/citations?user=m4u2MKEAAAAJ&hl=en&oi=sra,13,,,,,,,,,,,,,,,,
Ivana,Svitková,Ivana Svitková,NIE,,,SAV,SR,,,,https://scholar.google.com/citations?user=uYHrJqMAAAAJ&hl=sk,12,,,,,,,,,,,,,,,,
František,Šimko,František Šimko,NIE,,,SAV,SR,,,,https://scholar.google.com/citations?user=ZRpT62oAAAAJ&hl=en,12,,,,,,,,,,,,,,,,
Miroslav,Šipikal,Miroslav Šipikal,NIE,,,EU,SR,,,,https://scholar.google.com/citations?hl=en&user=6Ef9Tm4AAAAJ,12,,,,,,,,,,,,,,,,
Marian,Šofranko,Marian Šofranko,NIE,,,TUKE,SR,,,,https://scholar.google.com/citations?user=49SVu28AAAAJ&hl=sk&oi=sra,13,,,,,,,,,,,,,,,,
Zuzana,Šoltysová,Zuzana Šoltysová,NIE,,,TUKE,SR,,,,https://scholar.google.co.th/citations?hl=en&user=MRv_xDoAAAAJ,12,,,,,,,,,,,,,,,,
Svorad,Štolc,Svorad Štolc,NIE,,,Photoneo,SR,,,,https://scholar.google.com/citations?user=HlIyFHIAAAAJ&hl=en,12,,,,,,,,,,,,,,,,
Štefan,Šutaj,Štefan Šutaj,NIE,,,UPJŠ,SR,,,,https://scholar.google.sk/citations?hl=en&user=QgdrzjgAAAAJ,12,,,,,,,,,,,,,,,,
Viera,Švihrová,Viera Švihrová,NIE,,,UK,SR,,,,https://scholar.google.sk/citations?user=qvQwF5MAAAAJ&hl=sk,12,,,,,,,,,,,,,,,,
Martin,Šveda,Martin Šveda,NIE,,,UK,SR,,,,https://scholar.google.com/citations?user=hcPmEZYAAAAJ&hl=sk&oi=ao,12,,,,,,,,,,,,,,,,
Viera,Švihrová,Viera Švihrová,NIE,,,UK,SR,,,,https://scholar.google.sk/citations?user=qvQwF5MAAAAJ&hl=sk,12,,,,,,,,,,,,,,,,
Zdenko,Takáč,Zdenko Takáč,NIE,,,STU,SR,,,,https://scholar.google.com/citations?user=RpuE5NIAAAAJ&hl=sk&oi=sra,13,,,,,,,,,,,,,,,,
Gergely,Takács,Gergely Takács,NIE,,,STU,SR,,,,https://scholar.google.com/citations?hl=en&user=tK_7uMEAAAAJ,13,,,,,,,,,,,,,,,,
Katarína,Teplická,Katarína Teplická,NIE,,,TUKE,SR,,,,https://scholar.google.com/citations?user=fnh8REAAAAAJ&hl=en&oi=sra,12,,,,,,,,,,,,,,,,
Zdenko,Tkáč,Zdenko Tkáč,NIE,,,Uniag,SR,,,,https://scholar.google.com/citations?user=TtNnUhoAAAAJ&hl=sk,12,,,,,,,,,,,,,,,,
Michal,Tkáč,Michal Tkáč,NIE,,,EU,SR,,,,https://scholar.google.com/citations?user=AclALd4AAAAJ&hl=en&oi=ao,12,,,,,,,,,,,,,,,,
Atilla,Tóth,Atilla Tóth,NIE,,,Uniag,SR,,,,https://scholar.google.com/citations?user=wjQZu6oAAAAJ&hl=en,12,,,,,,,,,,,,,,,,
Tomáš,Treščák,Tomáš Treščák,NIE,,,University of Western Sydney,Austrália,AI,,,https://scholar.google.com/citations?user=BNkNq8YAAAAJ&hl=sk,12,,,,,,,,,,,,,,,,
Anna,Vaňová,Anna Vaňová,NIE,,,UMB,SR,,,,https://scholar.google.com/citations?hl=sk&user=1YtmXRUAAAAJ,13,,,,,,,,,,,,,,,,
Jaromír,Vašíček,Jaromír Vašíček,NIE,,,NPPC,SR,spermatozoastem cellsflow cytometrymagnetic cell sorting,,,https://scholar.google.com/citations?user=MvWy6vsAAAAJ&hl=sk&oi=sra,12,,,,,,,,,,,,,,,,
Zuzana,Vidholdová,Zuzana Vidholdová,NIE,,,TUZVO,SR,,,,https://scholar.google.co.th/citations?hl=en&user=a0AlNyoAAAAJ,13,,,,,,,,,,,,,,,,
Jaroslav,Vido,Jaroslav Vido,NIE,,,TUZVO,SR,,,,https://scholar.google.com/citations?hl=en&user=4BvxWL4AAAAJ,12,,,,,,,,,,,,,,,,
Vladimír,Vietoris,Vladimír Vietoris,NIE,,,UNIAG,SR,,,,https://scholar.google.sk/citations?user=dWXlLksAAAAJ&hl=sk,12,,,,,,,,,,,,,,,,
Damian,Vizár,Damian Vizár,NIE,,,CSEM,Švajčiarsko,,,,https://scholar.google.com/citations?user=e0xfui0AAAAJ&hl=sk&oi=ao,12,,,https://www.linkedin.com/in/damian-vizar/?originalSubdomain=ch,,,,,,,,,,,,,
Ján,Vozár,Ján Vozár,NIE,,,SAV,SR,,,,https://scholar.google.sk/citations?hl=en&user=8coigQgAAAAJ,13,,,,,,,,,,,,,,,,
Valentino,Vranić,Valentino Vranić,NIE,,,STU,SR,,http://www2.fiit.stuba.sk/~vranic/,,https://scholar.google.com/citations?hl=en&user=A3BgN1IAAAAJ,12,,,,,,,,,,,,,,,,
Jana,Vyrašteková,Jana Vyrašteková,NIE,,,Radboud U.,Holandsko,,,,https://scholar.google.nl/citations?user=nMdCDBYAAAAJ&hl=en,12,,,,,,,,,,,,,,,,
,,,NIE,,,,,,,,,,,,,,,,,,,,,,,,,
Pavol,Zlatoidský,Pavol Zlatoidský,NIE,,,Astra Zeneca,,,https://prabook.com/web/pavol.zlatoidsky/24917,,https://scholar.google.com/citations?hl=en&user=0S1CmukAAAAJ,12,,,,,,,,,,,,,,,,
,,,NIE,,,,,,,,,,,,,,,,,,,,,,,,,
,, ,NIE,,,,,,,,,11,,,,,,,,,,,,,,,,
Ján,Baláž,Ján Baláž,NIE,,,SAV,SR,"Space physics, space technology",,,https://scholar.google.com/citations?user=huUNlmwAAAAJ&hl=en&oi=ao,11,,,,,,,,,,,,,,,,
Pavel,Baláž,Pavel Baláž,NIE,,,U. Mickiewicza Poznan,Poľsko,,,,https://scholar.google.pl/citations?user=Oh7h8Z0AAAAJ&hl=pl,11,,,,,,,,,,,,,,,,
Andrej ,Baláži,Andrej Baláži,NIE,,,VUZV,SR,,,,https://scholar.google.com/citations?user=mTkqrzkAAAAJ&hl=sk&oi=sra,11,,,,,,,,,,,,,,,,
Michal,Balog,Michal Balog,NIE,,,TUKE,SR,,,,https://scholar.google.com.au/citations?user=-gBuwU8AAAAJ&hl=en,11,,,,,,,,,,,,,,,,
Miroslav,Balog,Miroslav Balog,NIE,,,SAV,SR,,,,https://scholar.google.sk/citations?user=Wb7fY5kAAAAJ&hl=sk,11,,,,,,,,,,,,,,,,
Pavol,Baňacký,Pavol Baňacký,NIE,,,UK,SR,,,,https://scholar.google.sk/citations?user=DU5a6GoAAAAJ&hl=sk,11,,,,,,,,,,,,,,,,
Dana,Baricová,Dana Baricová,NIE,,,TUKE,SR,,,,https://scholar.google.com/citations?user=bNYdFqUAAAAJ&hl=en,11,,,,,,,,,,,,,,,,
Karol,Bartoš,Karol Bartoš,NIE,,,TUKE,SR,,,,https://scholar.google.com/citations?user=KljXV24AAAAJ&hl=sk&oi=sra,11,,,,,,,,,,,,,,,,
Andrej,Belák,Andrej Belák,NIE,,,SAV,SR,,,,https://scholar.google.com/citations?user=w8qYvLkAAAAJ&hl=sk&oi=sra,11,,,,,,,,,,,,,,,,
Jaroslav,Borovička,Jaroslav Borovička,NIE,,,NY University,USA,,,,https://scholar.google.com/citations?user=r1GzKYcAAAAJ&hl=sk&oi=sra,11,,,,,,,,,,,,,,,,
Tomáš,Brestovič,Tomáš Brestovič,NIE,,,TUKE,SR,,,,https://scholar.google.sk/citations?user=UwD2ovkAAAAJ&hl=sk,11,,,,,,,,,,,,,,,,
Jozef,Bujko,Jozef Bujko,NIE,,,Uniag,SR,,,,https://scholar.google.com/citations?user=SY64vyIAAAAJ&hl=sk&oi=sra,11,,,,,,,,,,,,,,,,
Marek,Bundzel,Marek Bundzel,NIE,,,TUKE,SR,,,,https://scholar.google.com/citations?user=buWgX20AAAAJ&hl=sk&oi=sra,,,,,,,,,,,,,,,,,
Branislav ,Bystrický,Branislav  Bystrický,NIE,,,FN Trenčín,SR,,,,https://scholar.google.com/citations?user=7OLQoSMAAAAJ&hl=en,11,,,,,,,,,,,,,,,,
Anetta,Čaplánová,Anetta Čaplánová,NIE,,,EU,SR,,,,https://scholar.google.com/citations?user=eRFpwagAAAAJ&hl=en&oi=sra,11,,,,,,,,,,,,,,,,
Peter,Čendula,Peter Čendula,NIE,,,ŽU,SR,,,,https://scholar.google.com/citations?user=P2-i5LMAAAAJ&hl=en,11,,,,,,,,,,,,,,,,
Martin,Drozda,Martin Drozda,NIE,,,STU,SR,,,,https://scholar.google.com/citations?hl=en&user=In5aYREAAAAJ,11,,,https://uniba.sk/fileadmin/ruk/veda/docprof/FMFI_UK/Drozda/CV.pdf,,,,,,,,,,,,,
František,Ďurovský,František Ďurovský,NIE,,,TUKE,SR,,,,https://scholar.google.com/citations?hl=sk&user=0lGW0_4AAAAJ,11,,,,,,,,,,,,,,,,
Lenka,Filová,Lenka Filová,NIE,,,UK,SR,,,,https://scholar.google.com/citations?user=1EC_i0YAAAAJ&hl=sk&oi=ao,11,,,,,,,,,,,,,,,,
Mario,Flajslik,Mario Flajslik,NIE,,,Facebook,USA,,,,https://scholar.google.sk/citations?user=lHOn84AAAAAJ&hl=sk,11,,,,,,,,,,,,,,,,
Juraj,Foldes,Juraj Foldes,NIE,,,U.of Virginia,USA,,,,https://scholar.google.be/citations?user=Qw5RX6EAAAAJ&hl=en,11,,,,,,,,,,,,,,,,
Michal,Forišek,Michal Forišek,NIE,,,UK,SR,,,,https://scholar.google.com/citations?user=I_-O0x4AAAAJ&hl=en,11,,,,,,,,,,,,,,,,
Karol,Furdík,Karol Furdík,NIE,,,TUKE,SR,,,,https://scholar.google.com/citations?user=FMHHm14AAAAJ&hl=sk&oi=sra,11,,,,,,,,,,,,,,,,
Ľubica,Gajanová,Ľubica Gajanová,NIE,,,UNIZA,SR,,,,https://scholar.google.com/citations?user=M65sdAoAAAAJ&hl=sk&oi=sra,11,,,,,,,,,,,,,,,,
Alena,Galajdová,Alena Galajdová,NIE,,,TUKE,SR,,,,https://scholar.google.com/citations?user=FnrNvM4AAAAJ&hl=en&oi=sra,11,,,,,,,,,,,,,,,,
Andrea,Gažová,Andrea Gažová,NIE,,,UK,SR,,,,https://scholar.google.com/citations?user=4YhfzxUAAAAJ&hl=sk&oi=sra,11,,,,,,,,,,,,,,,,
Martin,Gulan,Martin Gulan,NIE,,,STU,SR,,,,https://scholar.google.com/citations?hl=en&user=JWhAwbAAAAAJ,12,,,,,,,,,,,,,,,,
Ján,Gunčaga,Ján Gunčaga,NIE,,,UK,SR,,,,https://scholar.google.sk/citations?user=ayktc84AAAAJ&hl=sk,12,,,,,,,,,,,,,,,,
Magdaléna Hagovská,Hagovská,Magdaléna Hagovská Hagovská,NIE,,,UPJŠ,SR,,,,https://scholar.google.sk/citations?user=CGmzDmwAAAAJ&hl=sk,12,,,,,,,,,,,,,,,,
Margaréta,Halická,Margaréta Halická,NIE,,,UK,SR, ,,,https://scholar.google.cz/citations?user=v6ZqCwYAAAAJ,11,,,,,,,,,,,,,,,,
Jozef,Hanč,Jozef Hanč,NIE,,,UPJŠ,SR,,,,https://scholar.google.sk/citations?hl=en&user=PZGyof0AAAAJ,11,,,,,,,,,,,,,,,,
Marcela,Hanzelová Malindzáková,Marcela Hanzelová Malindzáková,NIE,,,TUKE,SR,,,,https://scholar.google.com/citations?user=z7ir7uEAAAAJ&hl=sk&oi=sra,13,,,,,,,,,,,,,,,,
Dušan,Hirjak,Dušan Hirjak,NIE,,,UK,SR,,,,https://scholar.google.com/citations?user=2FA-o7oAAAAJ&hl=sk,11,,,,,,,,,,,,,,,,
Jarmila,Hojerová,Jarmila Hojerová,NIE,,,STU,SR,,,,https://scholar.google.com/citations?hl=en&user=XFZDk6YAAAAJ,11,,,,,,,,,,,,,,,,
Jarmila,Horváthová,Jarmila Horváthová,NIE,,,UniPO,SR,,,,https://scholar.google.co.th/citations?hl=en&user=Gq18UDsAAAAJ,12,,,,,,,,,,,,,,,,
Monika,Hricová,Monika Hricová,NIE,,,UPJŠ,SR,,,,https://scholar.google.com/citations?user=bn6NAM0AAAAJ&hl=sk,11,,,,,,,,,,,,,,,,
Matej,Hruška,Mataej Hruška,NIE,,,SAV,SR,,,,https://scholar.google.com/citations?user=3FMWuUMAAAAJ&hl=sk&oi=sra,11,,,,,,,,,,,,,,,,
Daniela,Chudá,Daniela Chudá,NIE,,,Kinit,SR,,,,https://scholar.google.sk/citations?user=7AaHqcYAAAAJ&hl=en,11,,,,,,,,,,,,,,,,
Peter,Ihnát,Peter Ihnát,NIE,,,Ostravská univerzita,SR,,,,https://scholar.google.com/citations?user=q0CxFEYAAAAJ&hl=en,11,,,https://uniba.sk/fileadmin/ruk/veda/docprof/LF_UK/Ihnat1/30_doc_Ihnat_zivotopis.pdf,,,,,,,,,,,,,
Peter,Jaloviar,Peter Jaloviar,NIE,,,TUZVO,SR,,,,https://scholar.google.com/citations?user=6VYeYhkAAAAJ&hl=th,12,,,,,,,,,,,,,,,,
Gejza,Jenča,Gejza Jenča,NIE,,,STU,SR,,,,https://scholar.google.com/citations?hl=en&user=m5LzOyYAAAAJ,11,,,,,,,,,,,,,,,,
Ondrej,Hanzel,Ondrej Hanzel,NIE,,,SAV,SR,,,,https://scholar.google.com/citations?user=KX4gTPQAAAAJ&hl=sk&oi=sra,12,,,,,,,,,,,,,,,,
Patrícia,Chrzánová Pečnerová,Patrícia Chrzánová Pečnerová,NIE,,,U.of Copenhagen,Dánsko,,,,https://scholar.google.se/citations?user=4jW435gAAAAJ&hl=en,12,,,https://www.patriciapecnerova.com/,https://dennikn.sk/2274467/slovenka-skuma-dna-starsiu-ako-milion-rokov-mamuty-geneticky-chradli-az-vyhynuli-stat-sa-to-moze-aj-slonom/?ref=inc,,,,,,,,,,,,
Peter,Kačmáry,Peter Kačmáry,NIE,,,TUKE,SR,,,,https://scholar.google.com/citations?user=XqB89LcAAAAJ&hl=sk&oi=sra,11,,,,,,,,,,,,,,,,
Marcela,Káčerová,Marcela Káčerová,NIE,,,UK,SR,,,,https://scholar.google.com/citations?user=6x2rgW8AAAAJ&hl=sk&oi=sra,11,,,,,,,,,,,,,,,,
Jakub,Kaizer,Jakub Kaizer,NIE,,,UK,SR,,,,https://scholar.google.com/citations?user=OWz2pTEAAAAJ&hl=sk&oi=sra,12,,,,,,,,,,,,,,,,
Daniel,Kajánek,Daniel Kajánek,NIE,,,UNIZA,SR,,,,https://scholar.google.com/citations?user=N1KITDAAAAAJ&hl=sk&oi=sra,11,,,,,,,,,,,,,,,,
Ondrej,Kameniar,Ondrej Kameniar,NIE,,,Czech University of Life Sciences,ČR,Ekológ,,,https://scholar.google.cz/citations?user=t9yWYksAAAAJ&hl=en,12,,,,,,,,,,,,,,,,
Andrej ,Karpathy,Andrej  Karpathy,NIE,1986,SK,Stanford,USA,,https://en.wikipedia.org/wiki/Andrej_Karpathy,,https://scholar.google.com/citations?hl=en&user=l8WuQJgAAAAJ,11,,,36099 citácií,one of MIT Technology Review's Innovators Under 35 for the year 2020,,,,,,,,,,,,
Pavol,Kenderéssy,Pavol Kenderéssy,NIE,,,SAV,SR,,,,https://scholar.google.fr/citations?user=ud9g0rsAAAAJ&hl=en,12,,,,,,,,,,,,,,,,
Jozef ,Kiselak,Jozef  Kiselak,NIE,,,UPJŠ,SR,,,,https://scholar.google.sk/citations?user=eOyZhvgAAAAJ&hl=sk,11,,,,,,,,,,,,,,,,
Peter,Kolesár,Peter Kolesár,NIE,,,MUNI,ČR,,,,https://scholar.google.com/citations?user=WbtjbGkAAAAJ&hl=cs,13,,,,,,,,,,,,,,,,
Branislav,Kolarovszki,Branislav Kolarovszki,NIE,,,UK,SR,,,,https://scholar.google.sk/citations?user=ySTqxp0AAAAJ&hl=sk,11,,,,,,,,,,,,,,,,
Roman,Koleňák,Roman Koleňák,NIE,,,STU,SR,,,,https://scholar.google.com/citations?user=mvyCFQ0AAAAJ&hl=sk&oi=sra,11,,,,,,,,,,,,,,,,
Maroš,Korenko,Maroš Korenko,NIE,,,SPU,SR,,,,https://scholar.google.com/citations?user=N3bGwbgAAAAJ&hl=sk&oi=sra,11,,,,,,,,,,,,,,,,
Martin,Korňan,Martin Korňan,NIE,,,TUZVO,SR,,,,https://scholar.google.com/citations?hl=en&user=ZknyAVEAAAAJ,11,,,,,,,,,,,,,,,,
Ján,Kosiba,Ján Kosiba,NIE,,,UNIAG,SR,,,,https://scholar.google.com/citations?user=93zYD1QAAAAJ&hl=en&oi=sra,11,,,,,,,,,,,,,,,,
Martina,Kosíková (Ficová),Martina Kosíková (Ficová),NIE,,,FDA,USA,influenzapathogenesisimmune responseregulatory science,,,https://scholar.google.com/citations?hl=en&user=Zhteyp8AAAAJ,12,,,,,,,,,,,,,,,,
Jana,Kottferová,Jana Kottferová,NIE,,,UVLF,SR,,,,https://scholar.google.sk/citations?user=ulTiq94AAAAJ&hl=sk,12,,,,,,,,,,,,,,,,
Pavol,Kráľ,Pavol Kráľ,NIE,,,UMB,SR,,,,https://scholar.google.com/citations?user=TBjdWhgAAAAJ&hl=en,11,,,,,,,,,,,,,,,,
Zdena,Kráľová,Zdena Kráľová,NIE,,,UKF,SR,,,,https://scholar.google.co.th/citations?hl=en&user=-xDee5sAAAAJ,11,,,,,,,,,,,,,,,,
Miro,Kramár,Miro Kramár,NIE,,,INRIA,Francúzsko,,,,https://scholar.google.com/citations?user=nNDVivQAAAAJ&hl=en&oi=sra,11,,,,,,,,,,,,,,,,
Jozef,Krilek,Jozef Krilek,NIE,,,TUZVO,SR,,,,https://scholar.google.com/citations?hl=en&user=Xt5IJ-kAAAAJ,12,,,,,,,,,,,,,,,,
Lukáš,Krivosudský,Lukáš Krivosudský,NIE,,,UK,SR,,,,https://scholar.google.com/citations?user=24bqFk4AAAAJ&hl=sk&oi=sra,11,,,,,,,,,,,,,,,,
Jan,Krmela,Jan Krmela,NIE,,,TNUNI,SR,,,,https://scholar.google.com/citations?user=Prj7iSsAAAAJ&hl=sk&oi=ao,12,,,,,,,,,,,,,,,,
Vladimír,Kutiš,Vladimír Kutiš,NIE,,,STU,SR,,,,https://scholar.google.com/citations?user=5n2kHRQAAAAJ&hl=en&oi=sra,11,,,,,,,,,,,,,,,,
Branislav ,Kolarovszki,Branislav Kolarovszki,NIE,,,UK,SR,,,,https://scholar.google.com/citations?user=ySTqxp0AAAAJ&hl=sk&oi=ao,12,,,,,,,,,,,,,,,,
Jana,Kottferová,Jana Kottferová,NIE,,,UVM,SR,,,,https://scholar.google.com/citations?user=ulTiq94AAAAJ&hl=sk&oi=sra,12,,,,,,,,,,,,,,,,
Martin,Lábaj,Martin Lábaj,NIE,,,EUBA,,,,,https://scholar.google.com/citations?user=ZEyCKPYAAAAJ&hl=sk&oi=ao,11,,,,,,,,,,,,,,,,
Pavol,Lengvarský,Pavol Lengvarský,NIE,,,TUKE,SR,,,,https://scholar.google.com/citations?user=887PobEAAAAJ&hl=en&oi=ao,11,,,,,,,,,,,,,,,,
Pavol,Lipovský,Pavol Lipovský,NIE,,,TUKE,SR,,,,https://scholar.google.com/citations?user=rQ6ANEwAAAAJ&hl=en&oi=sra,12,,,,,,,,,,,,,,,,
Vladimír,Ľupták,Vladimír Ľupták,NIE,,,VŠTE,ČR,,,,https://scholar.google.com/citations?user=r2J2GLwAAAAJ&hl=sk&oi=ao,12,,,,,,,,,,,,,,,,
Martin,Mačaj,Martin Mačaj,NIE,,,UK,SR,,,,https://scholar.google.com/citations?user=A7SmlREAAAAJ&hl=en,11,,,,,,,,,,,,,,,,
Peter ,Malega,Peter Malega,,,,TUKE,SR,,,,https://scholar.google.sk/citations?user=g0MB3dgAAAAJ&hl=sk,12,,,,,,,,,,,,,,,,
Ivan,Malík,Ivan Malík,,,,UK,SR,,,,https://scholar.google.com/citations?user=9hPU8DUAAAAJ&hl=en&oi=sra,12,,,,,,,,,,,,,,,,
Irina,Malkin Ondik,Irina Malkin Ondik,NIE,,,STU,SR,,,,https://scholar.google.sk/citations?user=-fwOeY4AAAAJ&hl=en,11,,,,,,,,,,,,,,,,
Valéria,Messingerová,Valéria Messingerová,NIE,,,TUZVO,SR,,,,https://scholar.google.com/citations?user=6pVAkB8AAAAJ&hl=sk&oi=sra,12,,,,,,,,,,,,,,,,
Katarína,Mikulová,Katarína Mikulová,NIE,,,SHMU,SR,,,,https://scholar.google.sk/citations?user=pzKH-AcAAAAJ&hl=sk,12,,,,,,,,,,,,,,,,
Marek,Mikuš,Marek Mikuš,NIE,,,Max Planck Institute,Nemecko,,,,https://scholar.google.cz/citations?user=CQZm5dAAAAAJ&hl=cs,12,,,,,,,,,,,,,,,,
Ľuboš,Molčan,Ľuboš Molčan,NIE,,,UK,SR,,,,https://scholar.google.sk/citations?user=MAB20O0AAAAJ&hl=en,12,,,,,,,,,,,,,,,,
Oliver,Moravčík,Oliver Moravčík,NIE,,,STU,SR,,,,https://scholar.google.com/citations?hl=en&user=sfyJrjUAAAAJ,11,,,,,,,,,,,,,,,,
Zuzana,Nichtová,Zuzana Nichtová,NIE,,,SAV,SR,,,,https://scholar.google.com/citations?user=YJdCgccAAAAJ&hl=sk,12,,,,,,,,,,,,,,,,
Slavomír ,Ondoš,Slavomír  Ondoš,NIE,,,CIKE,SR,,,,https://scholar.google.com/citations?user=SQ7rRVAAAAAJ&hl=sk&oi=sra,11,,,,,,,,,,,,,,,,
Viera,Paganová,Viera Paganová,ANO,,,Uniag,SR,,,,https://scholar.google.com/citations?user=MU2id2sAAAAJ&hl=en,12,,,,,,,,,,,,,,,,
Zuzana,Palková,Zuzana Palková,NIE,,,UNIAG,SR,,,,https://scholar.google.co.th/citations?hl=en&user=c6r3gvQAAAAJ,11,,,,,,,,,,,,,,,,
Martin,Panigaj,Martin Panigaj,NIE,,,UPJŠ,SR,,,,https://scholar.google.com/citations?user=_S6dnGsAAAAJ&hl=en,11,,,,,,,,,,,,,,,,
Vladimír,Parkányi,Vladimír Parkányi,NIE,,,VUZV,SR,,,,https://scholar.google.com/citations?user=PK8IASYAAAAJ&hl=sk&oi=sra,12,,,,,,,,,,,,,,,,
Vladimír,Pevala,Vladimír Pevala,NIE,,,SAV,SR,,,,https://scholar.google.com/citations?user=olptlVAAAAAJ&hl=en,12,,,,,,,,,,,,,,,,
Gabriela,Pleschová,Gabriela Pleschová,NIE,,,UK,SR,,,,https://scholar.google.sk/citations?user=Od3_KZIAAAAJ&hl=sk,12,,,,,,,,,,,,,,,,
Miroslav,Prístavka,Miroslav Prístavka,NIE,,,SPU,SR,,,,https://scholar.google.com/citations?user=08VC3IQAAAAJ&hl=sk&oi=sra,11,,,,,,,,,,,,,,,,
Katarína ,Pukanská,Katarína Pukanská,NIE,,,TUKE,SR,,,,https://scholar.google.com/citations?user=bJRrU_AAAAAJ,11,,,,,,,,,,,,,,,,
Miroslav,Rimár,Miroslav Rimár,NIE,,,TUKE,SR,,,,https://scholar.google.com/citations?user=Vgyujn8AAAAJ&hl=sk&oi=sra,11,,,,,,,,,,,,,,,,
Michal,Rolinec,Michal Rolinec,NIE,,,Uniag,SR,,,,https://scholar.google.com/citations?user=5n2kHRQAAAAJ&hl=en&oi=sra,12,,,,,,,,,,,,,,,,
Ivan,Ružiak,Ivan Ružiak,NIE,,,TUZVO,SR,,,,https://scholar.google.com/citations?hl=en&user=E0Yu6JAAAAAJ,12,,,,,,,,,,,,,,,,
Gabriel,Semanišin,Gabriel Semanišin,NIE,,,UPJŠ,SR,,,,https://scholar.google.sk/citations?user=BFsj6mEAAAAJ&hl=en,12,,,https://uniba.sk/fileadmin/ruk/veda/docprof/FMFI_UK/Semanisin/02_Profesijny_zivotopis_-_typo3.pdf,,,,,,,,,,,,,
Emília,Sičáková-Beblavá,Emília Sičáková-Beblavá,NIE,,,UK,SR,,,,https://scholar.google.sk/citations?user=8QVKmWQAAAAJ&hl=sk,12,,,https://uniba.sk/fileadmin/ruk/veda/docprof/FSEV_UK/Beblava/Beblava_CV.pdf,,,,,,,,,,,,,
Martina,Skopková,Martina Skopková,NIE,,,SAV,SR,,,,https://scholar.google.sk/citations?hl=en&user=2exkH2YAAAAJ,12,,,,,,,,,,,,,,,,
Martina ,Sládková-Faure,Martina Sládková-Faure,NIE,,SR,NYSCF,Francúzsko,iPSCsTissue engineeringiMSCsBone,,,https://scholar.google.com/citations?user=loWoYqYAAAAJ&hl=sk&oi=sra,12,,,https://www.researchgate.net/profile/Martina-Sladkova-Faure,,,,,,,,,,,,,
Barbora,Smolková,Barbora Smolková,NIE,,,AV,ČR,,,,https://scholar.google.com/citations?user=NeL2k7IAAAAJ&hl=sk,12,,,,,,,,,,,,,,,,
Tomáš,Soták,Tomáš Soták,NIE,,,STU,SR,,,,https://scholar.google.com/citations?hl=en&user=ETC1uicAAAAJ,11,,,,,,,,,,,,,,,,
Ľubica,Stuchlíková,Ľubica Stuchlíková,NIE,,,STU,SR,,,,https://scholar.google.com/citations?hl=en&user=bHD0Zx8AAAAJ,12,,,,,,,,,,,,,,,,
Andrej,Svorenčík,Andrej Svorenčík,NIE,,,U. of Pennsylvania,USA,,,,https://scholar.google.de/citations?user=fFzYh8UAAAAJ&hl=en,12,,,,,,,,,,,,,,,,
František,Synák,František Synák,NIE,,,UNIZA,SR,,,,https://scholar.google.com/citations?user=g82lgqIAAAAJ&hl=sk&oi=ao,13,,,,,,,,,,,,,,,,
Veronika,Šoltészová,Veronika Šoltészová,NIE,,,Equinor,Nórsko,,,,https://scholar.google.com/citations?user=1Gxs4o8AAAAJ&hl=sk&oi=sra,11,,,,,,,,,,,,,,,,
Magdaléna ,Štolcová,Magdaléna Štolcová,NIE,,,STU,SR,,,,https://scholar.google.com/citations?user=tUjBJ9cAAAAJ&hl=sk&oi=sra,12,,,,,,,,,,,,,,,,
Alžbeta,Talarovičová,Alžbeta Talarovičová,NIE,,,NCSU,USA,behavioural neuroendocrinology,,,https://scholar.google.com/citations?hl=en&user=kA7lTOMAAAAJ,11,,,alumni UK,,,,,,,,,,,,,
Menbere Workie,Tiruneh,Menbere Workie Tiruneh,NIE,,,SAV,SR,,,,https://scholar.google.sk/citations?hl=en&user=8k1eSCAAAAAJ,13,,,,,,,,,,,,,,,,
Hedviga,Tkáčová,Hedviga Tkáčová,NIE,,,KU,SR,,,,https://scholar.google.com/citations?user=QfGz0H4AAAAJ&hl=sk&oi=sra,11,,,,,,,,,,,,,,,,
Marian,Trenkler,Marian Trenkler,NIE,,,KU,SR,,,,https://scholar.google.com/citations?user=Mvc03qIAAAAJ&hl=en,11,,,,,,,,,,,,,,,,
Ivana,Tureková,Ivana Tureková,NIE,,,UKF,SR,,,,https://scholar.google.com/citations?user=j0KdmD4AAAAJ&hl=en,11,,,,,,,,,,,,,,,,
Ingrid ,Turisová,Ingrid Turisová,NIE,,,UMB,SR,,,,https://scholar.google.co.th/citations?hl=en&user=EwdhKWgAAAAJ,12,,,,,,,,,,,,,,,,
Dana,Urminská,Dana Urminská,NIE,,,SPU,SR,,,,https://scholar.google.com/citations?user=8U0BELUAAAAJ&hl=sk&oi=sra,11,,,,,,,,,,,,,,,,
Marcela,Verešová,Marcela Verešová,NIE,,,UKF,SR,,,,https://scholar.google.com/citations?user=77HfudMAAAAJ&hl=sk&oi=sra,12,,,,,,,,,,,,,,,,
Emil,Višňovský,Emil Višňovský,NIE,,,UK,SR,filozofia,,,https://scholar.google.com/citations?user=cxWyJNUAAAAJ&hl=sk&oi=ao,11,,,,,,,,,,,,,,,,
Katarína,Vizárová,Katarína Vizárová,NIE,,,STU,SR,,,,https://scholar.google.com/citations?user=1T0snFoAAAAJ&hl=sk&oi=ao,12,,,,,,,,,,,,,,,,
Eva,Výbohová,Eva Výbohová,NIE,,,TUZvo,SR,,,,https://scholar.google.sk/citations?user=LYkgqaMAAAAJ&hl=sk,11,,,,,,,,,,,,,,,,
Olga,Vyviurska,Olga Vyviurska,NIE,,,STU,SR,chromatography,,,https://scholar.google.com/citations?user=RbiLtXMAAAAJ&hl=sk&oi=ao,11,,,,,,,,,,,,,,,,
Michal,Wiezik,Michal Wiezik,NIE,,,TUZVO,SR,,,,https://scholar.google.sk/citations?user=bDlCHikAAAAJ&hl=sk,11,,,,,,,,,,,,,,,,
Štefan,Žák,Štefan Žák,NIE,,,EU,SR,,,,https://scholar.google.com/citations?user=mI8D0pcAAAAJ&hl=sk&oi=ao,11,,,,,,,,,,,,,,,,
Michal,Žigo,Michal Žigo,NIE,,,U.o. Missouri,USA,,,,https://scholar.google.com/citations?user=oRZVmdcAAAAJ&hl=en,12,,,,,,,,,,,,,,,,
,,,NIE,,,,,,,,,,,,,,,,,,,,,,,,,
,, ,NIE,,,,,,,,,10,,,,,,,,,,,,,,,,
Renata,Adamcová,Renata Adamcová,NIE,,,UK,SR,,,,https://scholar.google.com/citations?user=xwNNFSQAAAAJ&hl=sk&oi=sra,10,,,,,,,,,,,,,,,,
Mária,Angelovičová,Mária Angelovičová,NIE,,,UNIAG,SR,,,,https://scholar.google.com/citations?user=74GjNSBao78C&hl=sk&oi=sra,10,,,,,,,,,,,,,,,,
Andrej ,Antalík,Andrej  Antalík,NIE,,,Ecole polytechnique Lausanne,Švajčiarsko,,,,https://scholar.google.com/citations?user=uwVBIBkAAAAJ&hl=en,10,,,,,,,,,,,,,,,,
František,Bahleda,František Bahleda,NIE,,,UNIZA,SR,,,,https://scholar.google.com/citations?user=sUquEiMAAAAJ&hl=en&oi=sra,10,,,,,,,,,,,,,,,,
Richard,Balogh,Richard Balogh,NIE,,,STU,SR,,,,https://scholar.google.com/citations?user=EUY6qDIAAAAJ&hl=en,10,,,,,,,,,,,,,,,,
Marek,Bartošovič,Marek Bartošovič,NIE,,,Stockholm U.,Švédsko,EpigeneticsChromatinNeurobiologyRNA,,,https://scholar.google.com/citations?user=aLQSw1UAAAAJ&hl=sk&oi=ao,10,,,,,,,,,,,,,,,,
Beáta,Baranová,Beáta Baranová,NIE,,,PU,SR,,,,https://scholar.google.com/citations?user=RyEJ8AsAAAAJ&hl=en,10,,,,,,,,,,,,,,,,
Štefan ,Belický,Štefan Belický,NIE,,,SAV,SR,,,,https://scholar.google.com/citations?user=Lp3eeioAAAAJ&hl=sk&oi=ao,10,,,,,,,,,,,,,,,,
Eva,Benková,Eva Benková,NIE,,,UniPO,SR,,,,https://scholar.google.sk/citations?user=Y9_fvRkAAAAJ&hl=sk,11,,,,,,,,,,,,,,,,
Mariana,Beňová,Mariana Beňová,NIE,,,UNIZA,SR,,,,https://scholar.google.com/citations?user=fJlcxRwAAAAJ&hl=sk&oi=ao,10,,,,,,,,,,,,,,,,
Matej,Bereš,Matej Bereš,NIE,,,TUKE,SR,,,,https://scholar.google.com/citations?user=44icjIAAAAAJ&hl=en&oi=sra,11,,,,,,,,,,,,,,,,
Tomáš,Bolek,Tomáš Bolek,NIE,,,,,,,,https://scholar.google.com/citations?user=vS6FIQcAAAAJ&hl=sk,12,,,,,,,,,,,,,,,,
Mária,Boledičová,Mária Boledičová,NIE,,,Jihočeská univerzita,ČR,,,,https://scholar.google.com/citations?hl=en&user=i7c_i80AAAAJ,10,,,,,,,,,,,,,,,,
Pavel,Bóna,Pavel Bóna,NIE,,,UK,SR,,,,https://scholar.google.sk/citations?user=Msp5WEsAAAAJ&hl=sk,9,,,,,,,,,,,,,,,,
Emília,Bubeníková,Emílília Bubeníková,ANO,,,UNIZA,SR,,,,https://scholar.google.com/citations?user=IOt4bbUAAAAJ&hl=sk&oi=sra,10,,,,,,,,,,,,,,,,
Alena,Buková,Alena Buková,NIE,,,UPJŠ,SR,,,,https://scholar.google.com/citations?user=-k5bVv8AAAAJ&hl=sk,11,,,,,,,,,,,,,,,,
Lucia,Bosáková,Lucia Bosáková,NIE,,,UPJŠ,SR,,,,https://scholar.google.sk/citations?hl=en&user=D2C_Z7oAAAAJ,11,,,,,,,,,,,,,,,,
Marián,Bujna,Marián Bujna,NIE,,,SPU,SR,,,,https://scholar.google.com/citations?user=GnJOZ1gAAAAJ&hl=sk&oi=sra,9,,,,,,,,,,,,,,,,
Juraj,Candrák,Juraj Candrák,NIE,,,Uniag,SR,,,,https://scholar.google.com/citations?user=SB11mFoAAAAJ&hl=sk&oi=sra,11,,,,,,,,,,,,,,,,
Matej,Cebecauer,Matej Cebecauer,NIE,,,KTH,Švédsko,transport systemsdata analysispattern recognitionclusteringprediction,,,https://scholar.google.com/citations?hl=sk&user=nRV3SSkAAAAJ,10,,,,,,,,,,,,,,,,
Zsolt,Cséfalvay,Zsolt Cséfalvay,NIE,,,UK,SR,adult neurogenic communication disordersaphaisadysarthriacognitive-communiation disorders,,,https://scholar.google.com/citations?user=vDCh93UAAAAJ&hl=en&oi=ao,10,,,,,,,,,,,,,,,,
Ingrid,Čaplánová,Ingrid Čaplánová,NIE,,,TUZVO,SR,,,,https://scholar.google.com/citations?hl=en&user=PlLnxn0AAAAJ,11,,,,,,,,,,,,,,,,
Monika,Čechová,Monika Čechová,NIE,,,MUNI,ČR,,,,https://scholar.google.com/citations?user=eRi4gvUAAAAJ&hl=en,10,,,,,,,,,,,,,,,,
Pavel,Damborský,Pavel Damborský,NIE,,,SAV,SR,,,,https://scholar.google.com/citations?user=2Dmphr8AAAAJ&hl=en,11,,,,,,,,,,,,,,,,
Ivana,Dedinská,Ivana Dedinská,NIE,,,UNM,SR,,,,https://scholar.google.com/citations?user=h57ddzMAAAAJ&hl=sk,12,,,,,,,,,,,,,,,,
Štefan,Dlugolinský,Štefan Dlugolinský,NIE,,,SAV,SR,,,,https://scholar.google.sk/citations?hl=en&user=mKCAV5UAAAAJ,11,,,,,,,,,,,,,,,,
Peter,Fabián,Peter Fabián,NIE,,,U. of Southern California,USA,,,,https://scholar.google.com/citations?user=SgV8CnwAAAAJ&hl=en,11,,,ERC grant 2023,,,,,,,,,,,,,
Anton,Dzian,Anton Dzian,NIE,,,UK,SR,,,,https://scholar.google.com/citations?user=NIFxTS0AAAAJ&hl=sk&oi=ao,10,,,,,,,,,,,,,,,,
Martina,Ferencová,Martina Ferencová,NIE,,,UPJŠ,SR,,,,https://scholar.google.sk/citations?user=he1mj0kAAAAJ&hl=sk,10,,,,,,,,,,,,,,,,
Róbert,Findorák,Róbert Findorák,NIE,,,TUKE,SR,,,,https://scholar.google.com/citations?user=IjtoXPAAAAAJ&hl=sk&oi=sra,10,,,,,,,,,,,,,,,,
Lenka,Findoráková,Lenka Findoráková,NIE,,,SAV,SR,,,,https://scholar.google.sk/citations?user=D7ni65MAAAAJ&hl=sk,11,,,,,,,,,,,,,,,,
Martin,Fotta,Martin Fotta,NIE,,,AV ČR,ČR,,,,https://scholar.google.co.uk/citations?user=dfysdWEAAAAJ&hl=en,10,,,,,,,,,,,,,,,,
Milada,Gajtanská,Milada Gajtanská,NIE,,,TUZVO,SR,,,,https://scholar.google.com/citations?user=_a3XXdAAAAAJ&hl=sk&oi=sra,10,,,,,,,,,,,,,,,,
Anton,Gatial,Anton Gatial,NIE,,,STU,SR,,,,https://scholar.google.com/citations?user=A7EdpukAAAAJ&hl=sk,10,,,,,,,,,,,,,,,,
Emil,Gatial,Emil Gatial,NIE,,,SAV,SR,,,,https://scholar.google.sk/citations?hl=en&user=GZqO0WUAAAAJ,10,,,,,,,,,,,,,,,,
Martin,Grančay,Martin Grančay,NIE,,,STU,SR,,,,https://scholar.google.com/citations?hl=en&user=GkH_7oIAAAAJ,11,,,,,,,,,,,,,,,,
Otokar,Grošek,Otokar Grošek,NIE,,,STU,SR,,,,https://scholar.google.com/citations?hl=en&user=BDVVlBoAAAAJ,11,,,,,,,,,,,,,,,,
Dana,Hanesová,Dana Hanesová,NIE,,,UMB,SR,,,,https://scholar.google.com/citations?hl=sk&user=G9_j1H4AAAAJ,10,,,,,,,,,,,,,,,,
Jana,Holubčíková,Jana Holubčíková,NIE,,,UPJŠ,SR,,,,https://scholar.google.sk/citations?hl=en&user=chjLYloAAAAJ,11,,,,,,,,,,,,,,,,
Michal ,Horňáček,Michal Horňáček,NIE,,,STU,SR,,,,https://scholar.google.sk/citations?user=PXwuZh8AAAAJ&hl=sk,10,,,,,,,,,,,,,,,,
Jaroslav,Hrenák,Jaroslav Hrenák,NIE,,,UK,,,,,https://scholar.google.com/citations?user=9jSEAQkAAAAJ&hl=en&oi=sra,10,,,,,,,,,,,,,,,,
Ján,Huňady,Ján Huňady,NIE,,,UMB,SR,,,,https://scholar.google.com/citations?hl=sk&user=U6zxZcoAAAAJ,12,,,,,,,,,,,,,,,,
Radovan,Holubek,Radovan Holubek,NIE,,,STU,SR,,,,https://scholar.google.com/citations?hl=en&user=rvV-pogAAAAJ,11,,,,,,,,,,,,,,,,
Jozef,Hrenak,Jozef Hrenak,NIE,,,UK,SR,,,,https://scholar.google.sk/citations?user=9jSEAQkAAAAJ&hl=sk,10,,,,,,,,,,,,,,,,
Eva,Chovancová,Eva Chovancová,NIE,,,TUKE,SR,,,,https://scholar.google.com/citations?user=BV_Gyb0AAAAJ&hl=en&oi=ao,11,,,,,,,,,,,,,,,,
Vladimír,Ihnát,Vladimír Ihnát,NIE,,,VUPC,SR,,,,https://scholar.google.com/citations?user=r5Ut4YIAAAAJ&hl=sk&oi=sra,11,,,,,,,,,,,,,,,,
Mária,Jurečková,Mária Jurečková,NIE,,,KU,SR,,,,https://scholar.google.sk/citations?user=wVm38LIAAAAJ&hl=sk,10,,,,,,,,,,,,,,,,
Iveta,Jančigová,Iveta Jančigová,NIE,,,Uniza,SR,,,,https://scholar.google.sk/citations?user=xvQgTCIAAAAJ&hl=sk,10,,,,,,,,,,,,,,,,
Erik,Kajáti,Erik Kajáti,NIE,,,TUKE,SR,,,,https://scholar.google.com/citations?user=y3wFLnEAAAAJ&hl=sk&oi=sra,12,,,,,,,,,,,,,,,,
Anna,Kidová,Anna Kidová,NIE,,,SAV,SR,,,,https://scholar.google.sk/citations?user=rU1_SHwAAAAJ&hl=sk,10,,,,,,,,,,,,,,,,
Martin,Klaudiny,Martin Klaudiny,NIE,,,PTC,Rakúsko,,,,https://scholar.google.com/citations?user=oRueDL0AAAAJ&hl=fil,10,,,,,,,,,,,,,,,,
Tomáš,Kliment,Tomáš Kliment,NIE,,,KLIMETO,SR,,,,https://scholar.google.com/citations?user=xONhh-4AAAAJ&hl=sk&oi=sra,10,,,,,,,,,,,,,,,,
Michal,Klobučník,Michal Klobučník,NIE,,,UK,SR,,,,https://scholar.google.com/citations?user=IwVPM9sAAAAJ&hl=en&oi=sra,10,,,,,,,,,,,,,,,,
Michal,Kloc,Michal Kloc,NIE,,,University Hospital Basel,Švajčiarsko,,,,https://scholar.google.com/citations?user=mT2byIMAAAAJ&hl=en,10,,,,,,,,,,,,,,,,
Branislav,Kolena,Branislav Kolena,NIE,,,UKF,SR,,,,https://scholar.google.com/citations?user=h-9mNyIAAAAJ&hl=en&oi=sra,10,,,,,,,,,,,,,,,,
Lucia,Kossarová,Lucia Kossarová,NIE,,,LSE,Spojené kráľovstvo,,,,https://scholar.google.com/citations?user=Ejji6esAAAAJ&hl=sk&oi=sra,10,,,,,,,,,,,,,,,,
Silvia,Koščová Špilovská,Silvia Koščová Špilovská,NIE,,,SAV,SR,,,,https://scholar.google.com/citations?user=2kYKJDcAAAAJ&hl=sk&oi=sra,10,,,,,,,,,,,,,,,,
Jozef,Kováč,Jozef Kováč,NIE,,,MUNI,ČR,,,,https://scholar.google.com/citations?user=mI1X8agAAAAJ&hl=sk&oi=ao,11,,,,,,,,,,,,,,,,
Mária,Kováčová,Mária Kováčová,NIE,,,SAV,SR,,,,https://scholar.google.com/citations?user=ZKjPPSwAAAAJ&hl=sk&oi=ao,12,,,,,,,,,,,,,,,,
Marek,Kovár,Marek Kovár,NIE,,,Uniag,SR,,,,https://scholar.google.com/citations?user=7yCfBfEAAAAJ&hl=sk&oi=sra,10,,,,,,,,,,,,,,,,
Ružena,Králiková,Ružena Králiková,NIE,,,TUKE,SR,,,,https://scholar.google.com/citations?user=roOW5sQAAAAJ&hl=sk&oi=sra,10,,,,,,,,,,,,,,,,
Katarína,Kramárová,Katarína Kramárová,NIE,,,UNIZA,SR,,,,https://scholar.google.com/citations?user=c5fGx-wAAAAJ&hl=en&oi=ao,12,,,,,,,,,,,,,,,,
Eva,Krekovičová,Eva Krekovičová,NIE,,,SAV,SR,,,,https://scholar.google.sk/citations?hl=en&user=UUTNJLcAAAAJ,10,,,,,,,,,,,,,,,,
Peter,Krištofík,Peter Krištofík,NIE,,,UMB,SR,,,,https://scholar.google.co.th/citations?hl=en&user=m5iZpTsAAAAJ,12,,,,,,,,,,,,,,,,
Marian,Kubliha,Marian Kubliha,NIE,,,STU,SR,,,,https://scholar.google.com/citations?hl=en&user=m87JqZYAAAAJ,10,,,,,,,,,,,,,,,,
Marián,Kučera,Marián Kučera,NIE,,,TUZVO,SR,,,,https://scholar.google.com/citations?hl=en&user=FuQguRYAAAAJ,10,,,,,,,,,,,,,,,,
Lenka,Kucháriková,Lenka Kucháriková,NIE,,,UNIZA,SR,,,,https://scholar.google.com/citations?user=x73nq-cAAAAJ&hl=sk&oi=sra,11,,,,,,,,,,,,,,,,
Alexander,Kuna,Alexander Kuna,NIE,,,ČVUT,ČR,,,,https://scholar.google.com/citations?user=C7ifpSYAAAAJ&hl=sv,10,,,,,,,,,,,,,,,,
Zuzana,Kusá,Zuzana Kusá,NIE,,,SAV,SR,,,,https://scholar.google.com/citations?user=6uBOz2MAAAAJ&hl=sk,11,,,,,,,,,,,,,,,,
Martin,Lábaj,Martin Lábaj,NIE,,,EU,SR,,,,https://scholar.google.com/citations?user=ZEyCKPYAAAAJ&hl=sk&oi=ao,11,,,,,,,,,,,,,,,,
Erik,Lástic,Erik Lástic,NIE,,,UK,SR,,,,https://scholar.google.sk/citations?user=jqNCLsYAAAAJ&hl=en,10,,,,,,,,,,,,,,,,
Boris,Lipták,Boris Lipták,NIE,,,U.of West Bohemia,ČR,,,,https://scholar.google.com/citations?user=HLJ08igAAAAJ&hl=sk&oi=sra,12,,,,,,,,,,,,,,,,
Ľudmila ,Liptáková,Ľudmila Liptáková,NIE,,,UNIPO,SR,,,,https://scholar.google.com/citations?user=sKbP-boAAAAJ&hl=sk&oi=sra,9,,,,,,,,,,,,,,,,
Tomáš,Lučivjansky,Tomáš Lučivjansky,NIE,,,UPJŠ,SR,,,,https://scholar.google.sk/citations?user=0y7ZNmkAAAAJ&hl=sk,10,,,,,,,,,,,,,,,,
Ervin,Lumnitzer,Ervin Lumnitzer,NIE,,,TUKE,SR,,,,https://scholar.google.com/citations?user=PA265d0AAAAJ&hl=en,11,,,,,,,,,,,,,,,,
Matúš,Maciak,Matúš Maciak,NIE,,,Karlova univ.,ČR,,,,https://scholar.google.cz/citations?user=YRJNBw4AAAAJ&hl=en,11,,,,,,,,,,,,,,,,
Dominik,Macko,Dominik Macko,NIE,,,Kinit,SR,,,,https://scholar.google.com/citations?user=TqtUMQsAAAAJ&hl=sk&oi=sra,11,,,,,,,,,,,,,,,,
Peter,Machata,Peter Machata,NIE,,,SAV,SR,,,,https://scholar.google.com/citations?user=KzjcaBYAAAAJ&hl=en&oi=ao,10,,,,,,,,,,,,,,,,
Maria,Majekova,Maria Majekova,NIE,,,Uof Tuebingen,Nemecko,,,,https://scholar.google.com/citations?user=RGvaALIAAAAJ&hl=sk&oi=ao,11,,,,,,,,,,,,,,,,
Patrik,Maturkanič,Patrik Maturkanič,NIE,,,UK,SR,teológia,,,https://scholar.google.com/citations?user=3hpTgDoAAAAJ&hl=sk&oi=sra,10,,,,,,,,,,,,,,,,
Hana,Mizerová,Hana Mizerová,NIE,,,UK,SR, ,,,https://scholar.google.com/citations?user=meuoodAAAAAJ&hl=en&oi=ao,10,,,,,,,,,,,,,,,,
Jozef,Mocnej,Jozef Mocnej,NIE,,,TUKE,SR,,,,https://scholar.google.com/citations?user=D3XW7ZgAAAAJ&hl=sk&oi=sra,10,,,,,,,,,,,,,,,,
Stanislav,Motyka,Stanislav Motyka,NIE,,,Meduniwien,Rakúsko,,,,https://scholar.google.com/citations?hl=sk&user=d2ZMKSgAAAAJ,11,,,https://www.linkedin.com/in/stanislav-motyka-73148391/,,,,,,,,,,,,,
Martina,Neboháčová,Martina Neboháčová,NIE,,,UK,SR,,,,https://scholar.google.com/citations?user=gTvUAH4AAAAJ&hl=en&oi=sra,10,,,,,,,,,,,,,,,,
Dušan,Nemec,Dušan Nemec,NIE,,,UNIZA,SR,,,,https://scholar.google.com/citations?user=A0fBQvoAAAAJ&hl=sk&oi=sra,10,,,,,,,,,,,,,,,,
Zoltán,Németh,Zoltán Németh,NIE,,,geology.sk,SR,,,,https://scholar.google.com/citations?user=LcVrKiQAAAAJ&hl=sk&oi=sra,10,,,,,,,,,,,,,,,,
Petra,Nováková,Petra Nováková,NIE,,,U.of Lausanne,Švajčiarsko,,,,https://scholar.google.com/citations?user=JuZUZ4YAAAAJ&hl=en,12,,,,,,,,,,,,,,,,
Milan,Novikmec,Milan Novikmec,NIE,,,TUZvo,SR,,,,https://scholar.google.sk/citations?user=pOin00AAAAAJ&hl=sk,12,,,,,,,,,,,,,,,,
Ladislav,Novotný,Ladislav Novotný,NIE,,,UPJŠ,SR,,,,https://scholar.google.com/citations?user=gp-TZ1EAAAAJ&hl=sk&oi=ao,11,,,,,,,,,,,,,,,,
Lucia,Olexíková,Lucia Olexíková,NIE,,,NPPC,SR,,,,https://scholar.google.com/citations?user=zA_bFiwAAAAJ&hl=sk&oi=sra,11,,,,,,,,,,,,,,,,
Katarína,Ondreičková,Katarína Ondreičková,NIE,,,VURV,SR,,,,https://scholar.google.com/citations?user=E5ucFusAAAAJ&hl=sk&oi=sra,10,,,,,,,,,,,,,,,,
Dušan,Orac,Dušan Orac,NIE,,,TUKE,SR,,,,https://scholar.google.sk/citations?hl=en&user=X80xxrQAAAAJ,11,,,,,,,,,,,,,,,,
Viera,Papcunová,Viera Papcunová,NIE,,,UKF,SR,,,,https://scholar.google.sk/citations?user=EdOnQJIAAAAJ&hl=sk,10,,,,,,,,,,,,,,,,
Roman,Pašteka,Roman Pašteka,NIE,,,UK,SR,,,,https://scholar.google.com/citations?user=91Z9tpwAAAAJ&hl=de,11,,,,,,,,,,,,,,,,
Alena,Pauliková,Alena Pauliková,NIE,,,STU,SR,,,,https://scholar.google.com/citations?user=mpzlxYEAAAAJ&hl=sk&oi=sra,10,,,,,,,,,,,,,,,,
Daniela,Perduková,Daniela Perduková,NIE,,,TUKE,SR,,,,https://scholar.google.sk/citations?hl=en&user=c14ybEEAAAAJ,11,,,,,,,,,,,,,,,,
Ivan,Polášek,Ivan Polášek,NIE,,,UK,SR,,,,https://scholar.google.com/citations?user=aXsd52UAAAAJ&hl=en,11,,,,,,,,,,,,,,,,
Peter,Poliak,Peter Poliak,NIE,,,STU,SR,,,,https://scholar.google.com/citations?hl=en&user=Yvc4-xMAAAAJ,10,,,,,,,,,,,,,,,,
Roberta,Prokešová,Roberta Prokešová,NIE,,,SAV,SR,,,,https://scholar.google.sk/citations?hl=en&user=uK1ukK0AAAAJ,11,,,,,,,,,,,,,,,,
Lucia,Reháčková,Lucia Reháčková,,,,Northumbria,Veľká Británia,Health psychologydevelopment and evaluation of behaviour,,,https://scholar.google.com/citations?user=ytQJ7McAAAAJ&hl=sk&oi=ao,10,,,,,,,,,,,,,,,,
Milena,Reháková,Milena Reháková,,,,STU,SR,,,,https://scholar.google.com/citations?user=RLZ94YAAAAAJ&hl=sk,11,,,,,,,,,,,,,,,,
Ivan,Sačkov,Ivan Sačkov,NIE,,,NLC,SR,,,,https://scholar.google.sk/citations?user=MG7UWTsAAAAJ&hl=sk,11,,,,,,,,,,,,,,,,
Darina,Saxunová,Darina Saxunová,NIE,,,UK,SR,,,,https://scholar.google.com/citations?user=QfsqiM8AAAAJ&hl=en,10,,,https://uniba.sk/fileadmin/ruk/veda/docprof/FM_UK/2018_Saxunova/CV_eng_Saxunova.pdf,,,,,,,,,,,,,
Dana,Seyringer,Dana Seyringer,NIE,,SK,FHV,Rakúsko,,https://www.burgenland.at/fileadmin/user_upload/Downloads/Buerger_und_Service/Frauen/if_faktum/if_Faktum04_17_Burgenland.pdf,,https://scholar.google.com/citations?user=qHHatDQAAAAJ&hl=sk&oi=ao,10,,,https://www.linkedin.com/in/dana-seyringer-30b30513/?originalSubdomain=at,https://www.burgenland.at/fileadmin/user_upload/Downloads/Buerger_und_Service/Frauen/if_faktum/if_Faktum04_17_Burgenland.pdf,,,,,,,,,,,,
Ivan,Shepa,Ivan Shepa,NIE,,,SAV,SR,,,,https://scholar.google.cz/citations?user=dxxTCIIAAAAJ&hl=en,11,,,,,,,,,,,,,,,,
Mariana,Schwarz,Mariana Schwarz,NIE,,,TUZVO,SR,,,,https://scholar.google.com/citations?hl=en&user=IRuTg2YAAAAJ,11,,,,,,,,,,,,,,,,
Marek,Simon,Marek Simon,NIE,,,UCM,SR,,,,https://scholar.google.sk/citations?user=fuIgjaEAAAAJ&hl=sk,11,,,,,,,,,,,,,,,,
Roman,Sitko,Roman Sitko,NIE,,,TUZVO,SR,,,,https://scholar.google.com/citations?user=mM8OHBUAAAAJ&hl=sk&oi=sra,12,,,,,,,,,,,,,,,,
Michal,Soltes,Michal Soltes,NIE,,,TUKE,SR,,,,https://scholar.google.com/citations?hl=sk&user=8-NZNfoAAAAJ,11,,,,,,,,,,,,,,,,
Iveta,Sosova,Iveta Sosova,NIE,,,Alberta Health Services,Kanada,,,,https://scholar.google.ca/citations?user=aDqyTJoAAAAJ&hl=en,12,,,,,,,,,,,,,,,,
Ján,Stebila,Ján Stebila,NIE,,,UMB,SR,,,,https://scholar.google.com/citations?user=iyeDP1IAAAAJ&hl=sk,11,,,,,,,,,,,,,,,,
Erika,Sujová,Erika Sujová,NIE,,,TUZVO,SR,,,,https://scholar.google.sk/citations?user=FQHNJsQAAAAJ&hl=sk,11,,,,,,,,,,,,,,,,
Matúš,Sulír,Matúš Sulír,NIE,,,TUKE,SR,,,,https://scholar.google.sk/citations?user=2OAhuKUAAAAJ&hl=sk,11,,,,,,,,,,,,,,,,
Štefan ,Svetský,Štefan Svetský,NIE,,,STU,SR,,,,https://scholar.google.com/citations?user=8joP3m0AAAAJ&hl=en&oi=sra,10,,,,,,,,,,,,,,,,
Martin,Šebesta,Martin Šebesta,NIE,,,UK,SR,,,,https://scholar.google.com/citations?user=8vRi1uUAAAAJ&hl=sk&oi=ao,11,,,,,,,,,,,,,,,,
Martin,Šeleng,Martin Šeleng,NIE,,,SAV,SR,,,,https://scholar.google.sk/citations?hl=en&user=317p4IIAAAAJ,10,,,,,,,,,,,,,,,,
Marek,Šimon,Marek Šimon,NIE,,,UCM,SR,,,,https://scholar.google.com/citations?user=fuIgjaEAAAAJ&hl=en&oi=sra,11,,,,,,,,,,,,,,,,
Miroslav,Šlosár,Miroslav Šlosár,NIE,,,UNIAG,SR,,,,https://scholar.google.com/citations?user=QsaldjAAAAAJ&hl=sk&oi=ao,11,,,,,,,,,,,,,,,,
Beáta,Šofranková,Beáta Šofranková,NIE,,,PU,SR,,,,https://scholar.google.com/citations?user=cTEYe1IAAAAJ&hl=sk&oi=sra,10,,,,,,,,,,,,,,,,
Michal,Šramka,Michal Šramka,NIE,,,STU,SR,,,,https://scholar.google.com/citations?hl=en&user=dcpzgUMAAAAJ,10,,,,,,,,,,,,,,,,
Jana,Švehlíková,Jana Švehlíková,NIE,,,SAV,SR,,,,https://scholar.google.com/citations?user=UAgyP2sAAAAJ&hl=sk&oi=ao,10,,,,,,,,,,,,,,,,
Jarmila,Spegarova Stremenova,Jarmila Spegarova Stremenova,NIE,,,Newcastle U.,Veľká Británia,"Imunológia, rakovina",,,https://scholar.google.com/citations?hl=en&user=qvkkASgAAAAJ,10,,,https://www.linkedin.com/in/jarmila-spegarova-stremenova-7ba7a585/?originalSubdomain=uk,,,,,,,,,,,,,
Peter,Švec,Peter Švec,NIE,,,UKF,SR,,,,https://scholar.google.com/citations?user=W4aYm-wAAAAJ&hl=en,10,,,,,,,,,,,,,,,,
Janka,Táborecká-Petrovičová,Janka Táborecká-Petrovičová,NIE,,,UMB,SR,,,,https://scholar.google.com/citations?hl=sk&user=woXwvpUAAAAJ,10,,,,,,,,,,,,,,,,
Peter,Tauš,Peter Tauš,NIE,,,TUKE,SR,,,,https://scholar.google.com/citations?user=ild9s58AAAAJ&hl=sk,10, ,,,,,,,,,,,,,,,
Michal,Teplan,Michal Teplan,NIE,,,SAV,SR,,,,https://scholar.google.sk/citations?hl=en&user=IzMVl1MAAAAJ,10,,,,,,,,,,,,,,,,
Pavol,Tišliar,Pavol Tišliar,NIE,,,UCM,SR,,,,https://scholar.google.com/citations?user=V4iYchoAAAAJ&hl=sk,11,,,https://uniba.sk/fileadmin/ruk/veda/docprof/FiF_UK/2014/Tisliar/CV_Tisliar.pdf,,,,,,,,,,,,,
Hedviga,Tkáčová,Hedviga Tkčová,NIE,,,KU,SR,,,,https://scholar.google.com/citations?user=QfGz0H4AAAAJ&hl=sk&oi=sra,11,,,,,,,,,,,,,,,,
Renáta,Turisová,Renáta  Turisová,NIE,,,TUKE,SR,,,,https://scholar.google.com/citations?user=vCcmzmsAAAAJ&hl=sk&oi=sra,10,,,,,,,,,,,,,,,,
Peter ,Urdzik,Peter Urdzik,NIE,,,UPJŠ,SR,Gynecologyurogynecologyminimaly invasive surgery,,,https://scholar.google.com/citations?user=wp3YLuMAAAAJ&hl=sk&oi=ao,11,,,,,,,,,,,,,,,,
Marek,Vagas,Marek Vagas,NIE,,,TUKE,SR,,,,https://scholar.google.com/citations?user=zQLHOh4AAAAJ&hl=sk&oi=sra,11,,,,,,,,,,,,,,,,
Oľga,Vančová,Oľga Vančová,NIE,,,UK,SR,Biochémia,,,https://scholar.google.com/citations?user=TN5rSakAAAAJ&hl=en,12,,,,,,,,,,,,,,,,
Jozef,Vakula,Jozef Vakula,NIE,,,NLC,SR,,,,https://scholar.google.sk/citations?user=jXljScUAAAAJ&hl=sk,10,,,,,,,,,,,,,,,,
Jaroslav,Vencúrik,Jaroslav Vencúrik,NIE,,,TUZVO,SR,,,,https://scholar.google.com/citations?hl=en&user=p0wYoJAAAAAJ,10,,,,,,,,,,,,,,,,
Katarína,Vitálišová,Katarína Vitálišová,NIE,,,UMB,SR,,,,https://scholar.google.co.th/citations?hl=en&user=tNfGyOEAAAAJ,12,,,,,,,,,,,,,,,,
Pavol,Zajac,Pavol Zajac,NIE,,,STU,SR,,,,https://scholar.google.com/citations?hl=en&user=kutD0ZsAAAAJ,11,,,,,,,,,,,,,,,,
Katarína,Zimmermannová-Pastirčáková,Katarína Zimmermannová-Pastirčáková,NIE,,,IFE.sk,SR,,,,https://scholar.google.com/citations?user=YABvpHUAAAAJ&hl=en,11,,,,,,,,,,,,,,,,
Marián,Zouhar,Marián Zouhar,NIE,,,UK,SR,,,,https://scholar.google.com/citations?user=NS9-dRwAAAAJ&hl=en&oi=ao,10,,,,,,,,,,,,,,,,
František,Žigo,František Žigo,NIE,,,UVLF,SR,,,,https://scholar.google.com/citations?user=btJiOTgAAAAJ&hl=sk&oi=sra,12,,,,,,,,,,,,,,,,
Pavol,Žigo,Pavol Žigo,NIE,,,UK,SR,,,,https://scholar.google.com/citations?user=3LywzAwAAAAJ&hl=sk&oi=sra,10,,,,,,,,,,,,,,,,
,,,NIE,,,,,,,,,,,,,,,,,,,,,,,,,
,, ,NIE,,,,,,,,,9,,,,,,,,,,,,,,,,
Uršula,Altanerová,Uršula Altanerová,NIE,,,OUSA,SR,,,,https://scholar.google.com/citations?user=EXUtusgAAAAJ&hl=sk&oi=sra,10,,,,,,,,,,,,,,,,
Ľubica,Argalášová,Ľubica Argalášová,NIE,,,UK,SR,,,,https://scholar.google.sk/citations?user=s5xl5SMAAAAJ&hl=sk,10,,,https://uniba.sk/fileadmin/ruk/veda/docprof/LF_UK/Argalasova/23_Argalasova_zivotopis.pdf,,,,,,,,,,,,,
Ľuboš,Bača,Ľuboš Bača,NIE,,,STU,SR,,,,https://scholar.google.com/citations?hl=en&user=EVOMzXoAAAAJ,11,,,,,,,,,,,,,,,,
Pavol,Baboš,Pavol Baboš,NIE,,,UK,SR,,,,https://scholar.google.com/citations?user=QAV4HpgAAAAJ&hl=sk&oi=sra,10,,,,,,,,,,,,,,,,
Eva ,Ballová Mikušková,Eva Ballová Mikušková,NIE,,,SAV,SR,,,,https://scholar.google.sk/citations?user=I1AtOPcAAAAJ&hl=sk,11,,,,,,,,,,,,,,,,
Vazoslav,Belan,Víťazoslav Belan,NIE,,,UK,SR,Radiológia,,,https://scholar.google.com/citations?user=ilBzKfcAAAAJ&hl=sk&oi=ao,10,,,,,,,,,,,,,,,,
Wanda,Benešová,Wanda Benešová,NIE,,,STU,SR,,,,https://scholar.google.sk/citations?user=j7i--sQAAAAJ&hl=sk,11,,,,,,,,,,,,,,,,
Vladimír,Benko,Vladimír Benko,NIE,,,SAV,SR,,,,https://scholar.google.sk/citations?hl=en&user=DxooD2UAAAAJ,9,,,,,,,,,,,,,,,,
Martin,Berka,Martin Berka,NIE,,,Massey Uni,Nový Zéland,Ekonómia,https://www.massey.ac.nz/massey/expertise/profile.cfm?stref=461930,,https://scholar.google.com/citations?hl=en&user=SleU41MAAAAJ,9,,,,,,,,,,,,,,,,
Juraj,Bilčík,Juraj Bilčík,NIE,,,STU,SR,,,,https://scholar.google.com/citations?user=XpMdbuYAAAAJ&hl=sk&oi=sra,9,,,,,,,,,,,,,,,,
Josef,Blažek,Josef Blažek,NIE,,,TUKE,SR,,,,https://scholar.google.com/citations?user=CWikIiMAAAAJ&hl=en,10,,,,,,,,,,,,,,,,
František,Botko,František Botko,NIE,,,TUKE,SR,,,,https://scholar.google.sk/citations?user=S2-q7G8AAAAJ&hl=sk,9,,,,,,,,,,,,,,,,
Ján,Bunčák,Ján Bunčák,NIE,,,U. Hradec Králové,ČR,,,,https://scholar.google.com/citations?hl=en&user=iYXiMeIAAAAJ,10,,,,,,,,,,,,,,,,
Marek,Bundzel,Marek Bundzel,NIE,,,TUKE,SR,,,,https://scholar.google.com/citations?user=buWgX20AAAAJ&hl=sk&oi=sra,10,,,,,,,,,,,,,,,,
Diana,Bzdúšková (Abrahámová),Diana Bzdúšková (Abrahámová),NIE,,,SAV,SR,,,,https://scholar.google.sk/citations?hl=en&user=OlGYVwEAAAAJ,9,,,,,,,,,,,,,,,,
Katarína,Cisárová,Katarína Cisárová,NIE,,,UNIL,Švajčiarsko,,,,https://scholar.google.com/citations?hl=en&user=cLwOMp0AAAAJ,11,,,,,,,,,,,,,,,,
Lucia,Csachová,Lucia Csachová,NIE,,,KU,SR,,,,https://scholar.google.sk/citations?user=_MgPH9sAAAAJ&hl=sk,10,,,,,,,,,,,,,,,,
Ľudmila,Černecká,Ľudmila Černecká,NIE,,,SAV,SR,,,,https://scholar.google.com/citations?user=0DhPTKsAAAAJ&hl=en&oi=ao,10,,,,,,,,,,,,,,,,
Igor,Čunderlík,Igor Čunderlík,NIE,,,TUZvo,SR,,,,https://scholar.google.com/citations?user=CU2A2qEAAAAJ&hl=sk,9,,,,,,,,,,,,,,,,
Ingrid,Damborská,Ingrid Damborská,NIE,,,UK,SR,"meteorológia, klimatológia",,,https://scholar.google.com/citations?user=1TAuOVsAAAAJ&hl=sk&oi=sra,9,,,,,,,,,,,,,,,,
Monika,Dávideková,Monika Dávideková,NIE,,,UK,SR,,,,https://scholar.google.com/citations?user=Fsskk1gAAAAJ&hl=sk&oi=sra,10,,,,,,,,,,,,,,,,
Peter,Demján,Peter Demján,NIE,,,AVČR,ČR,ArchaeologyDigital Humanities,,,https://scholar.google.com/citations?user=S1r7xycAAAAJ&hl=sk&oi=ao,9,,,,,,,,,,,,,,,,
Peter,Demkanin,Peter Demkanin,NIE,,,UK,SR,,,,https://scholar.google.com/citations?user=yMWE-58AAAAJ&hl=sk&oi=sra,9,,,,,,,,,,,,,,,,
Jozef,Doboš,Jozef Doboš,NIE,,,3D Repo Ltd,Veľká Británia,Computer graphic,https://3drepo.com/about/people/,,https://scholar.google.com/citations?user=DCm9NG4AAAAJ&hl=en&oi=ao,10,,,,,,,,,,,,,,,,
Štefan ,Domonkos,Štefan  Domonkos,NIE,,,SAV+CELSI,SR,,https://www.celsi.sk/sk/ludia/detail/95/stefan-domonkos/,,https://scholar.google.de/citations?user=u1VxEn8AAAAJ&hl=de,9,,,,,,,,,,,,,,,,
Peter,Drahoš,Peter Drahoš,NIE,,,STU,SR,,,,https://scholar.google.com/citations?user=-pFi72gAAAAJ&hl=sk&oi=sra,10,,,,,,,,,,,,,,,,
Jakub,Drimaj,Jakub Drimaj,NIE,,,Mendlova universita,ČR,,,,https://scholar.google.com/citations?user=KNbK58UAAAAJ&hl=en,10,,,,,,,,,,,,,,,,
Tatiana,Dubayová,Tatiana Dubayová,NIE,,,UNIPO,SR,,,,https://scholar.google.com/citations?user=jjAPoEkAAAAJ&hl=sk&oi=sra,9,,,,,,,,,,,,,,,,
Branislav,Duleba,Branislav Duleba,NIE,,,TUKE,SR,,,,https://scholar.google.com/citations?user=e0W8XmAAAAAJ&hl=sk,9,,,,,,,,,,,,,,,,
Anton,Dzian,Anton Dzian,NIE,,,UK,SR,,,,https://scholar.google.com/citations?user=NIFxTS0AAAAJ&hl=sk&oi=sra,10,,,,,,,,,,,,,,,,
Peter ,Džupka,Peter  Džupka,NIE,,,TUKE,SR,,,,https://scholar.google.com/citations?user=3TDTUNgAAAAJ&hl=en,9,,,,,,,,,,,,,,,,
Michal ,Ďuračka,Michal Ďuračka,NIE,,,UNIAG,SR,,,,https://scholar.google.com/citations?user=kKlHcIQAAAAJ&hl=sk,10,,,,,,,,,,,,,,,,
Juraj,Fazekas,Juraj Fazekas,NIE,,,UNIPO,SR,,,,https://scholar.google.com/citations?user=MDZRqlgAAAAJ&hl=en&oi=sra,9,,,,,,,,,,,,,,,,
Peter,Feciľak,Peter Feciľak,NIE,,,CNL,SR,,,,https://scholar.google.com/citations?user=Fs_O5bgAAAAJ&hl=sk&oi=sra,10,,,,,,,,,,,,,,,,
Denisa,Fedáková,Denisa Fedáková,NIE,,,SAV,SR,,,,https://scholar.google.com/citations?user=aS5DkscAAAAJ&hl=sk&oi=ao,9,,,,,,,,,,,,,,,,
Michal,Ferenčík,Michal Ferenčík,NIE,,,TUZVO,SR,,,,https://scholar.google.sk/citations?user=hks7VKMAAAAJ&hl=sk,9,,,,,,,,,,,,,,,,
Marek ,Fraštia,Marek Fraštia,NIE,,,STU,SR,,,,https://scholar.google.com/citations?user=sXdhxvwAAAAJ&hl=sk&oi=sra,10,,,,,,,,,,,,,,,,
Jozef,Filka,Jozef Filka,NIE,,,JCU,ČR,,,,https://scholar.google.com/citations?user=yPuoyvoAAAAJ&hl=sk&oi=sra,9,,,,,,,,,,,,,,,,
Zuzana,Florková,Zuzana Florková,NIE,,,UNIZA,SR,,,,https://scholar.google.sk/citations?user=QzN-BjoAAAAJ&hl=sk,10,,,,,,,,,,,,,,,,
Jana,Frankovská,Jana Frankovská,NIE,,,STU,SR,,,,https://scholar.google.com/citations?hl=en&user=R-SLrXAAAAAJ,9,,,,,,,,,,,,,,,,
Jozef,Gáborík,Jozef Gáborík,NIE,,,TUZvo,SR,,,,https://scholar.google.sk/citations?user=hNfKnaUAAAAJ&hl=sk,10,,,,,,,,,,,,,,,,
Rudolf,Gális,Rudolf Gális,NIE,,,UPJŠ,SR,,,,https://scholar.google.sk/citations?hl=en&user=l2NZe6cAAAAJ,10,,,,,,,,,,,,,,,,
Mária,Gamcová,Mária Gamcová,NIE,,,TUKE,SR,,,,https://scholar.google.com/citations?user=9qmEP_wAAAAJ&hl=sk&oi=sra,9,,,,,,,,,,,,,,,,
Michal,Gregor,Michal Gregor,NIE,,,UNIZA,SR,,,,https://scholar.google.com/citations?user=AFsl5pwAAAAJ&hl=en&oi=sra,9,,,,,,,,,,,,,,,,
Filip,Gucmann,Filip Gucmann,NIE,,,SAV,SR,,,,https://scholar.google.com/citations?user=aPxznv0AAAAJ&hl=sk&oi=sra,10,,,,,,,,,,,,,,,,
Simona,Haasová,Simona Haasová,NIE,,,UNIL,Švajčiarsko,,,,https://scholar.google.com/citations?hl=en&user=WsGE95UAAAAJ,9,,,https://soko-psy.univie.ac.at/fileadmin/user_upload/p_soko_psy/Files/Haasova_CV_univie.pdf,,,,,,,,,,,,,
Ondrej,Habala,Ondrej Habala,NIE,,,SAV,SR,,,,https://scholar.google.sk/citations?hl=en&user=UY0Dud8AAAAJ,10,,,,,,,,,,,,,,,,
Oto,Haffner,Oto Haffner,NIE,,,STU,SR,,,,https://scholar.google.com/citations?hl=en&user=c4cbYugAAAAJ,10,,,,,,,,,,,,,,,,
Jakub,Hagara,Jakub Hagara,NIE,,,SAV,SR,,,,https://scholar.google.com/citations?user=pqhnM6cAAAAJ&hl=sk&oi=sra,9,,,,,,,,,,,,,,,,
Ľubomír,Held,Ľubomír Held,NIE,,,TRUni,SR,,,,https://scholar.google.com/citations?user=liRU6UEAAAAJ&hl=sk,8,,,,,,,,,,,,,,,,
Marek,Hlaváč,Marek Hlaváč,NIE,,,Inštitút soc.politiky,SR,Labor EconomicsPolitical EconomyStatistical Software,,,https://scholar.google.com/citations?user=jRCc4kMAAAAJ&hl=sk&oi=sra,8,,,,,,,,,,,,,,,,
Barbora,Holubová,Barbora Holubová,NIE,,,CELSI,SR,,https://www.celsi.sk/sk/ludia/detail/222/barbora-holubova/,,https://scholar.google.com/citations?user=FdXbbWMAAAAJ&hl=en,9,,,https://celsi.sk/media/people/cv/Holubov_CV_CELSI_2020.pdf,,,,,,,,,,,,,
Marián,Homolák,Marián Homolák,NIE,,,STU,SR,,,,https://scholar.google.sk/citations?user=znrczoYAAAAJ&hl=sk,9,,,,,,,,,,,,,,,,
Dominik,Hrebík,Dominik Hrebík,NIE,,,Ceitec,ČR,,,,https://scholar.google.com/citations?user=BmaYbjUAAAAJ&hl=en,9,,,https://dennikn.sk/autor/dhrebik/,,,,,,,,,,,,,
Emília,Huttmanová,Emília Huttmanová,NIE,,,UNIPO,SR,,,,https://scholar.google.com/citations?user=7L6dLP4AAAAJ&hl=sk&oi=sra,10,,,,,,,,,,,,,,,,
Ladislav,Hvizdák,Ladislav Hvizdák,NIE,,,TUKE,SR,,,,https://scholar.google.com/citations?user=_wEdIkIAAAAJ&hl=sk&oi=sra,9,,,,,,,,,,,,,,,,
Peter,Chovanec,Peter Chovanec,NIE,,,UCLA,USA,,,,https://scholar.google.com/citations?user=LejOs0AAAAAJ&hl=en&oi=ao,9,,,,,,,,,,,,,,,,
Michal,Chudý,Michal Chudý,NIE,,,Cambridge,Veľká Británia,,,,https://scholar.google.com/citations?user=ImWPx_cAAAAJ&hl=sk&oi=ao,9,,,https://www.linkedin.com/in/michal-chudy-294bba1b/details/experience/,http://eafes.eu/?oid=6,,,,,,,,,,,,
Viera,Jakušová,Viera Jakušová,NIE,,,UK,SR,,,,https://scholar.google.sk/citations?user=MtuJjtUAAAAJ&hl=sk,10,,,,,,,,,,,,,,,,
Katarína,Jelemenská,Katarína Jelemenská,NIE,,,STU,SR,,,,https://scholar.google.com/citations?hl=en&user=5iyyVw4AAAAJ,9,,,,,,,,,,,,,,,,
Milan,Kadnár,Milan Kadnár,NIE,,,SPU,SR,,,,https://scholar.google.com/citations?user=j-REZlMAAAAJ&hl=sk&oi=sra,9,,,,,,,,,,,,,,,,
Denisa,Kirdajová,Denisa Kirdajová,NIE,,,Biocev,ČR,,,,https://scholar.google.cz/citations?user=Dnq61V8AAAAJ&hl=en,10,,,,,,,,,,,,,,,,
Ján,Kizek,Ján Kizek,NIE,,,TUKE,SR,,,,https://scholar.google.com/citations?user=IwhmjZsAAAAJ&hl=sk&oi=sra,9,,,,,,,,,,,,,,,,
Lenka,Klčová,Lenka Klčová,NIE,,,NPPC,SR,,,,https://scholar.google.com/citations?user=WHY898kAAAAJ&hl=en&oi=sra,9,,,,,,,,,,,,,,,,
Iveta,Kmecová,Iveta Kmecová,NIE,,,vstecb,ČR,,,,https://scholar.google.co.th/citations?hl=en&user=Z8O3XgQAAAAJ,9,,,,,,,,,,,,,,,,
Lilla,Koreňová,Lilla Koreňová,NIE,,,UK,SR,,,,https://scholar.google.sk/citations?user=7ve6Jg0AAAAJ&hl=sk,10,,,,,,,,,,,,,,,,
Dušan,Kostrub,Dušan Kostrub,NIE,,,UK,SR,,,,https://scholar.google.com/citations?user=k14DMNwAAAAJ&hl=sr,10,,,https://uniba.sk/fileadmin/ruk/veda/docprof/PdF_UK/Kostrub/CV.pdf,,,,,,,,,,,,,
Ján,Kováč,Ján Kováč,NIE,,,TUZVO,SR,,,,https://scholar.google.com/citations?user=VeAxWvsAAAAJ&hl=en&oi=sra,9,,,,,,,,,,,,,,,,
Vladimír,Krajčík,Vladimír Krajčík,NIE,,,PanEuropean U.,SR,,,,https://scholar.google.com/citations?user=2LFYM0IAAAAJ&hl=sk&oi=ao,12,,,,,,,,,,,,,,,,
Alfred,Krogmann,Alfred Krogmann,NIE,,,UKF,SR,,,,https://scholar.google.com/citations?user=dBcLv_oAAAAJ&hl=en&oi=sra,10,,,,,,,,,,,,,,,,
Matúš,Kubák,Matúš Kubák,NIE,,,TUKE,SR,,,,https://scholar.google.sk/citations?user=XZVZdYgAAAAJ&hl=sk,10,,,,,,,,,,,,,,,,
Denisa,Kubániová,Denisa Kubániová,NIE,,,KU,ČR,fyzika,,,https://scholar.google.com/citations?user=Viloh4AAAAAJ&hl=sk&oi=sra,9,,,,,,,,,,,,,,,,
Marek,Kučera,Marek Kučera,NIE,,,vitacare,SR,,,,https://scholar.google.com/citations?user=hm8NKK0AAAAJ&hl=en&oi=sra,9,,,,,,,,,,,,,,,,
Jozef ,Kulka,Jozef Kulka,NIE,,,TUKE,SR,,,,https://scholar.google.sk/citations?user=HvkP5nAAAAAJ&hl=en,9,,,,,,,,,,,,,,,,
Dagmar,Kusá,Dagmar Kusá,NIE,,,BISLA,SR,,,,https://scholar.google.ca/citations?user=glvO9-kAAAAJ&hl=sk,9,,,,,,,,,,,,,,,,
Oľga,Kyselovičová,Oľga Kyselovičová,NIE,,,UK,SR,,,,https://scholar.google.sk/citations?user=yuFz3qcAAAAJ&hl=sk,9,,,,,,,,,,,,,,,,
Lukáš ,Lafférs,Lukáš Lafférs,NIE,,,UMB,SR,,,,https://scholar.google.com/citations?hl=sk&user=0q1y-kYAAAAJ,12,,,,,,,,,,,,,,,,
Peter,Laurinec,Peter Laurinec,NIE,,,STU,SR,,,,https://scholar.google.com/citations?hl=en&user=1fEwHTkAAAAJ,9,,,,,,,,,,,,,,,,
Tibor,Lieskovský,Tibor Lieskovský,NIE,,,STU,SR,,,,https://scholar.google.com/citations?hl=en&user=yjgHv0YAAAAJ,9,,,,,,,,,,,,,,,,
Jaroslav,Majerník,Jaroslav Majerník,NIE,,,UPJŠ,SR,,,,https://scholar.google.com/citations?user=tnEuQnYAAAAJ&hl=sk&oi=sra,10,,,,,,,,,,,,,,,,
Josef,Malach,Josef Malach,NIE,,,U.Ostrava+ UKF,ČR+SR,,,,https://scholar.google.com/citations?user=OQuyjFQAAAAJ&hl=en,8,,,,,,,,,,,,,,,,
Martin,Mantič,Martin Mantič,NIE,,,TUKE,SR,,,,https://scholar.google.com/citations?user=Z-X7WawAAAAJ&hl=sk&oi=sra,9,,,,,,,,,,,,,,,,
Stanislav,Marchevský,Stanislav Marchevský,NIE,,,TUKE,SR,,,,https://scholar.google.com/citations?hl=en&user=Y6U93loAAAAJ,9,,,,,,,,,,,,,,,,
Jan,Markus,Jan Markus,NIE,,,MatTek,SR,,,,https://scholar.google.sk/citations?user=lYBODAwAAAAJ&hl=en,11,,,https://www.linkedin.com/in/jan-markus-7701527/,,,,,,,,,,,,,
Monika,Martišková,Monika Martišková,NIE,,,CELSI,SR,,https://www.celsi.sk/sk/ludia/detail/82/monika-martiskova/,,https://scholar.google.com/citations?user=QMSuttgAAAAJ&hl=sk,9,,,https://celsi.sk/en/people/detail/82/monika-martiskova/,,,,,,,,,,,,,
Ján,Mihalík,Ján Mihalík,NIE,,,TUKE,SR,,,,https://scholar.google.sk/citations?hl=en&user=IYfeVx8AAAAJ,8,,,,,,,,,,,,,,,,
Zuzana,Minarechová,Zuzana Minarechová,NIE,,,STU,SR,,,,https://scholar.google.com/citations?hl=en&user=lV-0K6AAAAAJ,9,,,,,,,,,,,,,,,,
Peter ,Mindek,Peter Mindek,NIE,,,TU Wien,Rakúsko,Scientific visualisation,,,https://scholar.google.com/citations?user=8s_AxxEAAAAJ&hl=en,9,,,,,,,,,,,,,,,,
Imrich,Morva,Imrich Morva,NIE,,,UK,SR,,,,https://scholar.google.cz/citations?user=3sXgzokAAAAJ&hl=cs,10,,,,,,,,,,,,,,,,
Mojmír,Mutný,Mojmír Mutný,NIE,,,ETH,Švajčiarsko,,,,https://scholar.google.com/citations?user=6Im5pv4AAAAJ&hl=en,10,,,,,,,,,,,,,,,,
Zuzana,Murčinková,Zuzana Murčinková,NIE,,,TUKE,SR,,,,https://scholar.google.co.th/citations?hl=en&user=vaPHrIMAAAAJ,9,,,,,,,,,,,,,,,,
Ladislav,Naďo,Ladislav Naďo,NIE,,,freelance,SR,,,,https://scholar.google.com/citations?user=OBXww2UAAAAJ&hl=sk&oi=sra,9,,,,,,,,,,,,,,,,
Pavol,Neilinger,Pavol Neilinger,NIE,,,UK,SR,,,,https://scholar.google.sk/citations?user=7n_jXi8AAAAJ&hl=cs,9,,,,,,,,,,,,,,,,
Martin,Odler,Martin Odler,NIE,,,Newcastle uni,Spojené kráľovstvo,"Egyptology, archeology",,,https://scholar.google.cz/citations?user=9k_HSvYAAAAJ&hl=cs,9,,,,,,,,,,,,,,,,
Jakub,Olexa,Jakub Olexa,NIE,,,CERN,Švajčiarsko,,,,https://scholar.google.com/citations?user=9OXoraIAAAAJ&hl=sk&oi=ao,10,,,https://www.linkedin.com/in/jakub-olexa/,,,,,,,,,,,,,
Tomáš,Orfánus,Tomáš Orfánus,NIE,,,SAV?,SR,,,,https://scholar.google.com/citations?user=RWkycy0AAAAJ&hl=en,9,,,https://sk.linkedin.com/in/tomas-orfanus-644aba9,,,,,,,,,,,,,
Miloš,Orgon,Miloš Orgon,NIE,,,STU,SR,,,,https://scholar.google.com/citations?user=vnFh9PgAAAAJ&hl=en&oi=sra,9,,,,,,,,,,,,,,,,
Alena,Otčenášová,Alena Otčenášová,NIE,,,UNIZA,SR,,,,https://scholar.google.com/citations?user=KRxKUbEAAAAJ&hl=en,10,,,,,,,,,,,,,,,,
Blažej ,Pandula,Blažej Pandula,NIE,,,TUKE,SR,,,,https://scholar.google.com/citations?user=bjZMa2cAAAAJ&hl=sk,9,,,,,,,,,,,,,,,,
Dana,Pardubská,Dana Pardubská,NIE,,,UK,SR,,,,https://scholar.google.com/citations?user=7wYYsb4AAAAJ&hl=sk,10,,,,,,,,,,,,,,,,
Pavol,Partila,Pavol Partila,NIE,,,VŠB,ČR,,,,https://scholar.google.com/citations?user=K2kZ_xcAAAAJ&hl=sk&oi=sra,9,,,https://www.linkedin.com/in/pavol-partila-b947465a/?originalSubdomain=sk,,,,,,,,,,,,,
Viliam,Pavlík,Viliam Pavlík,NIE,,,SAV,SR,,,,https://scholar.google.com/citations?user=hqqM5IUAAAAJ&hl=sk&oi=sra,11,,,,,,,,,,,,,,,,
Ivana,Pilchová,Ivana Pilchová,NIE,,,UK,SR,,,,https://scholar.google.com/citations?user=Z-fRfJEAAAAJ&hl=en&oi=sra,9,,,,,,,,,,,,,,,,
Peter ,Pisár,Peter Pisár,NIE,,,UMB,SR,,,,https://scholar.google.com/citations?hl=sk&user=SvqgV_AAAAAJ,11,,,,,,,,,,,,,,,,
Dobrota,Pucherová,Dobrota Pucherová,NIE,,,SAV,SR,,,,https://scholar.google.sk/citations?hl=en&user=NRxzKvsAAAAJ,11,,,,,,,,,,,,,,,,
Viktória,Rajťúková,Viktória Rajťúková,NIE,,,TUKE,SR,,,,https://scholar.google.sk/citations?user=SvOMEA0AAAAJ&hl=sk,9,,,,,,,,,,,,,,,,
Richard,Sťahel,Richard Sťahel,NIE,,,SAV,SR,,,,https://scholar.google.com/citations?user=dPI77TcAAAAJ&hl=en&oi=ao,9,,,,,,,,,,,,,,,,
Peter,Pisár,Petr Pisár,NIE,,,UNB,SR,,,,https://scholar.google.com/citations?user=SvqgV_AAAAAJ&hl=sk&oi=sra,11,,,,,,,,,,,,,,,,
Dagmar,Popjaková,Dagmar Popjaková,NIE,,,JCU,ČR,,,,https://scholar.google.com/citations?hl=en&user=1ujAmg0AAAAJ,9,,,,,,,,,,,,,,,,
Oliver,Porges,Oliver Porges,NIE,,,DLR,Nemecko,,,,https://scholar.google.de/citations?user=w2LXlBwAAAAJ&hl=en,9,,,,,,,,,,,,,,,,
Tomáš,Profant,Tomáš Profant,NIE,,,SAV,SR,,,profant@fme.vutbr.cz,https://scholar.google.com/citations?user=E09sYZ4AAAAJ&hl=en,10,,,,,,,,,,,,,,,,
Marek,Radvanský,Marek Radvnský,NIE,,,SAV,SR,,,,https://scholar.google.com/citations?user=xzhrlzoAAAAJ&hl=sk&oi=ao,9,,,,,,,,,,,,,,,,
Eugen,Ružický,Eugen Ružický,NIE,,,PanEuro Uni,SR,,,,https://scholar.google.sk/citations?user=flGToekAAAAJ&hl=sk,10,,,,,,,,,,,,,,,,
Jozef,Ryba,Jozef Ryba,NIE,,,STU,SR,,,,https://scholar.google.com/citations?user=dHRL69gAAAAJ&hl=sk&oi=sra,9,,,,,,,,,,,,,,,,
Peter,Rybár,Peter Rybár,NIE,,,UK,SR,Fyzika,,,https://scholar.google.sk/citations?user=-0pSuXcAAAAJ&hl=sk&oi=sra,9,,,,,,,,,,,,,,,,
Táňa,Sebechlebská,Táňa Sebechlebská,NIE,,,UK,SR,,,,https://scholar.google.com/citations?user=LUb98UkAAAAJ&hl=sk&oi=sra,10,,,,,,,,,,,,,,,,
Richard,Sťahel,Richard Sťahel,NIE,,,SAV,SR,environmentálna filozofiapolitická filozofiasociálna filozofia,,,https://scholar.google.com/citations?user=dPI77TcAAAAJ&hl=sk&oi=ao,9,,,,,,,,,,,,,,,,
Martin,Sleziak,Martin Sleziak,NIE,,,UK,SR,,,,https://scholar.google.com/citations?user=By1B1ZcAAAAJ&hl=sk&oi=sra,9,,,,,,,,,,,,,,,,
Anna,Smetanová,Anna Smetanová,NIE,,,gwpcee,SR,,https://www.nature-reconnection.eu/about/,,https://scholar.google.com/citations?user=85I6nccAAAAJ&hl=sk&oi=sra,10,,,,,,,,,,,,,,,,
Peter,Staňák,Peter Staňák,NIE,,,SAV?,SR,,,,https://scholar.google.sk/citations?hl=en&user=XtCCKNoAAAAJ,9,,,,,,,,,,,,,,,,
Miloš,Soták,Miloš Soták,,,,Honewell,ČR,,,,https://scholar.google.sk/citations?user=EHXh-IcAAAAJ&hl=sk,10,,,,,,,,,,,,,,,,
Vladislav,Suvák,Vladislav Suvák,,,,UNIPO,SR,,,,https://scholar.google.sk/citations?user=KgrpxdwAAAAJ&hl=sk,9,,,,,,,,,,,,,,,,
Ján,Svoreň,Ján Svoreň,NIE,,,SAV,SR,,,,https://scholar.google.com/citations?user=nUa8NPoAAAAJ&hl=sk,9,,,,,,,,,,,,,,,,
Peter,Sykora,Peter Sýkora,NIE,,,UCM,SR,,,,https://scholar.google.com/citations?user=3GKyKMwAAAAJ&hl=en&oi=ao,11,,,,,,,,,,,,,,,,
Dušan,Šimšík,Dušan Šimšík,NIE,,,TUKE,SR,,,,https://scholar.google.com/citations?user=w524rwsAAAAJ&hl=sk,9,,,,,,,,,,,,,,,,
Elena,Širá,Elena Širá,NIE,,,UNIPO,SR,,,,https://scholar.google.sk/citations?user=RAXIkn8AAAAJ&hl=sk,10,,,,,,,,,,,,,,,,
Beňadik,Šmajda,Beňadik Šmajda,NIE,,,UPJŠ,SR,,,,https://scholar.google.sk/citations?hl=en&user=8fRK3mgAAAAJ,9,,,,,,,,,,,,,,,,
Miroslav,Štefánik,Miroslav Štefánik,NIE,,,SAV,SR,,,,https://scholar.google.com/citations?user=5KOV9pYAAAAJ&hl=sk&oi=sra,10,,,,,,,,,,,,,,,,
Marek,Števček,Marek Števček,NIE,,,UK,SR,,,,https://scholar.google.com/citations?user=RTwQGAgAAAAJ&hl=sk,10,,,,,,,,,,,,,,,,
Monika,Šulc Michalková,Monika Šulc Michalková,NIE,,,UK,SR,,,,https://scholar.google.com/citations?user=hmbhDB4AAAAJ&hl=sk&oi=ao,9,,,,,,,,,,,,,,,,
Mikuláš,Šupín,Mikuláš Šupín,NIE,,,TUZVO,SR,,,,https://scholar.google.com/citations?user=EkLzqKUAAAAJ&hl=sk&oi=sra,9,,,,,,,,,,,,,,,,
Juraj ,Tekel,Juraj Tekel,NIE,,,UK,SR,,,,https://scholar.google.sk/citations?user=32eYmu8AAAAJ&hl=en,9,,,,,,,,,,,,,,,,
Michal,Tomko,Michal Tomko,NIE,,,TUKE,SR,,,,https://scholar.google.com/citations?user=t79CJSwAAAAJ&hl=sk,8,,,,,,,,,,,,,,,,
Marián,Tóth,Marián Tóth,NIE,,,Uniag,SR,,,,https://scholar.google.sk/citations?user=Esxeec4AAAAJ&hl=sk,10,,,,,,,,,,,,,,,,
Peter ,Tóth,Peter  Tóth,NIE,,,MUNI,ČR,Archeológia,,,https://scholar.google.sk/citations?user=ScT96GkAAAAJ&hl=en,9,,,,,,,,,,,,,,,,
Marianna,Trebuňová,Marianna Trebuňová,NIE,,,TUKE,SR,,,,https://scholar.google.com/citations?user=lSUvl1oAAAAJ&hl=sk&oi=sra,9,,,,,,,,,,,,,,,,
Daniel,Urbán,Daniel Urbán,NIE,,,STU,SR,,,,https://scholar.google.com/citations?hl=en&user=CgH8XaEAAAAJ,9,,,,,,,,,,,,,,,,
Peter,Urdzik,Peter Urdzik,NIE,,,UPJŠ,SR,,,,https://scholar.google.com/citations?user=wp3YLuMAAAAJ&hl=sk&oi=ao,11,,,,,,,,,,,,,,,,
Miroslav,Variny,Miroslav Variny,NIE,,,STU,SR,,,,https://scholar.google.com/citations?hl=en&user=GhKL7e8AAAAJ,10,,,,,,,,,,,,,,,,
Ladislav,Végh,Ladislav Végh,NIE,,,SelyeUni,SR,,,,https://scholar.google.com/citations?user=8bXE8e8AAAAJ&hl=sk&oi=ao,9,,,,,,,,,,,,,,,,
Marcela,Veselková,Marcela Veselková,NIE,,,Inštitút sociálnej politiky,SR,,,,https://scholar.google.sk/citations?user=75k0Ur4AAAAJ&hl=sk,9,,,,,,,,,,,,,,,,
Ivana,Viktorinová,Ivana Viktorinová,NIE,,,mpi-cbg,Nemecko,,,,https://scholar.google.de/citations?user=oA_ZbFcAAAAJ&hl=en,9,,,,,,,,,,,,,,,,
Mária,Virčíková,Mária Virčíková,NIE,,,MATSUKO,SR,,,,https://scholar.google.sk/citations?user=xj0lg2UAAAAJ&hl=en,9,,,https://sk.linkedin.com/in/mariavircik,,,,,,,,,,,,,
Ján,Višňovský,Ján Višňovský,NIE,,,UCM,SR,,,,https://scholar.google.com/citations?user=AzZQ3kAAAAAJ&hl=sk&oi=sra,9,,,,,,,,,,,,,,,,
Jozef,Záhumenský,Jozef Záhumenský,NIE,1971,,UK,SR,,,,https://scholar.google.cz/citations?user=-TzOQZkAAAAJ&hl=cs,10,,,https://uniba.sk/fileadmin/ruk/veda/docprof/LF_UK/Zahumensky/25_doc_Zahumensky_zivotopis.pdf,,,,,,,,,,,,,
Martin,Zachar,Martin Zachar,NIE,,,TUZVO,SR,,,,https://scholar.google.com/citations?hl=en&user=aRE3lwIAAAAJ,10,,,,,,,,,,,,,,,,
Peter,Zajác,Peter Zajác,NIE,,,Uniag,SR,,,,https://scholar.google.sk/citations?user=sz1QhB0AAAAJ&hl=en,11,,,,,,,,,,,,,,,,
Peter ,Zámborský,Peter Zámborský,NIE,,,U. of Auckland,Nový Zéland,,,,https://scholar.google.co.nz/citations?user=7nLYSgkAAAAJ&hl=en,10,,,,,,,,,,,,,,,,
Zdenko,Zápražný,Zdenko Zápražný,NIE,,,SAV,SR,,,,https://scholar.google.com/citations?user=CFDdVGgAAAAJ&hl=sk,9,,,,,,,,,,,,,,,,
Milan,Zvarík,Milan Zvarík,NIE,,,UK,SR,,,,https://scholar.google.cz/citations?user=gVL5tjUAAAAJ&hl=cs,9,,,,,,,,,,,,,,,,
Ján,Žilinský,Ján Žilinský,NIE,,,NY University,USA,"Politické vedy, ekonomika",https://zilinskyjan.github.io/,,https://scholar.google.com/citations?user=bHW37e4AAAAJ&hl=en,9,,,,,,,,,,,,,,,,
Viera,Žúborová,Viera Žúborová,NIE,,,BPI,SR,,,,https://scholar.google.com/citations?user=KPgANJsAAAAJ&hl=sk&oi=ao,8,,,,,,,,,,,,,,,,
,,,NIE,,,,,,,,,,,,,,,,,,,,,,,,,
,, ,NIE,,,,,,,,,8,,,,,,,,,,,,,,,,
Róbert,Babeľa,Róbert Babeľa,NIE,,,VŠ Sv. Alžbety,SR,,http://www.robertbabela.sk/,,https://scholar.google.sk/citations?user=iuJISKcAAAAJ&hl=sk,9,,,,,,,,,,,,,,,,
Jana,Babjaková,Jana Babjaková,NIE,,,UK,SR,,,,https://scholar.google.com/citations?user=Xb34nasAAAAJ&hl=sk&oi=sra,8,,,,,,,,,,,,,,,,
Ladislav ,Bakay,Ladislav Bakay,NIE,,,Uniag,SR,,,,https://scholar.google.com/citations?user=2GI9TBEAAAAJ&hl=en&oi=sra,10,,,,,,,,,,,,,,,,
Michal,Baláž,Michal Baláž,NIE,,,KU,SR,,,,https://scholar.google.sk/citations?user=1O3aBbsAAAAJ&hl=sk,9,,,,,,,,,,,,,,,,
Michaela,Balážiková,Michaela Balážiková,NIE,,,TUKE,SR,,,,https://scholar.google.com/citations?user=L-hNmEMAAAAJ&hl=sk&oi=ao,8,,,,,,,,,,,,,,,,
Monika,Balogová,Monika Balogová,NIE,,,UPJŠ,SR,,,,https://scholar.google.com/citations?user=40hl6EEAAAAJ&hl=sk&oi=ao,8,,,,,,,,,,,,,,,,
Luboš,Bauer,Luboš Bauer,NIE,,,Usherbrooke,Kanada,,,,https://scholar.google.co.th/citations?hl=en&user=sYwXNR4AAAAJ,8,,,,,,,,,,,,,,,,
Anton,Beláň,Anton Beláň,NIE,,,STU,SR,,,,https://scholar.google.com/citations?user=_PaRa3AAAAAJ&hl=sk&oi=sra,9,,,,,,,,,,,,,,,,
Pavel,Beňo,Pavel Beňo,NIE,,,TUZVO,SR,,,,https://scholar.google.com/citations?hl=en&user=UyLDF6IAAAAJ,9,,,,,,,,,,,,,,,,
Víťazoslav,Belan,Vťazoslav Belan,NIE,,,UK,SR,,,,https://scholar.google.com/citations?user=ilBzKfcAAAAJ&hl=sk&oi=sra,10,,,,,,,,,,,,,,,,
Viktor,Bielik,Viktor Bielik,NIE,,,UK,SR,,,,https://scholar.google.com/citations?user=1WrnMj0AAAAJ&hl=en,8,,,,,,,,,,,,,,,,
Petra,Bonová,Petra Bonová,NIE,,,SAV,SR,neurodegeneration,,,https://scholar.google.com/citations?user=nj0avsYAAAAJ&hl=sk&oi=sra,8,,,,,,,,,,,,,,,,
Katarína,Borovičková,Katarína Borovičková,NIE,,,NYU,USA,,,,https://scholar.google.sk/citations?user=hLUv30kAAAAJ&hl=en&oi=ao,8,,,,,,,,,,,,,,,,
Yvonne,Brodrechtová,Yvonne Brodrechtová,NIE,,,TUZVO,SR,,,,https://scholar.google.com/citations?hl=en&user=UZC-wFkAAAAJ,9,,,,,,,,,,,,,,,,
Zuzana,Brokesová,Zuzana Brokesová,NIE,,,EU,SR,,,,https://scholar.google.com/citations?user=KKFwnfYAAAAJ&hl=en,8,,,,,,,,,,,,,,,,
Nikol,Bugárová,Nikol Bugárová,NIE,,,SAV,SR,,,,https://scholar.google.com/citations?user=JoIK7lAAAAAJ&hl=sk&oi=sra,9,,,,,,,,,,,,,,,,
Lukáš,Bujňák,Lukáš Bujňák,NIE,,,UVLF,SR,,,,https://scholar.google.com/citations?user=x8ZUy54AAAAJ&hl=en&oi=sra,8,,,,,,,,,,,,,,,,
Juraj,Buzalka,Juraj Buzalka,NIE,,,UK,SR,,,,https://scholar.google.com/citations?user=EVOlMTUAAAAJ&hl=sk&oi=ao,9,,,,,,,,,,,,,,,,
Ján,Cigánek,Ján Cigánek,NIE,,,STU,SR,,,,https://scholar.google.com/citations?user=lgIB778AAAAJ&hl=sk&oi=sra,8,,,,,,,,,,,,,,,,
Peter,Csiba,Peter Csiba,NIE,,,SelyeUni,SR,,,,https://scholar.google.com/citations?user=_Ov71NQAAAAJ&hl=sk&oi=ao,8,,,,,,,,,,,,,,,,
Daniela,Danáčová,Daniela Danáčová,NIE,,,STU,SR,,,,https://scholar.google.com/citations?user=VfMhNkEAAAAJ&hl=en&oi=sra,8,,,,,,,,,,,,,,,,
Tomáš,Dudáš,Tomáš Dudáš,NIE,,,Paneurouni,SR,World economy,,,https://scholar.google.sk/citations?user=gB8f3h8AAAAJ&hl=en,8,,,,,,,,,,,,,,,,
Erik,Dosedla,Erik Dosedla,NIE,,,UPJŠ,SR,,,,https://scholar.google.sk/citations?user=0LBSFNwAAAAJ&hl=sk,8,,,,,,,,,,,,,,,,
Jozef,Dragasek,Jozef Dragasek,NIE,,,UPJŠ,SR,,,,https://scholar.google.com/citations?user=nz3Tn5QAAAAJ&hl=sk&oi=sra,10,,,,,,,,,,,,,,,,
Martin,Duľa,Martin Duľa,NIE,,,MendelU,ČR,,,,https://scholar.google.com/citations?user=-xsZHrcAAAAJ&hl=en&oi=ao,9,,,,,,,,,,,,,,,,
Tomáš,Fazekaš,Tomáš Fazekaš,NIE,,,UK,SR,,,,https://scholar.google.com/citations?user=W-KbGRkAAAAJ&hl=sk&oi=sra,8,,,,,,,,,,,,,,,,
Martin,Ferianc,Martin Ferianc,NIE,,,UCL,Veľká Británia,,,,https://scholar.google.com/citations?user=itcRKZQAAAAJ&hl=en,10,,,,,,,,,,,,,,,,
Andrej,Ferko,Andrej Ferko,NIE,,,UK,SR,,,,https://scholar.google.co.uk/citations?user=_t9f7QEAAAAJ&hl=en,8,,,,,,,,,,,,,,,,
Helena,Fidlerová,Helena Fidlerová,NIE,,,STU,SR,,,,https://scholar.google.sk/citations?user=WmaApjwAAAAJ&hl=en,8,,,,,,,,,,,,,,,,
Katarína,Furmanová,Katarína Furmanová,NIE,,,MUNI,ČR,,,,https://scholar.google.cz/citations?hl=en&user=yyrzzwoAAAAJ,8,,,,,,,,,,,,,,,,
Lukáš,Gál,Lukáš Gál,NIE,,,STU,SR,,,,https://scholar.google.sk/citations?user=px-oeuAAAAAJ&hl=en,8,,,,,,,,,,,,,,,,
Ladislav ,Galdun,Ladislav  Galdun,NIE,,,UPJŠ,SR,,,,https://scholar.google.com/citations?user=E9Cbx0AAAAAJ&hl=sk,9,,,,Abs UPJŠ,,,,,,,,,,,,
Petra,Galuščáková,Petra Galuščáková,NIE,,,U. Grenoble Alpes,Francúzsko,Information RetrievalMultimedia Retrieval,https://galuscakova.github.io/,,https://scholar.google.com/citations?user=uyUMxHYAAAAJ&hl=sk&oi=ao,9,,,https://www.linkedin.com/in/galuscakova/?original_referer=https%3A%2F%2Fwww%2Egoogle%2Ecom%2F&originalSubdomain=cz,,,,,,,,,,,,,
Tomáš,Gergeľ,Tomáš Gergeľ,NIE,,,,SR,,,,https://scholar.google.com/citations?user=yW3p6mgAAAAJ&hl=sk&oi=sra,9,,,,,,,,,,,,,,,,
Renáta,Gregová,Renáta Gregová,NIE,,,UPJŠ,SR,,,,https://scholar.google.com/citations?user=TKK_nHEAAAAJ&hl=sk&oi=ao,8,,,,,,,,,,,,,,,,
Martina,Hančová,Martina Hančová,NIE,,,UPJŠ,SR,matematika,,,https://scholar.google.com/citations?user=8mcz4XwAAAAJ&hl=en&oi=sra,8,,,,,,,,,,,,,,,,
René,Harťanský,René Harťanský,NIE,,,STU,SR,,,,https://scholar.google.com/citations?user=MZt317UAAAAJ&hl=en&oi=sra,8,,,,,,,,,,,,,,,,
Katarína,Hazuchová,Katarína Hazuchová,NIE,,,Justus Liebig,Nemecko,,,,https://scholar.google.com/citations?user=NH5F0AgAAAAJ&hl=sk&oi=ao,9,,,,,,,,,,,,,,,,
Marek,Hlaváč,Marek Hlaváč,NIE,,,CELSI,SR,,,,https://scholar.google.com/citations?user=jRCc4kMAAAAJ&hl=en,8,,,https://sites.google.com/site/marekhlavac/,,,,,,,,,,,,,
Oľga,Holá,Oľga Holá,NIE,,,STU,SR,,,,https://scholar.google.com/citations?user=Jl3Tfl4AAAAJ&hl=sk&oi=sra,8,,,,,,,,,,,,,,,,
Juraj,Holaza,Juraj Holaza,NIE,,,STU,SR,,,,https://scholar.google.com/citations?user=4jLpbjgAAAAJ&hl=sk&oi=sra,9,,,,,,,,,,,,,,,,
Jozef,Hrbček,Jozef Hrbček,NIE,,,UNIZA,SR,,,,https://scholar.google.com/citations?user=TWyBO-AAAAAJ&hl=sk&oi=sra,8,,,,,,,,,,,,,,,,
Matúš,Hrivnák,Matúš Hrivnák,NIE,,,TUZVO,SR,,,,https://scholar.google.com/citations?user=OpBBe7cAAAAJ&hl=sk&oi=ao,9,,,,,,,,,,,,,,,,
Ľuboš,Hrivniak,Ľuboš Hrivniak,NIE,,,AV ČR,ČR,,,,https://scholar.google.com/citations?user=wShsHYEAAAAJ&hl=sk,8,,,,,,,,,,,,,,,,
Marián,Hruboš,Marián Hruboš,NIE,,,UNIZA,SR,,,,https://scholar.google.com/citations?user=RIzkrE4AAAAJ&hl=sk&oi=sra,8,,,,,,,,,,,,,,,,
Tomáš,Hrustič,Tomáš Hrustič,NIE,,,SAV,SR,,,,https://scholar.google.com/citations?user=tlQXxhkAAAAJ&hl=en,9,,,,,,,,,,,,,,,,
Ladislav,Hudec,Ladislav Hudec,NIE,,,STU,SR,,,,https://scholar.google.com/citations?hl=en&user=b0yBZ2oAAAAJ,10,,,,,,,,,,,,,,,,
Eva,Hybenová,Eva Hybenová,NIE,,,STU,SR,,,,https://scholar.google.com/citations?user=hdaLwcIAAAAJ&hl=sk&oi=sra,8,,,,,,,,,,,,,,,,
Ľuboš,Chovanec,Ľuboš Chovanec,NIE,,,STU,SR,,,,https://scholar.google.com/citations?user=jagQpdoAAAAJ&hl=sk&oi=sra,8,,,,,,,,,,,,,,,,
Adrian,Ilka,Adrian Ilka,NIE,,,STU,SR,,,,https://scholar.google.com/citations?hl=en&user=HUvo3VwAAAAJ,9,,,,,,,,,,,,,,,,
Marius,Kadek,Marius Kadek,NIE,,,U.of Tromso,Nórsko,,http://www.respectprogram.org/mariuskadek.html,,https://scholar.google.no/citations?user=5BmKNMkAAAAJ&hl=en&oi=ao,9,,,,,,,,,,,,,,,,
Daniel,Kalús,Daniel Kalús,NIE,,,STU,SR,,,,https://scholar.google.com/citations?user=NGNuJJkAAAAJ&hl=sk&oi=sra,8,,,,,,,,,,,,,,,,
Zuzana,Kapsdorferová,Zuzana Kapsdorferová,NIE,,,UNIAG,SR,,,,https://scholar.google.com/citations?user=ruFfK8MAAAAJ&hl=sk&oi=sra,8,,,,,,,,,,,,,,,,
Miroslav,Kardoš,Miroslav Kardoš,NIE,,,TUZVO,SR,,,,https://scholar.google.com/citations?user=SwHQ6CEAAAAJ&hl=sk&oi=sra,9,,,,,,,,,,,,,,,,
Tomáš,Kasanický,Tomáš Kasanický,NIE,,,SAV,SR,,,,https://scholar.google.com/citations?user=Th2EHVoAAAAJ&hl=sk&oi=sra,8,,,,,,,,,,,,,,,,
Jakub,Kaščak,Jakub Kaščak,NIE,,,TUKE,SR, ,,,https://scholar.google.com/citations?user=QSfcLPgAAAAJ&hl=sk&oi=sra,9,,,,,,,,,,,,,,,,
Peter ,Katuščák,Peter  Katuščák,NIE,,,CELSI+...,SR,,https://sites.google.com/view/peterkatuscak,,https://scholar.google.cz/citations?user=owjprqsAAAAJ&hl=en,7,,,https://de.linkedin.com/in/peter-katuscak-31b1444?trk=people-guest_people_search-card,https://www.celsi.sk/sk/ludia/detail/87/peter-katuscak/,,,,,,,,,,,,
Marián,Kireš,Marián Kireš,NIE,,,UPJŠ,SR,,,,https://scholar.google.sk/citations?hl=en&user=znUuOawAAAAJ,10,,,,,,,,,,,,,,,,
Radka,Klepochová,Radka Klepochová,NIE,,,Meduniwien,Rakúsko,,,,https://scholar.google.com/citations?user=xCvLEsQAAAAJ&hl=sk&oi=sra,10,,,,,,,,,,,,,,,,
Michal,Kohút,Michal Kohút,NIE,,,TRUNI,SR,,,,https://scholar.google.sk/citations?user=uBCtHX8AAAAJ&hl=sk,9,,,,,,,,,,,,,,,,
Lukáš,Kohútka,Lukáš Kohútka,NIE,,,STU,SR,,,,https://scholar.google.com/citations?hl=en&user=SUzn_t0AAAAJ,9,,,,,,,,,,,,,,,,
Jozef,Kollár,Jozef Kollár,NIE,,,UK,SR,,,,https://scholar.google.com/citations?user=lNCQYQIAAAAJ&hl=en,8,,,,,,,,,,,,,,,,
Richard,Kollár,Richard Kollár,NIE,,,UK,SR,apl. matematika,,,https://scholar.google.com/citations?user=lNCQYQIAAAAJ&hl=en,8,,,,,,,,,,,,,,,,
Alena,Koščálová,Alena Koščálová,NIE,,,SZU,SR,infektológia a tropické choroby,,,https://scholar.google.com/citations?user=LUbO9IEAAAAJ&hl=sk&oi=sra,8,,,,,,,,,,,,,,,,
Marián,Kotrla,Marián Kotrla,NIE,,,Uniag,SR,,,,https://scholar.google.com/citations?user=nL7oKhIAAAAJ&hl=en&oi=ao,9,,,,,,,,,,,,,,,,
Martin,Kováč,Martin Kováč,NIE,,,STU,SR,,,,https://scholar.google.com/citations?user=dlNPzKoAAAAJ&hl=sk&oi=ao,8,,,,,,,,,,,,,,,,
Samuel,Kováčik,Samuel Kováčik,NIE,,,Dublin Institute for Advanced Studies,Írsko,Fyzika,,,https://scholar.google.ca/citations?user=S9jCEnwAAAAJ&hl=en,9,,,,,,,,,,,,,,,,
Ján,Kráľ jr.,Ján Kráľ jr.,NIE,,,TUKE,SR,,,,https://scholar.google.sk/citations?user=8cyZccoAAAAJ&hl=sk,8,,,,,,,,,,,,,,,,
Viera,Kubičková,Viera Kubičková,NIE,,,EU,SR,,,,https://scholar.google.sk/citations?user=kwmFd1cAAAAJ&hl=sk,9,,,,,,,,,,,,,,,,
Ľubomír,Kubík,Ľubomír Kubík,NIE,,,UNIAG,SR,,,,https://scholar.google.com/citations?user=P1oIpdkAAAAJ&hl=sk&oi=sra,8,,,,,,,,,,,,,,,,
Zuzana ,Kubincová,Zuzana  Kubincová,NIE,,,UK,SR,,,,https://scholar.google.sk/citations?user=ltDIXPIAAAAJ&hl=en,9,,,,,,,,,,,,,,,,
Peter,Kučera,Peter Kučera,NIE,,,UK,SR,,,,https://scholar.google.com/citations?user=vPY3cs4AAAAJ&hl=sk&oi=sra,9,,,,,,,,,,,,,,,,
Vincent,Kvočák,Vincent Kvočák,NIE,,,TUKE,SR,,,,https://scholar.google.sk/citations?user=PJJu150AAAAJ&hl=en,7,,,,,,,,,,,,,,,,
Naďa,Labajová-Pavlendová,Naďa Labajová-Pavlendová,NIE,,,SAV,SR,,,,https://scholar.google.com/citations?user=cVxW5E8AAAAJ&hl=en,8,,,,,,,,,,,,,,,,
Peter,Labák,Peter Labák,NIE,,,CTBTO,,,,,https://scholar.google.com/citations?user=XDTzShAAAAAJ&hl=sk&oi=ao,8,,,,,,,,,,,,,,,,
Fedor,Lehocki,Fedor Lehocki,NIE,Instituto Tecnologico y de Estudios Superiores de Monterrey,,STU,SR,,,,https://scholar.google.com/citations?hl=en&user=XSEaDt8AAAAJ,9,,,,,,,,,,,,,,,,
Vincent,Lučanský,Vincent Lučanský,NIE,,,UK,SR,,,,https://scholar.google.com/citations?user=hRrXYFMAAAAJ&hl=sk&oi=ao,9,,,,,,,,,,,,,,,,
Dagmar,Magurová,Dagmar Magurová,NIE,,,Unipo,SR,,,,https://scholar.google.com/citations?user=8JDLyoYAAAAJ&hl=en,9,,,,,,,,,,,,,,,,
Maria,Markovsova,Maria Markosova,NIE,,,UK,SR,,,,https://scholar.google.com/citations?user=27_sMo4AAAAJ&hl=sk&oi=ao,8,,,,,,,,,,,,,,,,
Lenka,Markovičová,Lenka Markovičová,NIE,,,UNIZA,SR,,,,https://scholar.google.com/citations?user=VvnhZEgAAAAJ&hl=sk&oi=sra,9,,,,,,,,,,,,,,,,
Hana,Maťová,Hana Maťová,NIE,,,TUZVO,SR,,,,https://scholar.google.com/citations?hl=en&user=5isX5oMAAAAJ,8,,,,,,,,,,,,,,,,
Igor,Melicherčík,Igor Melicherčík,NIE,,,UK,SR,,,,https://scholar.google.com/citations?user=V9GxUWsAAAAJ&hl=sk&oi=sra,8,,,,,,,,,,,,,,,,
Ján ,Mihalik,Ján  Mihalik,NIE,,,U.of Lisboa,Portugalsko,,,,https://scholar.google.com/citations?user=_MQJAW4AAAAJ&hl=sk,8,,,,,,,,,,,,,,,,
Martin ,Michalík,Martin Michalík,NIE,,,STU,SR,,,,https://scholar.google.com/citations?user=nTsZdGsAAAAJ&hl=sk&oi=sra,7,,,,,,,,,,,,,,,,
Alžbeta,Michalíková,Alžbeta Michalíková,NIE,,,UMB,SR,,,,https://scholar.google.com/citations?hl=sk&user=DrCvDcsAAAAJ,8,,,,,,,,,,,,,,,,
Lenka,Minarikova,Lenka Minarikova,NIE,,,Meduniwien,Rakúsko,,,,https://scholar.google.com/citations?user=sQc4sNgAAAAJ&hl=sk&oi=ao,9,,,https://www.linkedin.com/in/lenka-minarikova-08141549/,,,,,,,,,,,,,
Martin,Miškuf,Martin Miškuf,NIE,,,TUKE,SR,,,,https://scholar.google.com/citations?user=rWhgmHUAAAAJ&hl=sk&oi=sra,8,,,,,,,,,,,,,,,,
Juraj,Mišún,Juraj Mišún,NIE,,,EU,SR,,,,https://scholar.google.com/citations?user=Ht8ifLYAAAAJ&hl=sk,9,,,,,,,,,,,,,,,,
Erika,Moravčíková,Erika Moravčíková,NIE,,,U. of Pittsburgh,USA,,,,https://scholar.google.com/citations?hl=sk&user=GgpnmrkAAAAJ,8,,,,,,,,,,,,,,,,
Paulína,Nalevanková,Paulína Nalevanková,NIE,,,TUZVO,SR,,,,https://scholar.google.com/citations?hl=en&user=nxtoy5cAAAAJ,8,,,,,,,,,,,,,,,,
Ivana,Nemcovičová,Ivana Nemcovičová,ANO,,,SAV,SR,,, ,https://scholar.google.sk/citations?hl=en&user=1UdUNGIAAAAJ,8,,,,,,,,,,,,,,,,
Michal,Oravec,Michal Oravec,NIE,,,STU,SR,,,,https://scholar.google.com/citations?user=rIvvtJsAAAAJ&hl=en,9,,,,,,,,,,,,,,,,
Agneša,Páleníková Szarka,Agneša Páleníková Szarka,NIE,,,STU,SR,,,,https://scholar.google.com/citations?hl=en&user=_iOcLKoAAAAJ,9,,,,,,,,,,,,,,,,
Iveta,Paulová,Iveta Paulová,NIE,,,STU,SR,,,,https://scholar.google.sk/citations?user=wR1KV-oAAAAJ&hl=en,9,,,,,,,,,,,,,,,,
Peter,Pažitný,Peter Pažitný,NIE,,,VŠE,ČR,,,,https://scholar.google.com/citations?user=COq3jSQAAAAJ&hl=sk&oi=sra,9,,,,,,,,,,,,,,,,
Ondrej,Pelech,Ondrej Pelech,NIE,,,ŠGÚDŠ,SR,,,,https://scholar.google.sk/citations?user=k7BPDDYAAAAJ&hl=sk,8,,,,,,,,,,,,,,,,
Magdaléna ,Pichlerová,Magdaléna  Pichlerová,NIE,,,TUZVO,SR,,,,https://scholar.google.com/citations?hl=en&user=raTUQqQAAAAJ,9,,,,,,,,,,,,,,,,
Ján,Pittner,Ján Pittner,NIE,,,TUZVO,SR,,,,https://scholar.google.com/citations?hl=en&user=PyRVsy8AAAAJ,9,,,,,,,,,,,,,,,,
Juraj,Podoba,Juraj Podoba,NIE,,,UK,SR,,,,https://scholar.google.com/citations?user=8jASn2UAAAAJ&hl=sk&oi=ao,8,,,,,,,,,,,,,,,,
Marian,Precner,Marian Precner,,,,SAV,SR,,,,https://scholar.google.com/citations?user=8E5JoI8AAAAJ&hl=en,8,,,,,,,,,,,,,,,,
Renata,Prokeinová,Renata Prokeinová,,,,SPU,SR,,,,https://scholar.google.com/citations?user=I_pKMssAAAAJ&hl=sk,8,,,,,,,,,,,,,,,,
Jana,Radošinská,Jana Radošinská,NIE,,,UCM,SR,,,,https://scholar.google.com/citations?user=m5Rsc9YAAAAJ&hl=sk&oi=sra,9,,,,,,,,,,,,,,,,
Ján,Rehák,Ján Rehák,NIE,,,UK,SR,,,,https://scholar.google.com/citations?user=459sj1oAAAAJ&hl=en,8,,,,,,,,,,,,,,,,
Andrea,Sadloňová,Andrea Sadloňová,NIE,,,Emory Univ.,USA,,,,https://scholar.google.com/citations?hl=en&user=lqcm-1QAAAAJ,8,,,,,,,,,,,,,,,,
Martin,Samohýl,Martin Samohýl,NIE,,,UK,SR,,,,https://scholar.google.com/citations?user=9XWCyioAAAAJ&hl=sk&oi=sra,8,,,,,,,,,,,,,,,,
Zuzana,Sasovova,Zuzana Sasovova,NIE,,,Vrije Uni Amsterdam,Holandsko,,,,https://scholar.google.co.th/citations?hl=en&user=YzmAV3oAAAAJ,8,,,,,,,,,,,,,,,,
Zuzana,Sekeráková Búriková,Zuzana Sekeráková Búriková,NIE,,,SAV,SR,,https://uesa.sav.sk/?q=sk/zuzana-sekerakova-burikova-mgr-phd-0,,https://scholar.google.com/citations?user=pVl_OGIAAAAJ&hl=cs,8,,,,,,,,,,,,,,,,
Martina,Sekulová,Martina Sekulová,NIE,,,SAV,SR,,,,https://scholar.google.com/citations?user=m8GTjXoAAAAJ&hl=sk&oi=sra,9,,,,,,,,,,,,,,,,
Csaba,Sidor,Csaba Sidor,NIE,,,TUKE,SR,,,,https://scholar.google.com/citations?user=y_nqjmUAAAAJ&hl=sk&oi=sra,8,,,,,,,,,,,,,,,,
Vladimír,Siladi,Vladimír Siladi,NIE,,,UMB,SR,,,,https://scholar.google.com/citations?hl=sk&user=pTbyrngAAAAJ,8,,,,,,,,,,,,,,,,
Alexandra,Sládková,Alexandra Sládková,NIE,,,STU,SR,,,,https://scholar.google.com/citations?user=ylu47fQAAAAJ&hl=sk&oi=ao,8,,,,,,,,,,,,,,,,
Branko,Slobodník,Branko Slobodník,NIE,,,TUZvo,SR,,,,https://scholar.google.sk/citations?user=ahRFNdIAAAAJ&hl=sk,8,,,,,,,,,,,,,,,,
Boris,Strečanský,Boris Strečanský,NIE,,,UK,SR,,,,https://scholar.google.sk/citations?user=GHBRBCMAAAAJ&hl=sk,8,,,,,,,,,,,,,,,,
Maximilián,Strémy,Maximilián Strémy,NIE,,,STU,SR,,,,https://scholar.google.com/citations?user=VwCKgUUAAAAJ&hl=en&oi=sra,8,,,,,,,,,,,,,,,,
Mária,Svoreňová,Mária Svoreňová,NIE,,,U. of Oxford,Veľká Británia,,,,https://scholar.google.com/citations?user=H04sIqYAAAAJ&hl=en&oi=sra,8,,,,,,,,,,,,,,,,
Peter,Sykora,Peter Sykora,NIE,,,UNIZA,SR,,,,https://scholar.google.com/citations?user=wMIQcPsAAAAJ&hl=en&oi=ao,8,,,,,,,,,,,,,,,,
Michal,Šajgalík,Michal Šajgalík,NIE,,,UNIZA,SR,,,,https://scholar.google.com/citations?user=CwLguQsAAAAJ&hl=sk&oi=sra,10,,,,,,,,,,,,,,,,
Miriam,Šebová,Miriam Šebová,NIE,,,TUKE,SR,,,,https://scholar.google.com/citations?user=Q_5kN3AAAAAJ&hl=sk&oi=sra,8,,,,,,,,,,,,,,,,
Ján,Šefránek,Ján Šefránek,NIE,,,UK,SR,,,,https://scholar.google.sk/citations?user=FtuWmoEAAAAJ&hl=sk,8,,,,,,,,,,,,,,,,
Oľga,Šestinová,Oľga Šestinová,NIE,,,SAV,SR,,,,https://scholar.google.com/citations?user=czZ3o2UAAAAJ&hl=sk,9,,,,,,,,,,,,,,,,
Juraj,Spalek,Juraj Spalek,NIE,,,Uniza,SR,,,,https://scholar.google.com/citations?user=kl8dpbQAAAAJ&hl=sk,8,,,,,,,,,,,,,,,,
Martina,Štěrbová,Martina Štěrbová,NIE,,,TUZVO,SR,,,,https://scholar.google.com/citations?hl=en&user=Hq5u3MQAAAAJ,9,,,,,,,,,,,,,,,,
Štefan,Šutý,Štefan Šutý,NIE,,,STU,SR,,,,https://scholar.google.com/citations?user=v1CxGjcAAAAJ&hl=en&oi=sra,8,,,,,,,,,,,,,,,,
Patrik,Švančara,Patrik Švančara,NIE,,,U.Nottingham,,,,,https://scholar.google.com/citations?user=djv1RecAAAAJ&hl=sk&oi=ao,8,,,,,,,,,,,,,,,,
Ivan,Takáč,Ivan Takáč,NIE,,,Uniag,SR,,,,https://scholar.google.com/citations?user=NY9uqzgAAAAJ&hl=sk&oi=ao,8,,,,,,,,,,,,,,,,
Martin,Takáč,Martin Takáč,NIE,,,UK,SR,,,,https://scholar.google.com/citations?user=FZkVHeMAAAAJ&hl=en,8,,,,,,,,,,,,,,,,
Matúš,Tomlein,Matúš Tomlein,NIE,,,Kinit,SR,,,,https://scholar.google.dk/citations?user=r1VDrPMAAAAJ&hl=en,10,,,,,,,,,,,,,,,,
Lenka,Toro,Lenka Toro,NIE,,,SAV,SR,,,,https://scholar.google.com/citations?user=vGkGj8IAAAAJ&hl=en,9,,,,,,,,,,,,,,,,
Jozef,Urbán,Jozef Urbán,NIE,,,STU,SR,,,,https://scholar.google.sk/citations?user=VrpiQ0AAAAAJ&hl=sk,8,,,,,,,,,,,,,,,,
Ľubica ,Urbániková,Ľubica  Urbániková,NIE,,,SAV,SR,,,,https://scholar.google.com/citations?user=XUM23gYAAAAJ&hl=sk,9,,,,,,,,,,,,,,,,
Daniela,Velichová,Daniela Velichová,NIE,,,STU,SR,,,,https://scholar.google.com/citations?hl=en&user=ShofElUAAAAJ,9,,,,,,,,,,,,,,,,
Ján,Veselý,Ján Veselý,NIE,,,Rutgers University,USA,,,,https://scholar.google.com/citations?hl=en&user=AQKMp0MAAAAJ,8,,,,,,,,,,,,,,,,
Robert,Vrabel,Robert Vrabel,NIE,,,STU,SR,,,,https://scholar.google.com/citations?hl=en&user=SFT7zsQAAAAJ,8,,,,,,,,,,,,,,,,
Ján,Zelenka,Ján Zelenka,NIE,,,SAV,SR,,,,https://scholar.google.com/citations?user=I74_5lwAAAAJ&hl=sk&oi=ao,8,,,,,,,,,,,,,,,,
,,,NIE,,,,,,,,,,,,,,,,,,,,,,,,,
 ,,  ,NIE,,,,,,,,,7,,,,,,,,,,,,,,,,
Katarína,Arias Kytnárová,Katarína Arias Kytnárová,NIE,,,Karlova Univerzita,ČR,Egyptológia,https://cegu.ff.cuni.cz/en/institute/staff/arias-kytnarova/,,https://scholar.google.com/citations?user=mKcIwj0AAAAJ&hl=cs,8,,,https://cegu.ff.cuni.cz/en/institute/staff/arias-kytnarova/,,,,,,,,,,,,,
Darina,Bačenková,Darina Bačenková,NIE,,,TUKE,SR,,,,https://scholar.google.sk/citations?user=TETqSd4AAAAJ&hl=sk,8,,,,,,,,,,,,,,,,
Peter ,Bačkor,Peter  Bačkor,NIE,,,Slovak Bat Conservation Society,SR,,,,https://scholar.google.com/citations?user=A3dSjQUAAAAJ&hl=cs,8,,,,,,,,,,,,,,,,
Viktória,Bajzecerová,Viktória Bajzecerová,NIE,,,TUKE,SR,timber structure,,,https://scholar.google.com/citations?user=wIYoggsAAAAJ&hl=sk&oi=sra,8,,,,,,,,,,,,,,,,
Miroslav,Balanda,Miroslav Balanda,NIE,,,TUZVO,SR,,,,https://scholar.google.com/citations?hl=en&user=yYOoLwEAAAAJ,7,,,,,,,,,,,,,,,,
Richard,Bednár,Richard Bednár,NIE,,,EU,SR,,,,https://scholar.google.com/citations?user=S7_Cmi0AAAAJ&hl=sk&oi=sra,8,,,,,,,,,,,,,,,,
Noemi,Beljak Pazinová,Noemi Beljak Pazinová,NIE,,,UKF,SR,,,,https://scholar.google.com/citations?user=IAzWMxsAAAAJ&hl=en&oi=sra,7,,,,,,,,,,,,,,,,
Peter ,Beňo,Peter Beňo,NIE,,,STU,SR,,,,https://scholar.google.com/citations?user=NLTekW0AAAAJ&hl=en,7,,,,,,,,,,,,,,,,
Martin,Bielik,Martin Bielik,NIE,,,Bauhausuiversität,Nemecko,,,,https://scholar.google.com/citations?user=nOn69c4AAAAJ&hl=sk&oi=ao,8,,,,,,,,,,,,,,,,
Ondrej,Blažo,Ondrej Blažo,NIE,,,UKF,SR,,,,https://scholar.google.com/citations?user=3f0EIegAAAAJ&hl=sk&oi=ao,7,,,,,,,,,,,,,,,,
Mária,Borsanyiová,Mária Borsanyiová,NIE,,,SZU,SR,,,,https://scholar.google.com/citations?user=LwFKcf0AAAAJ&hl=sk&oi=sra,7,,,,,,,,,,,,,,,,
Allan,Böhm,Allan Böhm,NIE,,,Premedix,SR,kardiológia,,,https://scholar.google.com/citations?user=oEobWa4AAAAJ&hl=en&oi=ao,7,,,,,,,,,,,,,,,,
Dominik,Breitenbacher,Dominik Breitenbacher,NIE,,,ESET,SR,,,,https://scholar.google.com/citations?user=DANZCcgAAAAJ&hl=fil,7,,,,,,,,,,,,,,,,
Ivan,Brezina,Ivan Brezina,NIE,,,SAV,SR,,,,https://scholar.google.com/citations?user=rXl_nCsAAAAJ&hl=sk,7,,,,,,,,,,,,,,,,
Alžbeta,Brozmanová Gregorová,Alžbeta Brozmanová Gregorová,NIE,,,UMB,SR,,,,https://scholar.google.sk/citations?user=uDCngpIAAAAJ&hl=sk,9,,,,,,,,,,,,,,,,
Alena,Budinská,Alena Budinská,NIE,,,ETH,Švajčiarsko,,,,https://scholar.google.com/citations?user=X5vgQP4AAAAJ&hl=sk&oi=ao,7,,,,,,,,,,,,,,,,
Barbora,Budinská,Barbora Budinská,NIE,,,UniVien,Rakúsko,,,,https://scholar.google.com/citations?user=gPDIH2wAAAAJ&hl=sk&oi=ao,8,,,,,,,,,,,,,,,,
Roman,Bystrický,Roman Bystrický,NIE,,,UK,SR,,,,https://scholar.google.com/citations?hl=sk&user=-GFco90AAAAJ,8,,,,,,,,,,,,,,,,
Peter,Čajka,Peter Čajka,NIE,,,UMB,SR,,,,https://scholar.google.com/citations?user=dm2ZzFEAAAAJ&hl=sk,7,,,,,,,,,,,,,,,,
Slavomír,Čéplö,Slavomír Čéplö,NIE,,,Ruhr-Universität Bochum,SR,,,,https://scholar.google.com/citations?user=rBHRUzYAAAAJ&hl=en&oi=sra,7,,,,,,,,,,,,,,,,
Jakub,Čurpek,Jakub Čurpek,NIE,,,SAV,SR,,,,https://scholar.google.com/citations?user=Ypg6yRIAAAAJ&hl=sk&oi=sra,9,,,,,,,,,,,,,,,,
Dominika,Damborská Pihíková,Dominika Damborská Pihíková,NIE,,,SAV,SR,,,,https://scholar.google.sk/citations?user=lTPdJtsAAAAJ&hl=sk,7,,,,,,,,,,,,,,,,
Michal,Demetrian,Michal Demetrian,NIE,,,UK,SR,,,,https://scholar.google.sk/citations?user=GLHx74MAAAAJ&hl=en,7,,,,,,,,,,,,,,,,
Slávka,Démuthová,Slávka Démuthová,NIE,,,UCM,SR,,,,https://scholar.google.com/citations?user=FFAy9qUAAAAJ&hl=en&oi=sra,8,,,,,,,,,,,,,,,,
Františka,Dorčáková,Františka Dorčáková,NIE,,,SAV,SR,,,,https://scholar.google.sk/citations?user=be3pSagAAAAJ&hl=sk,7,,,,,,,,,,,,,,,,
Pavol,Ďurček,Pavol Ďurček,NIE,,,UK,SR,,,,https://scholar.google.com/citations?user=sjJnna8AAAAJ&hl=en&oi=sra,7,,,,,,,,,,,,,,,,
Martin,Ďuríček,Martin Ďuríček,NIE,,,UK,SR,,,,https://scholar.google.com/citations?user=zZ9yySsAAAAJ&hl=sk&oi=sra,7,,,,,,,,,,,,,,,,
Marián,Fecko,Marián Fecko,NIE,,,UK,SR,,,,https://scholar.google.com/citations?user=6jrqTUIAAAAJ&hl=en,7,,,,,,,,,,,,,,,,
Štefan,Ferenc,Štefan Ferenc,NIE,,,UMB,SR,,,,https://scholar.google.com/citations?user=WR_M6scAAAAJ&hl=sk&oi=sra,8,,,,,,,,,,,,,,,,
Milan,Ferenčík,Milan Ferenčík,NIE,,,Unipo,SR,,,,https://scholar.google.com/citations?user=Ydj96WwAAAAJ&hl=en,8,,,,,,,,,,,,,,,,
Katarína,Fichnová,Katarína Fichnová,NIE,,,UKF,SR,,,,https://scholar.google.com/citations?user=G6fUwE4AAAAJ&hl=sk&oi=sra,7,,,,,,,,,,,,,,,,
Marian,Gajdoš,Marian Gajdoš,NIE,,,SAV,SR,,,,https://scholar.google.com/citations?user=jSIGJTMAAAAJ&hl=en&oi=ao,7,,,,,,,,,,,,,,,,
Matej,Gazda,Matej Gazda,NIE,,,TUKE,SR,,,,https://scholar.google.com/citations?user=rNzWtVgAAAAJ&hl=sk&oi=ao,8,,,,,,,,,,,,,,,,
Pavel,Gertler,Pavel Gertler,NIE,,,NBS,SR,,,,https://scholar.google.com/citations?user=51cbt1UAAAAJ&hl=sk&oi=sra,8,,,,,,,,,,,,,,,,
Juraj,Glatz,Juraj Glatz,NIE,,,TUKE,SR,,,,https://scholar.google.sk/citations?user=O9MNCncAAAAJ&hl=sk,8,,,,,,,,,,,,,,,,
Barbora,Gontkovičová,Barbora Gontkovičová,NIE,,,EU,SR,,,,https://scholar.google.sk/citations?user=fTExy7YAAAAJ&hl=sk,8,,,,,,,,,,,,,,,,
Milan,Gomboš,Milan Gomboš,NIE,,,SAV,SR,,,,https://scholar.google.com/citations?user=tDBsotAAAAAJ&hl=sk&oi=sra,8,,,,,,,,,,,,,,,,
Gabriela,Gregová,Gabriela Gregová,NIE,,,UVLF,SR,,,,https://scholar.google.com/citations?user=Hj7sNNcAAAAJ&hl=en&oi=sra,9,,,,,,,,,,,,,,,,
Henrich,Grežo,Henrih Grežo,NIE,,,UKF,SR,,,,https://scholar.google.com/citations?user=o3fLeswAAAAJ&hl=sk&oi=ao,7,,,,,,,,,,,,,,,,
Matúš,Grežo,Matúš Grežo,NIE,,,SAV,SR,,,,https://scholar.google.com/citations?user=Ynbszi4AAAAJ&hl=sk&oi=ao,7,,,,,,,,,,,,,,,,
Jana,Halušková,Jana Halušková,NIE,,,UVLF,SR,,,,https://scholar.google.com/citations?user=43ZK7EoAAAAJ&hl=sk,8,,,,,,,,,,,,,,,,
Jozef,Hančuľák,Jozef Hančuľák,NIE,,,SAV,SR,,,,https://scholar.google.com/citations?user=LMZADMoAAAAJ&hl=sk,7,,,,,,,,,,,,,,,,
Martin,Hanko,Martin Hanko,NIE,,,Nem. Bory,SR,,,,https://scholar.google.com/citations?user=eqCtiTQAAAAJ&hl=sk&oi=ao,7,,,,,,,,,,,,,,,,
Ondrej,Hanušovský,Ondrej Hanušovský,NIE,,,Uniag,SR,,,,https://scholar.google.com/citations?user=tKr-phcAAAAJ&hl=en&oi=sra,8,,,,,,,,,,,,,,,,
Mária,Heželová,Mária Heželová,NIE,,,UPJŠ?,SR,,,,https://scholar.google.com/citations?user=YXUuhc0AAAAJ&hl=en,7,,,,,,,,,,,,,,,,
Pavol,Hlaváč,Pavol Hlaváč,NIE,,,TUZVO,SR,,,,https://scholar.google.com/citations?hl=en&user=XcmJ36IAAAAJ,8,,,,,,,,,,,,,,,,
Ján,Holécy,Ján Holécy,NIE,,,TUZVO,SR,,,,https://scholar.google.com/citations?user=RkZYrEMAAAAJ&hl=sk&oi=ao,8,,,,,,,,,,,,,,,,
Ján,Hreňo,Ján Hreňo,NIE,,,TUKE,SR,,,,https://scholar.google.com/citations?user=VPV2Y48AAAAJ&hl=sk&oi=sra,7,,,,,,,,,,,,,,,,
Dušan,Húska,Dušan Húska,NIE,,,Uniag,SR,,,,https://scholar.google.com/citations?user=IMIF0s8AAAAJ&hl=en,7,,,,,,,,,,,,,,,,
Katarína,Chovancová,Katarína Chovancová,NIE,,,UMB,SR,,,,https://scholar.google.com/citations?hl=sk&user=FKUKHjQAAAAJ,7,,,,,,,,,,,,,,,,
Peter ,Chudý,Peter Chudý,NIE,,,KNsP Čadca,SR,,,,https://scholar.google.sk/citations?user=hT7GE3IAAAAJ&hl=sk,8,,,,,,,,,,,,,,,,
Branislav,Hučko,Branislav Hučko,NIE,,,STU,SR,,,,https://scholar.google.com/citations?user=HD4ql3kAAAAJ&hl=sk&oi=sra,6,,,,,,,,,,,,,,,,
Juraj,Hotový,Juraj Hotový,NIE,,,STU,SR,,,,https://scholar.google.com/citations?user=VI5H5gsAAAAJ&hl=en,7,,,,,,,,,,,,,,,,
Béla,Istók,Béla Istók,NIE,,,SelyeUni,SR,,,,https://scholar.google.com/citations?user=i3XsXGwAAAAJ&hl=sk&oi=ao,7,,,,,,,,,,,,,,,,
Jana,Jacková,Jana Jacková,NIE,,,UMB,SR,,,,https://scholar.google.com/citations?hl=sk&user=KOtG0_QAAAAJ,7,,,,,,,,,,,,,,,,
Jana,Janková,Jana Janková,NIE,,,U. of Cambridge,Veľká Británia,,https://ieeexplore.ieee.org/author/37088807286,,https://scholar.google.sk/citations?user=TgrQxdsAAAAJ&hl=sk,7,,,,,,,,,,,,,,,,
Ľuboš,Jurík,Ľuboš Jurík,NIE,,,Uniag,SR,,,,https://scholar.google.sk/citations?user=5pExqyAAAAAJ&hl=sk,8,,,,,,,,,,,,,,,,
Peter ,Jusko,Peter  Jusko,NIE,,,UMB,SR,,,,https://scholar.google.sk/citations?user=9c8UDCEAAAAJ&hl=sk,7,,,,,,,,,,,,,,,,
Michal,Kaliňák,Michal Kaliňák,NIE,,,STU,SR,,,,https://scholar.google.com/citations?hl=en&user=ZEFzO94AAAAJ,7,,,,,,,,,,,,,,,,
Attila,Kárdos,Attila Kárdos,NIE,,,SelyeUni,SR,,,,https://scholar.google.com/citations?user=9S0IkxEAAAAJ&hl=sk&oi=ao,8,,,,,,,,,,,,,,,,
Cyril,Klement,Cyril Klement,NIE,,,VZBB,SR,,,,https://scholar.google.com/citations?user=a1QNMOIAAAAJ&hl=sk&oi=sra,8,,,,,,,,,,,,,,,,
Tomáš,Kocák,Tomáš Kocák,NIE,,,Unipotsdam,Nemecko,,,,https://scholar.google.com/citations?user=2FaMLggAAAAJ&hl=sk&oi=sra,8,,,https://www.linkedin.com/in/tom%C3%A1%C5%A1-koc%C3%A1k-73a65315a/,,,,,,,,,,,,,
Lukáš,Konečný,Lukáš Konečný,NIE,,,U.of Tromso,Nórsko,,http://www.respectprogram.org/lukaskonecny.html,,https://scholar.google.com/citations?hl=sk&user=sxKTPdQAAAAJ,8,,,https://slavcon.sk/sk/profil/lukas-vedatorsk-konecny,file:///home/jana/Downloads/Konecny_Lukas-cv.pdf,,,,,,,,,,,,
Alena,Koščálová,Alena Koščálová,NIE,,,SZU,SR,,,,https://scholar.google.com/citations?user=LUbO9IEAAAAJ&hl=sk&oi=sra,8,,,,,,,,,,,,,,,,
Peter,Kováč,Peter Kováč,NIE,,,Forensic.sk,SR,,,,https://scholar.google.com/citations?user=RbrYwNUAAAAJ&hl=sk&oi=ao,8,,,,,,,,,,,,,,,,
Zuzana,Kovaľová,Zuzana Kovaľová,NIE,,,AV ČR,ČR,,,,https://scholar.google.sk/citations?user=FCCiKO0AAAAJ&hl=sk,7,,,,,,,,,,,,,,,,
Miroslav,Kollár,Miroslav Kollár,NIE,,,,,,,,https://scholar.google.com/citations?user=aqh0mpsAAAAJ&hl=sk,8,,,,,,,,,,,,,,,,
Mojmír,Kollar,Mojmír Kollar,NIE,,,STU,SR,,,,https://scholar.google.com/citations?hl=en&user=lLnDUTgAAAAJ,7,,,,,,,,,,,,,,,,
Miloslav,Kopecký,Miloslav Kopecký,NIE,,,STU,SR,,,,https://scholar.google.com/citations?user=7k33gv4AAAAJ&hl=sk&oi=sra,7,,,,,,,,,,,,,,,,
Eniko,Korcsmáros,Eniko Korcsmáros,NIE,,,SelyeUni,SR,,,,https://scholar.google.com/citations?user=o-HHLQIAAAAJ&hl=sk&oi=ao,9,,,,,,,,,,,,,,,,
Barbora,Kováčová,Barbora Kováčová,NIE,,,KU,SR,,,,https://scholar.google.sk/citations?user=U-bOqpQAAAAJ&hl=sk,8,,,,,,,,,,,,,,,,
Marek,Krehel,Marek Krehel,NIE,,,Hochschule Luzern,Švajčiarsko,,,,https://scholar.google.com/citations?user=KYEVJ20AAAAJ&hl=sk&oi=sra,7,,,,,,,,,,,,,,,,
Alexander,Krok,Alexander Krok,NIE,,,,,,,,https://scholar.google.com/citations?user=11AqjY8AAAAJ&hl=en&oi=sra,7,,,,,,,,,,,,,,,,
Dagmar,Kusendová,Dagmar Kusendová,NIE,,,UK,SR,,,,https://scholar.google.com/citations?user=s7rYKS8AAAAJ&hl=th,8,,,,,,,,,,,,,,,,
Alexander,Lačný,Alexander Lačný,NIE,,,UK,SR,,,,https://scholar.google.com/citations?user=R5NMFJ0AAAAJ&hl=sk&oi=sra,7,,,,,,,,,,,,,,,,
Roman,Leskovský,Roman Leskovský,NIE,,,STU,SR,,,,https://scholar.google.com/citations?user=i8ORRnUAAAAJ&hl=sk&oi=sra,7,,,,,,,,,,,,,,,,
Jakub,Luley,Jakub Luley,NIE,,,STU,SR,,,,https://scholar.google.com/citations?user=VJynXqAAAAAJ&hl=sk&oi=sra,7,,,,,,,,,,,,,,,,
Eva,Malichová,Eva Malichová,NIE,,,UNIZA,SR,,,,https://scholar.google.com/citations?user=0D13sDIAAAAJ&hl=sk&oi=sra,7,,,,,,,,,,,,,,,,
Dominika,Maníková,Dominika Maníková,NIE,,,SAV,SR,,,,https://scholar.google.sk/citations?hl=en&user=l8UXawgAAAAJ,7,,,,,,,,,,,,,,,,
Peter,Maňo,Peter Maňo,NIE,,,SAV,SR,,,,https://scholar.google.com/citations?user=JTR8kkEAAAAJ&hl=en&oi=ao,7,,,,,,,,,,,,,,,,
Peter ,Maličký,Peter Maličký,NIE,,,UMB,SR,,,,https://scholar.google.com/citations?hl=sk&user=Sxy3C9IAAAAJ,7,,,,,,,,,,,,,,,,
Dominika,Maniková,Dominika Maniková,NIE,,,SAV,SR,,,,https://scholar.google.com/citations?user=l8UXawgAAAAJ&hl=sk&oi=sra,7,,,,,,,,,,,,,,,,
Marián,Marčiš,Marián Marčiš,NIE,,,STU,SR,,,,https://scholar.google.com/citations?user=mwf66eUAAAAJ&hl=sk&oi=sra,8,,,,,,,,,,,,,,,,
Ľubomír,Martinovič,Ľubomír Martinovič,NIE,,,SAV,SR,quantum field theoryelementary particle physicshigh energy physics,,,https://scholar.google.com/citations?user=4HsiPFIAAAAJ&hl=sk&oi=ao,7,,,,,,,,,,,,,,,,
Pavol,Matlovič,Pavol Matlovič,NIE,,,UK,SR,,,,https://scholar.google.cz/citations?user=BmmckP8AAAAJ&hl=cs,8,,,,,,,,,,,,,,,,
Danica,Michaličková,Danica Michaličková,NIE,,,Karlova univ.,ČR,,,,https://scholar.google.cz/citations?user=Xl3UZgIAAAAJ&hl=en&oi=ao,8,,,,,,,,,,,,,,,,
Andrej,Mojzeš,Andrej Mojzeš,NIE,,,UK,SR,,,,https://scholar.google.com/citations?user=Ze3Pl_EAAAAJ&hl=sk&oi=ao,7,,,,,,,,,,,,,,,,
Katarína,Moravčíková (Karasová),Katarína Moravčíková (Karasová),NIE,,,SAV,SR,,,,https://scholar.google.com/citations?user=eC6s-3gAAAAJ&hl=sk,8,,,,,,,,,,,,,,,,
Pavol,Mošat,Pavol Mosat,NIE,,,GSI Darmstadt,Nemecko,,,,https://scholar.google.com/citations?user=zVHGoq4AAAAJ&hl=sk&oi=ao,8,,,,,,,,,,,,,,,,
Michaela,Mrkvová,Michaela Mrkvová,NIE,,,UCM,SR,,,,https://scholar.google.com/citations?user=2zGKbi0AAAAJ&hl=en&oi=sra,8,,,,,,,,,,,,,,,,
Roman,Nagy,Roman Nagy,NIE,,,UK,SR,,,,https://scholar.google.com/citations?user=peYtEk8AAAAJ&hl=sk&oi=ao,7,,,,,,,,,,,,,,,,
Gabriela,Nedelová,Gabriela Nedelová,NIE,,,UMB,SR,,,,https://scholar.google.com/citations?hl=sk&user=1P5ytGkAAAAJ,7,,,,,,,,,,,,,,,,
Miroslav,Nemčok,Miroslav Nemčok,NIE,,,U.of Oslo,Nórsko,Political Science,,,https://scholar.google.com/citations?user=y54Gyf8AAAAJ&hl=sk&oi=ao,9,,,,,,,,,,,,,,,,
Vladimír,Nemeček,Vladimír Nemeček,NIE,,,dravce.sk,SR,,,,https://scholar.google.com/citations?user=qfejfjgAAAAJ&hl=sk&oi=sra,7,,,,,,,,,,,,,,,,
Jana,Némethová,Jana Némethová,NIE,,,UKF,SR,,,,https://scholar.google.com/citations?user=W0fEBHcAAAAJ&hl=en&oi=sra,7,,,,,,,,,,,,,,,,
Renata,Novakova,Renata Novakova,NIE,,,UCM,SR,,,,https://scholar.google.com/citations?user=gcA3cxQAAAAJ&hl=sk&oi=sra,7,,,,,,,,,,,,,,,,
Martin,Ondrášik,Martin Ondrášik,NIE,,,STU,SR,,,,https://scholar.google.sk/citations?user=JHpJUKMAAAAJ&hl=en,7,,,,,,,,,,,,,,,,
Gabi,Ondrejková,Gabi Ondrejková,NIE,,,UPJŠ,SR,,,,https://scholar.google.sk/citations?hl=en&user=-wU5YK8AAAAJ,7,,,,,,,,,,,,,,,,
Zuzana,Pakanová,Zuzana Pakanová,NIE,,,SAV,SR,,,,https://scholar.google.com/citations?user=sXvu1A8AAAAJ&hl=sk&oi=sra,7,,,,,,,,,,,,,,,,
Viliam,Páleník,Viliam Páleník,NIE,,,SAV ,SR,,,,https://scholar.google.com/citations?user=c_ZIqIQAAAAJ&hl=sk&oi=ao,7,,,,,,,,,,,,,,,,
Žaneta,Pauková,Žaneta Pauková,NIE,,,Uniag,SR,,,,https://scholar.google.com/citations?user=WnvW3ksAAAAJ&hl=en&oi=ao,8,,,,,,,,,,,,,,,,
Soňa,Pavlíková,Soňa Pavlíková,NIE,,,STU,SR,,,,https://scholar.google.com/citations?user=yCwQpuwAAAAJ&hl=en,8,,,,,,,,,,,,,,,,
Peter,Peciar,Peter Peciar,NIE,,,STU,SR,,,,https://scholar.google.com/citations?user=VhUnlz0AAAAJ&hl=en&oi=ao,8,,,,,,,,,,,,,,,,
Magda,Petrjánošová,Magda Petrjánošová,NIE,,,SAV,SR,,,,https://scholar.google.com/citations?user=t-phYhoAAAAJ&hl=sk&oi=sra,7,,,,,,,,,,,,,,,,
Lukáš,Pogány,Lukáš Pogány,NIE,,,STU,SR,,,,https://scholar.google.com/citations?user=0BBrkvUAAAAJ&hl=sk&oi=sra,7,,,,,,,,,,,,,,,,
Michal ,Procházka,Michal Procházka,NIE,,,SAV,SR,Polymeric compositesFillers,,,https://scholar.google.com/citations?user=w75dxa0AAAAJ&hl=sk&oi=sra,8,,,,,,,,,,,,,,,,
Tomáš Imrich,Profant,Tomáš Imrich Profant,NIE,,,EU,SR,Critical Political EconomyPostcolonialismPostdevelopmentGlobal Political Ecology,,,https://scholar.google.nl/citations?user=px6KR7sAAAAJ&hl=en,7,,,,,,,,,,,,,,,,
Petronela ,Rezbáriková Žižková,Petronela Rezbáriková,NIE,,,SAV,SR,,,,https://scholar.google.com/citations?user=ppv8tdEAAAAJ&hl=da,7,,,,,,,,,,,,,,,,
Martin ,Ridzoň,Martin Ridzoň,NIE,,,STU,SE,,,,https://scholar.google.sk/citations?user=JiTWCvYAAAAJ&hl=sk,7,,,,,,,,,,,,,,,,
Terézia,Rončáková,Terézia Rončáková,NIE,,,KU,SR,,,,https://scholar.google.com/citations?user=dI4OhHcAAAAJ&hl=sk&oi=sra,7,,,,,,,,,,,,,,,,
Miroslav,Sabo,Miroslav Sabo,NIE,,,STU,SR,,,,https://scholar.google.com/citations?hl=en&user=6zuIcTsAAAAJ,7,,,,,,,,,,,,,,,,
Lucia,Sedláčková,Lucia Sedláčková,NIE,,,Centre for Genomic Regulation,Španielsko,,,,https://scholar.google.com/citations?user=UhGsMPkAAAAJ&hl=sk&oi=ao,7,,,,,,,,,,,,,,,,
Juraj,Schenk,Juraj Schenk,NIE,,,UK,SR,,,,https://scholar.google.com/citations?user=UVpRno0AAAAJ&hl=en,7,,,,,,,,,,,,,,,,
Alexandra,Siposová,Alexandra Siposová,NIE,,,STU,SR,,,,https://scholar.google.com/citations?hl=en&user=A-D474MAAAAJ,8,,,,,,,,,,,,,,,,
Peter ,Sivák,Peter Sivák,,,,TUKE,SR,,,,https://scholar.google.com/citations?user=4qnPGT4AAAAJ&hl=sk&oi=sra,7,,,,,,,,,,,,,,,,
Patrik ,Sleziak,Patrik Sleziak,,,,SAV,SR,,,,https://scholar.google.com/citations?user=M3mEvh8AAAAJ&hl=sk&oi=ao,7,,,,,,,,,,,,,,,,
Marek,Skorsepa,Marek Skorsepa,NIE,,,UMB,SR,,,,https://scholar.google.com/citations?hl=sk&user=IFBhp3oAAAAJ,7,,,,,,,,,,,,,,,,
Jarmila ,Skrinarová,Jarmila Skrinarová,NIE,,,UMB,SR,,,,https://scholar.google.sk/citations?user=u_5PeHUAAAAJ&hl=sk,7,,,,,,,,,,,,,,,,
Kristína,Sojáková,Kristína Sojáková,NIE,,,,,,,,https://scholar.google.com/citations?user=2-tqysoAAAAJ&hl=en,7,,,,,,,,,,,,,,,,
Lenka,Sokolová,Lenka Sokolová,NIE,,,UK,SR,,,,https://scholar.google.com/citations?user=jjxETKsAAAAJ&hl=sk&oi=ao,7,,,,,,,,,,,,,,,,
Evina,Steinová,Evina Steinová,NIE,,,Huyghens Ing KNAW,Holandsko,,,,https://scholar.google.com/citations?user=Uc8l3RMAAAAJ&hl=en,7,,,https://www.linkedin.com/in/evinasteinova/,https://huygens.knaw.nl/medewerkers/evina-steinova/,,,,,,,,,,,,
Marek,Szilvási,Marek Szilvási,NIE,,,nezávislý,,,,,https://scholar.google.com/citations?user=eio83tkAAAAJ&hl=en&oi=ao,7,,,,,,,,,,,,,,,,
Ján,Šebo,Ján Šebo,NIE,,,UMB,SR,,,,https://scholar.google.com/citations?hl=sk&user=XdzWW7AAAAAJ,8,,,,,,,,,,,,,,,,
Peter,Ševčík,Peter Ševčík,NIE,,,Uniza,SR,,,,https://scholar.google.com/citations?user=eGPPQNYAAAAJ&hl=en&oi=ao,7,,,,,,,,,,,,,,,,
Matej,Šimalčík,Matej Šimalčík,NIE,,,CEIAS,,,,,https://scholar.google.com/citations?user=-PiqZlgAAAAJ&hl=en&oi=ao,8,,,https://www.linkedin.com/in/matejsimalcik/?originalSubdomain=sk,,,,,,,,,,,,,
Pavel,Širka,Pavel Širka,NIE,,,TUZVO,SR,,,,https://scholar.google.com/citations?user=5JUgwTgAAAAJ&hl=sk&oi=sra,7,,,,,,,,,,,,,,,,
Peter ,Šiška,Peter Šiška,NIE,,,Isus.edu,,,,,https://scholar.google.com/citations?user=31cfJHQAAAAJ&hl=sk&oi=sra,7,,,,,,,,,,,,,,,,
Miroslav,Šmelko,Miroslav Šmelko,NIE,,,TUKE,SR,,,,https://scholar.google.com/citations?user=Nf29wLoAAAAJ&hl=sk&oi=ao,7,,,,,,,,,,,,,,,,
Robert,Špaček,Robert Špaček,NIE,,,STU,SR,,,,https://scholar.google.com/citations?user=sxNd80wAAAAJ&hl=en,8,,,,,,,,,,,,,,,,
Daniela,Špirková,Daniela Špirková,NIE,,,STU,SR,,,,https://scholar.google.sk/citations?user=2bmTuQMAAAAJ&hl=sk,7,,,,,,,,,,,,,,,,
Peter ,Šugár,Peter  Šugár,NIE,,,STU,SR,,,,https://scholar.google.sk/citations?user=n8bNzsYAAAAJ&hl=sk,7,,,,,,,,,,,,,,,,
Pavol,Šveda,Pavol Šveda,NIE,,,UK,SR,,,,https://scholar.google.com/citations?user=j9KxW3EAAAAJ&hl=en,7,,,,,,,,,,,,,,,,
Eva,Tedlová,Eva Tedlová,NIE,,,UK,SR,,,,https://scholar.google.com/citations?user=xZQR_MUAAAAJ&hl=sk,7,,,,,,,,,,,,,,,,
Radovan,Tiňo,Radovan Tiňo,NIE,,,STU,SR,,,,https://scholar.google.com/citations?hl=en&user=C_zrhXwAAAAJ,7,,,,,,,,,,,,,,,,
Peter,Tóth,Peter Tóth,NIE,,,NBS,SR,apl. ekonómia,,,https://scholar.google.com/citations?user=kU_Jm_UAAAAJ&hl=cs,7,,,,,,,,,,,,,,,,
Marianna,Trebunová,Marianna Trebunová,NIE,,,TUKE,SR,,,,https://scholar.google.sk/citations?user=lSUvl1oAAAAJ&hl=sk,9,,,,,,,,,,,,,,,,
Mária,Trnovská,Mária Trnovská,NIE,,,UK,SR,,,,https://scholar.google.sk/citations?user=xFd9sq8AAAAJ&hl=sk,7,,,,,,,,,,,,,,,,
Sofia Karina ,Trommlerová,Sofia Karina Trommlerová,NIE,,,UK,SR,,,,https://scholar.google.com/citations?user=F78wlBIAAAAJ&hl=en&oi=ao,7,,,,,,,,,,,,,,,,
Štefan,Týr,Štefan Týr,NIE,,,UNIAG,SR,,,,https://scholar.google.com/citations?user=O3dQwBwAAAAJ&hl=sk&oi=sra,8,,,,,,,,,,,,,,,,
Lívia,Uličná,Lívia Uličná,NIE,,,Stanford U.,USA,,,,https://scholar.google.com/citations?user=RVeXFeAAAAAJ&hl=sk&oi=sra,7,,,,,,,,,,,,,,,,
Kamila,Urban,Kamila Urban,NIE,,,SAV,SR,metacognitiondevelopmental psychology,,,https://scholar.google.com/citations?user=5JtckrQAAAAJ&hl=en,8,,,,,,,,,,,,,,,,
Marek,Urban,Marek Urban,NIE,,,Universita karlova,ČR,,,,https://scholar.google.com/citations?user=hXMmKn8AAAAJ&hl=sk,8,,,,,,,,,,,,,,,,
Marína,Urbániková,Marína Urbániková,NIE,,,MU,ČR,,,,https://scholar.google.com/citations?user=DDw20nkAAAAJ&hl=en&oi=sra,8,,,,,,,,,,,,,,,,
Peter,Valent,Peter Valent,NIE,,,TUZVO,SR,,,,https://scholar.google.sk/citations?user=gVjgSKUAAAAJ&hl=sk,8,,,,,,,,,,,,,,,,
Pavol,Valko,Pavol Valko,NIE,,,STU,SR,,,,https://scholar.google.com/citations?user=P36QQZwAAAAJ&hl=sk&oi=ao,7,,,,,,,,,,,,,,,,
Michal,Váry,Michal Váry,NIE,,,STU,SR,,,,https://scholar.google.com/citations?user=cUQ1OVYAAAAJ&hl=sk&oi=sra,7,,,,,,,,,,,,,,,,
Branislav,Vrban,Branislav Vrban,NIE,,,STU,SR,,,,https://scholar.google.com/citations?user=Xkv4AGIAAAAJ&hl=sk&oi=sra,7,,,,,,,,,,,,,,,,
Vladimír ,Wieser,Vladimír  Wieser,NIE,,,UNIZA,SR,,,,https://scholar.google.com/citations?user=GCLWyS4AAAAJ&hl=en,7,,,,,,,,,,,,,,,,
Adela,Wieziková,Adela Wieziková,NIE,,,TUZvo,SR,FormicidaeEcologyBiodiversityConservation,,,https://scholar.google.com/citations?user=iy3Cfp4AAAAJ&hl=sk&oi=ao,7,,,,,,,,,,,,,,,,
Peter ,Zalom,Peter  Zalom,NIE,,,AV ČR,ČR,,,,https://scholar.google.com/citations?user=HqhdP-kAAAAJ&hl=en,7,,,,,,,,,,,,,,,,
Ladislav ,Zlatoš,Ladislav Zlatoš,NIE,,,UK,SR,,,,https://scholar.google.com/citations?user=umVGPMcAAAAJ&hl=en,7,,,,,,,,,,,,,,,,
Jakub,Zmajkovič,Jakub Zmajkovič,NIE,,,IMP,Rakúsko,,,,https://scholar.google.com/citations?hl=en&user=lxnthpYAAAAJ,8,,,,,,,,,,,,,,,,
Ján,Zozuľak,Ján Zozuľak,NIE,,,UKF,SR,filozofia,,,https://scholar.google.sk/citations?user=4mHYozUAAAAJ&hl=sk,7,,,,,,,,,,,,,,,,
Elena,Žárska,Elena Žárska,NIE,,,EUBA,SR,,,,https://scholar.google.com/citations?user=BN0VjYEAAAAJ&hl=sk&oi=sra,8,,,,,,,,,,,,,,,,
Vladimír,Žúbor,Vladimír Žúbor,NIE,,,STU,SR,,,,https://scholar.google.com/citations?user=Cx3zI10AAAAJ&hl=sk&oi=ao,7,,,,,,,,,,,,,,,,
,,,NIE,,,,,,,,,,,,,,,,,,,,,,,,,
,, ,NIE,,,,,,,,,6,,,,,,,,,,,,,,,,
Vladimír,Bahna,Vladimír Bahna,NIE,,,SAV,SR,,,,https://scholar.google.com/citations?user=T71fPVYAAAAJ&hl=sk&oi=ao,6,,,,,,,,,,,,,,,,
Ondrej,Bajgar,Ondrej Bajgar,NIE,,,U. of Oxford,Veľká Británia,,,,https://scholar.google.sk/citations?user=X7UicGsAAAAJ&hl=sk,7,,,,,,,,,,,,,,,,
Dana,Baroková,Dana Baroková,NIE,,,STU,SR,,,,https://scholar.google.com/citations?user=MVGeEM0AAAAJ&hl=sk&oi=sra,6,,,,,,,,,,,,,,,,
Martin,Bartík,Martin Bartík,NIE,,,TUZVO,SR,,,,https://scholar.google.com/citations?user=ip8kjaAAAAAJ&hl=sk&oi=ao,6,,,,,,,,,,,,,,,,
Martin,Benej,Martin Benej,NIE,,,Ohio State University,USA,,,,https://scholar.google.com/citations?user=-r4MZBAAAAAJ&hl=sk,7,,,,,,,,,,,,,,,,
Boris,Bielek,Boris Bielek,NIE,,,STU,SR,,,,https://scholar.google.com/citations?hl=en&user=uwywZZ8AAAAJ,7,,,,,,,,,,,,,,,,
Mikuláš,Bittera,Mikuláš Bittera,NIE,,,STU,SR,,,,https://scholar.google.com/citations?user=lcWUhZUAAAAJ&hl=en&oi=sra,6,,,,,,,,,,,,,,,,
Michal,Blaho,Michal Blaho,NIE,,,STU,SR,,,,https://scholar.google.com/citations?hl=en&user=z6qD9VEAAAAJ,6,,,,,,,,,,,,,,,,
Róbert,Blaško,Róbert Blaško,NIE,,,SAŽP,SR,,,,https://scholar.google.com/citations?user=LFw2HZsAAAAJ&hl=sk,7,,,,,,,,,,,,,,,,
Martin,Bobák,Martin Bobák,NIE,,,SAV,SR,,,,https://scholar.google.com/citations?user=cQLtTMIAAAAJ&hl=en,6,,,,,,,,,,,,,,,,
Agata,Bodnárová,Agata Bodnárová,NIE,,,U. Hradec Králové,ČR,,,,https://scholar.google.com/citations?hl=en&user=gZ7NTZEAAAAJ,6,,,,,,,,,,,,,,,,
Gabriela,Bogdanovská,Gabriela Bogdanovská,NIE,,,TUKE,SR,,,,https://scholar.google.com/citations?user=OQRpIJEAAAAJ&hl=sk&oi=sra,5,,,,,,,,,,,,,,,,
Vladimír,Bolek,Vladimír Bolek,NIE,,,EU,SR,,,,https://scholar.google.com/citations?user=rdvLkx4AAAAJ&hl=sk&oi=sra,8,,,,,,,,,,,,,,,,
Katarína ,Bónová,Katarína Bónová,NIE,,,UPJŠ,SR,,,,https://scholar.google.com/citations?user=mxQOc7sAAAAJ&hl=sk&oi=ao,7,,,,,,,,,,,,,,,,
Vladimír ,Boza,Vladimír Boza,NIE,,,UK,SR,,,,https://scholar.google.com/citations?user=q7ekKiIAAAAJ&hl=en&oi=sra,6,,,,,,,,,,,,,,,,
Ivana,Brezáni,Ivan Brezáni,NIE,,,TUKE,SR,,,,https://scholar.google.com/citations?user=F4mpik8AAAAJ&hl=sk&oi=sra,6,,,,,,,,,,,,,,,,
Vladimír,Boža,Vladimír Boža,NIE,,,UK,SR,,,,https://scholar.google.com/citations?user=q7ekKiIAAAAJ&hl=en&oi=ao,6,,,,,,,,,,,,,,,,
Eva,Culková,Eva Culková,NIE,,,KU,SR,,,,https://scholar.google.com/citations?user=9QGoxAMAAAAJ&hl=sk&oi=ao,6,,,,,,,,,,,,,,,,
Monika,Daňová,Monika Daňová,NIE,,,UNIPO,SR,,,,https://scholar.google.com/citations?user=4VQuMiQAAAAJ&hl=sk&oi=sra,7,,,,,,,,,,,,,,,,
Eva,Demjanová,Eva Demjanová,NIE,,,UNIAG,SR,,,,https://scholar.google.com/citations?user=clINGZIAAAAJ&hl=sk&oi=sra,6,,,,,,,,,,,,,,,,
Lucia,Dimunová,Lucia Dimunová,NIE,,,UPJŠ,SR,,,,https://scholar.google.com/citations?user=pTwx0J4AAAAJ&hl=sk,7,,,,,,,,,,,,,,,,
Iveta,Dirgová Luptáková,Iveta Dirgová Luptáková,NIE,,,UCM,SR,,,,https://scholar.google.sk/citations?user=WkFOg6UAAAAJ&hl=en,6,,,,,,,,,,,,,,,,
Michaela ,Dörnhöferová,Michaela Dörnhöferová,NIE,,,UK,SR,,,,https://scholar.google.com/citations?user=B1aNbL4AAAAJ&hl=sk&oi=ao,6,,,,,,,,,,,,,,,,
Renata,Ďuračiová,Renata Ďuračiová,NIE,,,STU,SR,,,,https://scholar.google.com/citations?user=xFZBh10AAAAJ&hl=sk&oi=ao,7,,,,,,,,,,,,,,,,
Jozef ,Ďurian,Jozef Ďurian,NIE,,,UMB,SR,,,,https://scholar.google.com/citations?hl=sk&user=wwSl8QMAAAAJ,6,,,,,,,,,,,,,,,,
Milan,Džupina,Milan Džupina,NIE,,,UKF,SR,,,,https://scholar.google.com/citations?user=-DTEhd4AAAAJ&hl=sk&oi=ao,7,,,,,,,,,,,,,,,,
Miroslav,Fedurco,Miroslav Fedurco,NIE,,,UPJŠ,SR,,,,https://scholar.google.com/citations?user=61bp6H0AAAAJ&hl=en&oi=ao,6,,,,,,,,,,,,,,,,
Branislav,Ferko,Branislav Ferko,NIE,,,Oxford,Spojené kráľovstvo,Organic Chemistry,,,https://scholar.google.com/citations?hl=sk&user=EYkbW0AAAAAJ,6,,,,,,,,,,,,,,,,
Karol,Frank,Karol Frank,NIE,,,SAV,SR,,,,https://scholar.google.com/citations?user=Qb0-rY8AAAAJ&hl=sk&oi=ao,7,,,,,,,,,,,,,,,,
Eva,Gabonová,Eva Gabonová,NIE,,,UK,SR,,,,https://scholar.google.com/citations?user=Rbq3YowAAAAJ&hl=sk&oi=sra,6,,,,,,,,,,,,,,,,
Pavol,Gajdoš,Pavol Gajdoš,NIE,,,UPJS,SR,astronómia,,,https://scholar.google.com/citations?user=hhQmYokAAAAJ&hl=sk&oi=sra,6,,,,,,,,,,,,,,,,
Zuzana,Gajdošíková,Zuzana Gajdošíková,NIE,,,UMB,SR,,,,https://scholar.google.com/citations?user=SRYgEeEAAAAJ&hl=sk&oi=sra,6,,,,,,,,,,,,,,,,
Jakub,Gazda,Jakub Gazda,NIE,,,UPJŠ,SR,,,,https://scholar.google.com/citations?user=hRKH-d8AAAAJ&hl=sk&oi=sra,8,,,,,,,,,,,,,,,,
Kristína,Gerulová,Kristína Gerulová,NIE,,,STU,SR,,,,https://scholar.google.cz/citations?user=XEJ_-JQAAAAJ&hl=en&oi=ao,6,,,,,,,,,,,,,,,,
Michal,Greguš,Michal Greguš,NIE,,,Northeastern Uiv.,USA,,,,https://scholar.google.com/citations?user=iy2aawgAAAAJ&hl=sk&oi=sra,11,,,,,,,,,,,,,,,,
Gabriel J. C. ,Halát,Gabriel J. C. Halát,NIE,,,gh-bioquenta,Rakúsko,,,,https://scholar.google.com/citations?user=8zluMl4AAAAJ&hl=sk&oi=sra,6,,,https://www.linkedin.com/in/gabrieljc-halatphd?challengeId=AQGLKQYwvsJtNQAAAYurCqPZBGRZp77-tz3lNhfe3tsobp-lfGz9CD_-2r4ksNz0_Tp5Fqa7REUe74aFFfxuFuGA2qjjYEe8ew&submissionId=767db3dd-a26a-9517-042b-dfc05a65533e&challengeSource=AgF9UVE8GnVYkgAAAYurCrNoMTQWIsD0d5ka77OjPFRbAy1afCHvusaIvLIqY28&challegeType=AgGfiE-5rgjTpgAAAYurCrNrrcYJOkVwltmGJDXIGduaau0jyXlMpbM&memberId=AgHRjNyLw9r99QAAAYurCrNtd8j08MiFatxQ6UlHvKq5g-s&recognizeDevice=AgG4mUcJNIJHHgAAAYurCrNwnMrdKQoHXwxizlOjCvUmMlxQZccQ,,,,,,,,,,,,,
Jozef,Hallon,Jozef Hallon,NIE,,,STU,SR,,,,https://scholar.google.com/citations?user=pWHa-PgAAAAJ&hl=en&oi=ao,6,,,,,,,,,,,,,,,,
Miroslava,Hlinčíková,Miroslava Hlinčíková,NIE,,,SAV,SR,,,,https://scholar.google.com/citations?user=s8B9nhEAAAAJ&hl=sk&oi=sra,7,,,,,,,,,,,,,,,,
Roman,Hric,Roman Hric,NIE,,,UMB,SR,,,,https://scholar.google.com/citations?hl=sk&user=LhnrgIYAAAAJ,6,,,,,,,,,,,,,,,,
Peter,Hutár,Peter Hutár,NIE,,,SAV,SR,,,,https://scholar.google.com/citations?user=pqnS-zAAAAAJ&hl=sk&oi=sra,7,,,,,,,,,,,,,,,,
Zuzana,Chladná,Zuzana Chladná,NIE,,,UK,SR,,,,https://scholar.google.com/citations?user=PebeyaEAAAAJ&hl=en&oi=sra,6,,,,,,,,,,,,,,,,
Zuzana,Jandová,Zuzana Jandová,NIE,,,Utrecht Univ.,Holandsko,Computational BiologyMolecular DockingMolecular ModellingMolecular DynamicsFree-energy calculations,,,https://scholar.google.com/citations?user=OZZEVVcAAAAJ&hl=en&oi=ao,6,,,https://www.linkedin.com/in/zuzana-jandova-4586a4a1/?originalSubdomain=at,,,,,,,,,,,,,
Ľudmila,Jašková,Ľudmila Jašková,NIE,,,UK,SR,,,,https://scholar.google.com/citations?user=tZlESz8AAAAJ&hl=sk&oi=sra,6,,,,,,,,,,,,,,,,
Tomáš,Jeck,Tomáš Jeck,NIE,,,SAV,SR,,,,https://scholar.google.sk/citations?user=mysYgfgAAAAJ&hl=sk,8,,,,,,,,,,,,,,,,
Eva,Jobbová,Eva Jobbová,NIE,,,TCD,Írsko,,,,https://scholar.google.com/citations?user=By3JOdIAAAAJ&hl=sk&oi=sra,6,,,,,,,,,,,,,,,,
Soňa,Kilianová,Soňa Kilianová,NIE,,,UK,SR,,,,https://scholar.google.com/citations?user=eQ8-pjwAAAAJ&hl=sk&oi=ao,6,,,,,,,,,,,,,,,,
Gábor,Kiss,Gábor Kiss,NIE,,,SelyeUni,SR,,,,https://scholar.google.co.th/citations?hl=en&user=Ybqcd5UAAAAJ,6,,,,,,,,,,,,,,,,
Zuzana,Kittova,Zuzana Kittova,NIE,,,EU,SR,,,,https://scholar.google.co.th/citations?hl=en&user=hlv9wEUAAAAJ,6,,,,,,,,,,,,,,,,
Martin,Klimo,Martin Klimo,NIE,,,UNIZA,SR,,,,https://scholar.google.com/citations?user=zessOHIAAAAJ&hl=en,7,,,,,,,,,,,,,,,,
Martin,Klimovič,Martin Klimovič,NIE,,,UNIPO,SR,,,,https://scholar.google.com/citations?user=uxQ4M7sAAAAJ&hl=sk&oi=sra,7,,,,,,,,,,,,,,,,
Ladislav,Koreň,Ladislav Koreň,NIE,,,UHK,ČR,,,,https://scholar.google.com/citations?hl=en&user=FEXg_P8AAAAJ,6,,,,,,,,,,,,,,,,
Zuzana ,Kotianová,Zuzana Kotianová,NIE,,,TUKE,SR,,,,https://scholar.google.com/citations?user=Ujtq0t4AAAAJ&hl=sk,7,,,,,,,,,,,,,,,,
Elena,Kováčiková,Elena Kováčiková,NIE,,,UKF,SR,,,,https://scholar.google.com/citations?user=3xPHnAsAAAAJ&hl=sk&oi=sra,7,,,,,,,,,,,,,,,,
Hana ,Kovčiková,Hana Kováčiková,NIE,,,UK,SR,,,,https://scholar.google.com/citations?user=GNTAHYgAAAAJ&hl=sk&oi=sra,6,,,,,,,,,,,,,,,,
Vladimir,Krajnak,Vladimir Krajnak,NIE,,,Inria Sophia Antipolis - Méditerranée,Francúzsko,,,,https://scholar.google.com/citations?hl=en&user=ac529yMAAAAJ,6,,,,,,,,,,,,,,,,
Tomáš,Kramár,Tomáš Kramár,NIE,,,STU,SR,,,,https://scholar.google.com/citations?user=sJCz17cAAAAJ&hl=sk,6,,,,,,,,,,,,,,,,
Michal,Kucer,Michal Kucer,NIE,,,Los Alamos National Laboratory,USA,,,,https://scholar.google.com/citations?user=OYuTMj8AAAAJ&hl=sk&oi=ao,6,,,,,,,,,,,,,,,,
Ján,Lacko,Ján Lacko,NIE,,,Paneuropska univ.,SR,,,,https://scholar.google.com/citations?user=t2lQ59AAAAAJ&hl=sk&oi=sra,7,,,,,,,,,,,,,,,,
Jana,Laláková,Jana Laláková,NIE,,,Cartana AB,Švédsko,,,,https://scholar.google.com/citations?user=8ZSf5mUAAAAJ&hl=cs,5,,,,,,,,,,,,,,,,
Ladislav ,Lenovský,Ladislav Lenovský,NIE,,,UCM,SR,,,,https://scholar.google.sk/citations?user=izJZoJ4AAAAJ&hl=sk,6,,,,,,,,,,,,,,,,
Erika,Liptáková,Erika Liptáková,NIE,,,TUKE,SR,,,,https://scholar.google.com/citations?user=7didKwsAAAAJ&hl=sk&oi=ao,6,,,,,,,,,,,,,,,,
Dávid,Líška,Dávid Líška,NIE,,,UMB,SR,,,,https://scholar.google.com/citations?user=nD47WqEAAAAJ&hl=sk&oi=sra,7,,,,,,,,,,,,,,,,
Ján,Litvík,Ján Litvík,NIE,,,UNIZA,SR,,,,https://scholar.google.sk/citations?user=0PHLd5UAAAAJ&hl=sk,6,,,,,,,,,,,,,,,,
Zuzana,Lukáčová Chomisteková,Zuzana Lukáčová Chomisteková,NIE,,,KU,SR,,,,https://scholar.google.com/citations?user=Q-Rzhq0AAAAJ&hl=sk&oi=sra,6,,,,,,,,,,,,,,,,
Peter ,Malík,Peter  Malík,NIE,,,SAV,SR,,,,https://scholar.google.sk/citations?hl=en&user=vFpVL5QAAAAJ,7,,,,,,,,,,,,,,,,
Eleonóra,Marišová,Eleonóra Marišová,NIE,,,Uniag,SR,,,,https://scholar.google.com/citations?user=CSjjJdgAAAAJ&hl=sk&oi=sra,8,,,,,,,,,,,,,,,,
Vladimír,Marko,Vladimir Marko,NIE,,,UK,SR,,,,https://scholar.google.com/citations?user=OD_QTBoAAAAJ&hl=sk&oi=ao,6,,,,,,,,,,,,,,,,
Radomír,Masaryk,Radomír Masaryk,NIE,,,UK,SR,,,,https://scholar.google.com/citations?user=mwUwjdYAAAAJ&hl=th,7,,,,,,,,,,,,,,,,
Matej,Masný,Matej Masný,NIE,,,UMB,SR,,,,https://scholar.google.com/citations?user=ePI0qEIAAAAJ&hl=sk&oi=sra,6,,,,,,,,,,,,,,,,
Andrej,Mentel,Andrej Mentel,NIE,,,UK,SR,,,,https://scholar.google.com/citations?user=_cz4h-YAAAAJ&hl=sk&oi=ao,6,,,,,,,,,,,,,,,,
Jiří,Michal,Jiří Michal,NIE,,,UMB,SR,,,,https://scholar.google.com/citations?hl=sk&user=jEueIQwAAAAJ,6,,,,,,,,,,,,,,,,
Miloslav,Michalko,Miloslav Michalko,NIE,,,UNIPO,SR,"regionálna geografia, GIS",,,https://scholar.google.com/citations?user=qvKpWQUAAAAJ&hl=sk&oi=sra,6,,,,,,,,,,,,,,,,
Peter,Miklós,Peter Miklós,NIE,,,UK,SR,,,,https://scholar.google.com/citations?user=3xD_anoAAAAJ&hl=sk&oi=ao,6,,,,,,,,,,,,,,,,
Viktória,Miklósová,Viktória Miklósová,NIE,,,SAV,SR,,,,https://scholar.google.com/citations?user=Q1MA444AAAAJ&hl=en,7,,,,,,,,,,,,,,,,
Peter,Mikuláš,Peter Mikuláš,NIE,,,UKF,SR,,,,https://scholar.google.com/citations?user=KjVbNYIAAAAJ&hl=sk&oi=sra,6,,,,,,,,,,,,,,,,
Andrej ,Mikulík,Andrej  Mikulík,NIE,,,Google,,,http://mikulik.sk/,andrej@mikulik.sk,https://scholar.google.com/citations?user=MMN014UAAAAJ&hl=en,6,,,http://mikulik.sk/cv/cv_20200601.pdf,,,,,,,,,,,,,
Tomáš,Miklošovič,Tomáš Miklošovič,NIE,,,SAV,SR,,,,https://scholar.google.com/citations?user=iK1GjzUAAAAJ&hl=sk&oi=sra,6,,,,,,,,,,,,,,,,
Katarína,Mikulová,Katarína Mikulová,NIE,,,SAV,SR,,,,https://scholar.google.com/citations?user=T1qIq14AAAAJ&hl=sk&oi=sra,6,,,,,,,,,,,,,,,,
Pavol,Minárik,Pavol Minárik,NIE,,,UJEP,ČR,,,,https://scholar.google.cz/citations?user=ihw9cFMAAAAJ&hl=en,6,,,,,,,,,,,,,,,,
Andrea,Mojžišová,Andrea Mojžišová,NIE,,,TUKE,SR,,,,https://scholar.google.com/citations?user=eOm6ThoAAAAJ&hl=sk&oi=ao,6,,,,,,,,,,,,,,,,
Dominika,Moravčíková,Dominika Moravčíková,NIE,,,UNIZA,SR,,,,https://scholar.google.com/citations?hl=sk&user=G2J3hFEAAAAJ,7,,,,,,,,,,,,,,,,
Ján,Morgoš,Ján Morgoš,NIE,,,UNIZA,SR,,,,https://scholar.google.sk/citations?user=E4YEk_sAAAAJ&hl=sk,6,,,,,,,,,,,,,,,,
Marcela,Morvová Jr.,Marcela Morvová Jr.,NIE,,,UK,SR,biofyzika,,,https://scholar.google.com/citations?user=_vES7SEAAAAJ&hl=sk,7,,,,,,,,,,,,,,,,
Štefan,Mozol,Štefan Mozol,NIE,,,Uniza,SR,,,,https://scholar.google.com/citations?user=zqqGJDgAAAAJ&hl=sk&oi=sra,7,,,,,,,,,,,,,,,,
Michaela,Musilová,Michaela Musilová,NIE,,,STU,SR,,,,https://scholar.google.com/citations?user=On18hO0AAAAJ&hl=en,6,,,,,,,,,,,,,,,,
Eva,Nábělková,Eva Nábělková,NIE,,,UMB,SR,,,,https://scholar.google.com/citations?hl=sk&user=auNrMLAAAAAJ,6,,,,,,,,,,,,,,,,
Pavol,Ochotnický,Pavol Ochotnický,NIE,,,EU,SR,,,,https://scholar.google.com/citations?user=731bUmQAAAAJ&hl=sk,6,,,,,,,,,,,,,,,,
Kitti,Pááleníková,Kitti Páleníková,NIE,,,UKF,SR,mathematics_education,,,https://scholar.google.com/citations?user=gK8q51AAAAAJ&hl=sk&oi=ao,6,,,,,,,,,,,,,,,,
Zuzana,Panczová,Zuzana Panczová,NIE,,,SAV,SR,,,,https://scholar.google.com/citations?user=Tzt_d9UAAAAJ&hl=sk,7,,,,,,,,,,,,,,,,
Zuzana ,Parobeková,Zuzana Parobeková,NIE,,,TUZVO,SR,,,,https://scholar.google.com/citations?user=FMHZi8wAAAAJ&hl=sk&oi=sra,6,,,,,,,,,,,,,,,,
Hamed,Peidayesh,Hamed Peidayesh,,,,SAV,SR,,,,https://scholar.google.com/citations?user=LwaeCCIAAAAJ&hl=sk&oi=sra,7,,,,,,,,,,,,,,,,
Viera,Peterková,Viera Peterková,,,,TUKE,SR,,,,https://scholar.google.sk/citations?user=BsuTCT0AAAAJ&hl=sk,7,,,,,,,,,,,,,,,,
Miriama,Piňosová,Miriama Piňosová,NIE,,,TUKE,SR,,,,https://scholar.google.com/citations?user=BzqJLloAAAAJ&hl=sk&oi=ao,7,,,,,,,,,,,,,,,,
Michal,Podhradský,Michal Podhradský,NIE,,,Utah State University,USA,Adaptive Control for UAVs,,,https://scholar.google.com/citations?hl=en&user=EDSj9OAAAAAJ,7,,,,,,,,,,,,,,,,
Lenka,Pribusová Slušná,Lenka Pribusová Slušná,NIE,,,SAV,SR,spectroscopy,,,https://scholar.google.com/citations?user=y13kppcAAAAJ&hl=sk&oi=sra,6,,,,,,,,,,,,,,,,
Zbigniew,Robak,Zbigniew Robak,NIE,,,SAV,SR,,,,https://scholar.google.com/citations?user=V2XwlJYAAAAJ&hl=sk&oi=ao,6,,,,,,,,,,,,,,,,
Zdenka,Rózová,Zdenka Rózová,NIE,,,UKF,SR,,,,https://scholar.google.com/citations?user=s8B9nhEAAAAJ&hl=sk&oi=sra,7,,,,,,,,,,,,,,,,
Boris,Rudolf,Boris Rudolf,NIE,,,STU,SR,,,,https://scholar.google.com/citations?user=7DtDQxAAAAAJ&hl=en&oi=sra,6,,,,,,,,,,,,,,,,
Valentína Sophia,Rumanová,Valentína Sophia Rumanová,NIE,,,UK,SR,,,,https://scholar.google.com/citations?user=xwrT-scAAAAJ&hl=en&oi=sra,6,,,,,,,,,,,,,,,,
Jaroslav,Rusnák,Jaroslav Rusnák,NIE,,,UK,SR,,,,https://scholar.google.com/citations?user=iWORgQIAAAAJ&hl=sk&oi=sra,6,,,,,,,,,,,,,,,,
Tomáš,Rybár,Tomáš Rybár,NIE,,,Leibniz Universität Hannover,Nemecko,,,,https://scholar.google.com/citations?user=5KuE9-gAAAAJ&hl=fil,6,,,,,,,,,,,,,,,,
Marek,Semelbauer,Marek Semelbauer,NIE,,,SAV,SR,,,,https://scholar.google.sk/citations?user=VSLlQxQAAAAJ&hl=sk,6,,,,,,,,,,,,,,,,
Tomáš,Senko,Tomáš Senko,NIE,,,UK,SR,,,,https://scholar.google.com/citations?user=38F7dckAAAAJ&hl=en&oi=sra,6,,,,,,,,,,,,,,,,
Regina,Sepsiová,Regina Sepsiová,NIE,,,UK,SR,,,,https://scholar.google.com/citations?user=vGiToWgAAAAJ&hl=sk&oi=sra,6,,,,,,,,,,,,,,,,
Miroslav,Sokol,Miroslav Sokol,NIE,,,TUKE,SR,,,,https://scholar.google.com/citations?user=N4lcF2wAAAAJ&hl=sk&oi=ao,6,,,,,,,,,,,,,,,,
Eva,Staňová,Eva Staňová,NIE,,,TUKE,SR,,,,https://scholar.google.sk/citations?user=zgO6wcoAAAAJ&hl=en,6,,,,,,,,,,,,,,,,
Erich,Stark,Erich Stark,NIE,,,Paneuropska ,SR,,,,https://scholar.google.sk/citations?user=UMIB1VQAAAAJ&hl=cs,6,,,,,,,,,,,,,,,,
Ivana,Studená,Ivana Studená,NIE,,,SAV,SR,,,,https://scholar.google.com/citations?user=89ZW4kIAAAAJ&hl=sk&oi=ao,7,,,,,,,,,,,,,,,,
Daniel,Szatmári,Daniel Szatmári,,,,SAV,SR,,,,https://scholar.google.sk/citations?user=B69dUegAAAAJ&hl=sk,7,,,,,,,,,,,,,,,,
Barbora,Šedová,Barbora Šedová,NIE,,SK,PIK,Nemecko,,,,https://scholar.google.com/citations?user=Q9pF5_gAAAAJ&hl=sk&oi=ao,8,,,file:///home/jana/Downloads/CV+Sedova.pdf,,,,,,,,,,,,,
Adam,Šeliga,Adam Šeliga,NIE,,,STU,SR,,,,https://scholar.google.com/citations?user=UNfEWj0AAAAJ&hl=sk,6,,,,,,,,,,,,,,,,
Martina,Šemeláková,Martina Šemeláková,NIE,,,UPJŠ,SR,,,,https://scholar.google.com/citations?user=QPLhk1EAAAAJ&hl=en&oi=sra,6,,,,,,,,,,,,,,,,
Patrik,Šimko,Patrik Šimko,NIE,,,MUNI,ČR,Brain stimulaton,,,https://scholar.google.com/citations?user=6qk6GOUAAAAJ&hl=sk&oi=ao,6,,,https://www.linkedin.com/in/patrik-simko-00181a135/,,,,,,,,,,,,,
Andrej,Škrinár,Andrej Škrinár,NIE,,,STU,SR,,,,https://scholar.google.sk/citations?user=lnF07lEAAAAJ&hl=sk,6,,,,,,,,,,,,,,,,
Radoslav,Škoviera,Radoslav Škoviera,NIE,,?,ČVUT,ČR,,,,https://scholar.google.com/citations?user=E05G5nkAAAAJ&hl=sk&oi=ao,6,,,,,,,,,,,,,,,,
Eva,Stanová,Eva Stanová,NIE,,,TUKE,SR,,,,https://scholar.google.com/citations?hl=en&user=zgO6wcoAAAAJ,6,,,,,,,,,,,,,,,,
Jana,J. Štastna,Jana J. Stastna,NIE,,,U. of Canterbury,Veľká Británia,,,,https://scholar.google.com/citations?user=Wn4yvWsAAAAJ&hl=it,6,,,,,,,,,,,,,,,,
Lenka,Štofová,Lenka Štofová,NIE,,,EU,SR,,,,https://scholar.google.com/citations?user=VIOT3swAAAAJ&hl=en&oi=sra,6,,,,,,,,,,,,,,,,
Jaroslav,Šupina,Jaroslav Šupina,NIE,,,UPJŠ,SR,,,,https://scholar.google.com/citations?user=mSdAbAkAAAAJ&hl=sk,6,,,,,,,,,,,,,,,,
Darina,Tarcsiová,Darina Tarcsiová,NIE,,,UK,SR,,,,https://scholar.google.com/citations?user=onXm5PQAAAAJ&hl=en,7,,,,,,,,,,,,,,,,
Slávka,Tomaščíková,Slávka Tomaščíková,NIE,,,UPJŠ,SR,,,,https://scholar.google.sk/citations?hl=en&user=fMm6hwkAAAAJ,7,,,,,,,,,,,,,,,,
Vierka,Tomková,Vierka Tomková,NIE,,,UKF,SR,,,,https://scholar.google.com/citations?user=u236KdYAAAAJ&hl=sk&oi=sra,7,,,,,,,,,,,,,,,,
Štefan,Tóth,Štefan Tóth,NIE,,,Uniza,SR,,,,https://scholar.google.cz/citations?user=UU3AuHcAAAAJ&hl=en,6,,,,,,,,,,,,,,,,
Eva,Uherčíková,Eva Uherčíková,NIE,,,SNM,SR,botanika,,,https://scholar.google.com/citations?user=IiiGRm4AAAAJ&hl=sk&oi=ao,6,,,,,,,,,,,,,,,,
Romana,Ulbrichtová,Romana Ulbrichtová,NIE,,,UK,SR,,,,https://scholar.google.com/citations?user=oraBvE0AAAAJ&hl=sk&oi=ao,6,,,,,,,,,,,,,,,,
Stanislav,Unčík,Stanislav Unčík,NIE,,,STU,SR,,,,https://scholar.google.com/citations?user=hRKRO6EAAAAJ&hl=sk,6,,,,,,,,,,,,,,,,
Michal,Venglár,Michal Venglár,NIE,,,STU,SR,,,,https://scholar.google.com/citations?user=JHgSW-sAAAAJ&hl=sk,6,,,,,,,,,,,,,,,,
Tomáš,Vida,Tomáš Vida,NIE,,,UMB,SR,,,,https://scholar.google.com/citations?user=BGTiAuoAAAAJ&hl=sk&oi=ao,6,,,,,,,,,,,,,,,,
Aneta,Világi,Aneta Világi,NIE,,,UK,SR,politológia,,,https://scholar.google.com/citations?user=PVUorHsAAAAJ&hl=sk&oi=sra,6,,,,,,,,,,,,,,,,
Eugen,Zeleňák,Eugen Zeleňák,NIE,,,KU,SR,,,,https://scholar.google.com/citations?user=7buJA_kAAAAJ&hl=sk&oi=ao,6,,,,,,,,,,,,,,,,
Marian,Zlocha,Marian Zlocha,NIE,,,,SR,geológia,,,https://scholar.google.sk/citations?user=TmqWiSIAAAAJ&hl=sk,6,,,,,,,,,,,,,,,,
,,,NIE,,,,,,,,,,,,,,,,,,,,,,,,,
,, ,NIE,,,,,,,,,5,,,,,,,,,,,,,,,,
Rudolf ,Ároch,Rudolf  Ároch,NIE,,,STU,SR,,,,https://scholar.google.com/citations?user=rQWIqBMAAAAJ&hl=en,5,,,,,,,,,,,,,,,,
Stanislav,Banáš,Stanislav Banáš,NIE,,,Onsemi,,,,,https://scholar.google.com/citations?user=jzKkyGoAAAAJ&hl=sk&oi=ao,5,,,,,,,,,,,,,,,,
Daša,Bombjaková,Daša Bombjaková,NIE,,,UK,SR,hunter-gathererssocial learningsocialisationegalitarianismgender egalitarianism,https://www.dbombjakova.com/,,https://scholar.google.com/citations?user=B5OilOsAAAAJ&hl=sk&oi=ao,5,,,,,,,,,,,,,,,,
Klára,Cverenkárová,Klára Cverenkárová,NIE,,,STU,SR,,,,https://scholar.google.com/citations?user=ATHZ0eIAAAAJ&hl=sk&oi=sra,5,,,,,,,,,,,,,,,,
Tomáš,Černěnko,Tomáš Černěnko,NIE,,,EU,SR,,,,https://scholar.google.sk/citations?user=Z0B2X8IAAAAJ&hl=sk,5,,,https://www.minv.sk/swift_data/source/images/zivotopis_2021_08_25_verejne_vypocutie.pdf,,,,,,,,,,,,,
Natália,Čmiková,Natália Čmiková,NIE,,,SPU,SR,,,,https://scholar.google.com/citations?user=cx8tBqwAAAAJ&hl=sk&oi=ao,8,,,,,,,,,,,,,,,,
Zuzana,Danáčová,Zuzana Danáčová,NIE,,,SHMU,SR,,,,https://scholar.google.sk/citations?user=3WHmEvQAAAAJ&hl=sk,6,,,,,,,,,,,,,,,,
Tatiana,Drugová,Tatiana Drugová,NIE,,,Utah State University,USA,Applied EconomicsEconometricsAgricultural EconomicsConsumer Behavior,,,https://scholar.google.com/citations?hl=en&user=SSm1_AYAAAAJ,6,,,https://caas.usu.edu/directory/files/dugova-tatiana-cv.pdf,,,,,,,,,,,,,
Sandra,Drusová,Sandra Drusová,NIE,,,U. of Basel,Švajčiarsko,,,,https://scholar.google.com/citations?hl=en&user=yj7FBbUAAAAJ,5,,,https://www.linkedin.com/in/sandra-drusova/,,,,,,,,,,,,,
Matúš,Dulla,Matúš Dulla,NIE,,,STU,SR,,,,https://scholar.google.cz/citations?user=VZn4GAQAAAAJ&hl=sk,6,,,,,,,,,,,,,,,,
Marek,Dzurenko,Marek Dzurenko,NIE,,,TUZVO,SR,,,,https://scholar.google.com/citations?user=PtHldxoAAAAJ&hl=en&oi=sra,6,,,,,,,,,,,,,,,,
Dominka,Ďurovčíková,Dominika Ďurovčíková,NIE,,,MIT,USA,astrofyzika,,,https://scholar.google.sk/citations?user=pYkzjmMAAAAJ&hl=en,5,,,,,,,,,,,,,,,,
Jakub,Fedorík,Jakub Fedorík,NIE,,,KAUST,Saudská Arábia,,,,https://scholar.google.com/citations?user=WVpIUFsAAAAJ&hl=sk&oi=ao,6,,,,,,,,,,,,,,,,
Angela,Filová,Angela Filová,NIE,,,SAV,SR,,,,https://scholar.google.com/citations?user=i1A6eKMAAAAJ&hl=sk&oi=sra,5,,,,,,,,,,,,,,,,
Pavol,Frič,Pavol Frič,NIE,,,Univerzita Karlova,ČR,,,,https://scholar.google.com/citations?user=KiJAITYAAAAJ&hl=cs,5,,,,,,,,,,,,,,,,
Valeria,Gabková Juricová,Valeria Gabková Juricová,NIE,,,AV ČR,ČR,,,,https://scholar.google.com/citations?user=--Uszx8AAAAJ&hl=sk&oi=sra,5,,,,,,,,,,,,,,,,
,,,NIE,,,,,,,,,,,,,,,,,,,,,,,,,
Darja,Gabriska,Darja Gabriska,NIE,,,UCM,SR,,,,https://scholar.google.sk/citations?user=IsFWRN4AAAAJ&hl=sk,5,,,,,,,,,,,,,,,,
Slavomír,Hanzely,Slavomír Hanzely,NIE,,,KAUST,Saudská Arábia,,,,https://scholar.google.com/citations?user=ksqGMoEAAAAJ&hl=sk&oi=sra,5,,,,,,,,,,,,,,,,
Peter,Hartman,Peter Hartman,NIE,,,STU,SR,,,,https://scholar.google.com/citations?user=11B4pGIAAAAJ&hl=en,6,,,,,,,,,,,,,,,,
Martina,Hestericová,Martina Hestericová,NIE,,,,Švajčiarsko,,,martina.hesteric@gmail.com,https://scholar.google.com.au/citations?user=ZECch2gAAAAJ&hl=en,5,,,,,,,,,,,,,,,,
Henrieta,Hlisníková,Henrieta Hlisníková,NIE,,,UCF,SR,,,,https://scholar.google.com/citations?user=4IHgLtwAAAAJ&hl=sk&oi=ao,5,,,,,,,,,,,,,,,,
Viktória,Hodorová,Viktória Hodorová,NIE,,,UK,SR,,,,https://scholar.google.com/citations?user=wb0Vun8AAAAJ&hl=sk&oi=sra,5,,,,,,,,,,,,,,,,
Soňa,Chovanová Supeková,Soňa Chovanová Supeková,NIE,,,Paneuropska univ.,SR,,,,https://scholar.google.com/citations?user=X3lrK38AAAAJ&hl=sk&oi=sra,6,,,,,,,,,,,,,,,,
Mária,Imrichová,Mária Imrichová,NIE,,,UNIPO,SR,,,,https://scholar.google.sk/citations?user=jAnn-6EAAAAJ&hl=sk,5,,,,,,,,,,,,,,,,
Katarína,Janková,Katarína Janková,NIE,,,UK,SR,,,,https://scholar.google.com/citations?user=-uaKBUwAAAAJ&hl=sk&oi=ao,5,,,,,,,,,,,,,,,,
Ľubica ,Janovičová,Ľubica Janovičová,NIE,,,UK,SR,,,,https://scholar.google.com/citations?user=5utklZkAAAAJ&hl=en&oi=sra,5,,,,,,,,,,,,,,,,
Martin,Jaššo,Martin Jaššo,NIE,,,U. of Calgary,Kanada,,https://schulich.ucalgary.ca/contacts/martin-jasso,,https://scholar.google.ca/citations?user=gf9MPuYAAAAJ&hl=en,6,,,,,,,,,,,,,,,,
Ladislav,Klement,Ladislav Klement,NIE,,,UMB,SR,,,,https://scholar.google.com/citations?hl=sk&user=kapQ1yUAAAAJ,6,,,,,,,,,,,,,,,,
Lubor,Králik,Lubor Králik,NIE,,,SAV,SR,,,,https://scholar.google.com/citations?user=KKgedOoAAAAJ&hl=sk&oi=sra,5,,,,,,,,,,,,,,,,
Stanislav,Konečný,Stanislav Konečný,NIE,,,UPJŠ,SR,,,,https://scholar.google.sk/citations?hl=en&user=KwRsZcYAAAAJ,5,,,,,,,,,,,,,,,,
Ladislav,Korosi,Ladislav Korosi,NIE,,,STU,SR,,,,https://scholar.google.com/citations?user=rUbc4u8AAAAJ&hl=sk&oi=ao,4,,,,,,,,,,,,,,,,
Ľuboš,Korytár,Ľuboš Korytár,NIE,,,UVLF,SR,,,,https://scholar.google.sk/citations?user=sQ-kUAsAAAAJ&hl=sk,5,,,,,,,,,,,,,,,,
Katarína,Koštialová,Katarína Koštialová,NIE,,,UMB,SR,,,,https://scholar.google.com/citations?user=_O-uoxIAAAAJ&hl=sk&oi=sra,5,,,,,,,,,,,,,,,,
Zuzana,Košutzká,Zuzana Košutzká,NIE,,,Neuroconsan,SR,,,,https://scholar.google.com/citations?user=DsFRjMcAAAAJ&hl=en,5,,,,,,,,,,,,,,,,
Braňo,Kovár,Braňo Kovár,NIE,,,SAV,SR,archeológia,,,https://scholar.google.com/citations?user=Xw1ePxkAAAAJ&hl=sk,5,,,,,,,,,,,,,,,,
Eva,Kowalska,Eva Kowalska,NIE,,,SAV,SR,,,,https://scholar.google.com/citations?user=TnJH8vAAAAAJ&hl=sk&oi=ao,5,,,,,,,,,,,,,,,,
Michal,Kozák,Michal Kozák,NIE,,,U. of Oslo,Nórsko,,,,https://scholar.google.com/citations?user=G333O7sAAAAJ&hl=sk,4,,,,,,,,,,,,,,,,
Juraj,Kubica,Juraj Kubica,NIE,,,STU,SR,,,,https://scholar.google.com/citations?user=eCz-gU4AAAAJ&hl=sk&oi=sra,6,,,,,,,,,,,,,,,,
Marian,Kuna,Marian Kuna,NIE,,,Katolícka univerzita RK,SR,,,,https://scholar.google.com/citations?user=uQWMl0kAAAAJ&hl=sk,5,,,,,,,,,,,,,,,,
Andrej,Lúčny,Andrej Lúčny,NIE,,,UK,SR,,,,https://scholar.google.at/citations?user=Dujq9EgAAAAJ&hl=en,5,,,,,,,,,,,,,,,,
Jozef,Lukáč,Jozef Lukáč,,,,EU,SR,,,,https://scholar.google.com/citations?user=ydfRnegAAAAJ&hl=sk&oi=ao,5,,,,,,,,,,,,,,,,
Pavol,Lukáč,Pavol Lukáč,NIE,,,AV ČR,ČR,,,,https://scholar.google.com/citations?user=6ZBulhUAAAAJ&hl=en&oi=sra,6,,,,,,,,,,,,,,,,
Martin,Lukačišin,Martin Lukačišin,NIE,,,Technion,Izrael,systems biologyimmunologygene expression regulationdrug combinationscombinatorial perturbations,,,https://scholar.google.com/citations?user=LuEHJToAAAAJ&hl=en,5,,,,,,,,,,,,,,,,
Marta,Lukačišinová,Marta Lukačišinová,NIE,,,Technion,Izrael,,,,https://scholar.google.com/citations?user=b2tR7mYAAAAJ&hl=sk&oi=ao,5,,,,,,,,,,,,,,,,
Miroslav,Lysý,Miroslav Lysý,NIE,,,UK,SR,,,,https://scholar.google.sk/citations?user=0HJG6i8AAAAJ&hl=sk,5,,,,,,,,,,,,,,,,
Zuzana,Maďarová,Zuzana Maďarová,NIE,,,UK,SR,,,,https://scholar.google.com/citations?user=5DS191YAAAAJ&hl=sk&oi=ao,6,,,,,,,,,,,,,,,,
Oliver,Macho,Oliver Macho,NIE,,,STU,SR,,,,https://scholar.google.com/citations?user=CQjPbfkAAAAJ&hl=sk&oi=sra,6,,,,,,,,,,,,,,,,
Radovan,Malina,Radovan Malina,NIE,,,UMB,SR,,,,https://scholar.google.com/citations?hl=sk&user=SklXtFYAAAAJ,6,,,,,,,,,,,,,,,,
Nora,Malinovská,Nora Malinovská,NIE,,,UK,SR,,,,https://scholar.google.com/citations?user=XOajnz4AAAAJ&hl=en&oi=sra,6,,,,,,,,,,,,,,,,
Michaela,Matulová,Michaela Matulová,NIE,,,UK,SR,,,,https://scholar.google.com/citations?user=lfSGeLoAAAAJ&hl=sk&oi=sra,7,,,,,,,,,,,,,,,,
Božena ,Mihaliková,Božena Mihalíková,NIE,,,UPJŠ,SR,,,,https://scholar.google.com/citations?user=rLGVneQAAAAJ&hl=sk&oi=ao,5,,,,,,,,,,,,,,,,
Ján,Míšík,Ján Mišík,NIE,,,AOS,SR,,,,https://scholar.google.com/citations?hl=sk&user=AFjCQ9cAAAAJ,5,,,,,,,,,,,,,,,,
Mária,Muchová,Mária Muchová,,,,TUKE,SR,,,,https://scholar.google.com/citations?user=sAErGfgAAAAJ&hl=sk&oi=sra,5,,,,,,,,,,,,,,,,
Leona,Omaníková,Leona Omaníková,NIE,,,STU,SR,,,,https://scholar.google.com/citations?user=yF3etlUAAAAJ&hl=sk&oi=sra,7,,,,,,,,,,,,,,,,
Vojtech,Ondrejka,Vojtech Ondrejka,,,,NLC,SR,,,,https://scholar.google.com/citations?user=7MkdZC0AAAAJ&hl=sk&oi=sra,5,,,,,,,,,,,,,,,,
Juraj,Ondruška,Juraj Ondruška,,,,STU,SR,,,,https://scholar.google.com/citations?user=2ADp-XcAAAAJ&hl=sk&oi=sra,5,,,,,,,,,,,,,,,,
Tamara ,Ondrušková,Tamara Ondrušková,NIE,,,UCL,Spojené kráľovstvo,neurodevelopmental disordersautismchild developmentintellectual disabilitieschallenging behaviour,,,https://scholar.google.com/citations?hl=en&user=Fm9ouRUAAAAJ,5,,,,,,,,,,,,,,,,
Miroslav,Opiela,Miroslav Opiela,NIE,,,UPJŠ,SR,,,,https://scholar.google.sk/citations?hl=en&user=Y-r6MNkAAAAJ,5,,,,,,,,,,,,,,,,
Jozef,Palkovič,Jozef Palkovič,NIE,,,SPU,SR,,,,https://scholar.google.com/citations?user=YPtfNWAAAAAJ&hl=sk&oi=ao,6,,,,,,,,,,,,,,,,
Kamila,Peterková-Kočí,Kamla Peterková-Kočí,NIE,,,UK,SR,,,,https://scholar.google.com/citations?user=nmcmG-gAAAAJ&hl=en&oi=sra,6,,,,,,,,,,,,,,,,
Jaroslav,Pjenčák,Jaroslav Pjenčák,NIE,,,On_Semikonductors,?,,,,https://scholar.google.com/citations?user=WNe69agAAAAJ&hl=sk&oi=ao,5,,,,,,,,,,,,,,,,
Pavol,Povala,Pavol Povala,NIE,,,NBIM,Nórsko,asset pricingmacroeconomicsapplied econometricsmonetary policy,,,https://scholar.google.com/citations?user=4Fxj9LwAAAAJ&hl=sk&oi=ao,5,,,,,,,,,,,,,,,,
Katarína,Pribilová,Katarína Pribilová,NIE,,,UCM,SR,,,,https://scholar.google.com/citations?user=x5Dym0IAAAAJ&hl=sk,5,,,,,,,,,,,,,,,,
Vladimír,Račko,Vladimír Račko,NIE,,,TUZVO,SR,,,,https://scholar.google.com/citations?user=F7mQZZYAAAAJ&hl=sk&oi=sra,6,,,,,,,,,,,,,,,,
Martin,Rakús,Martin Rakús,NIE,,,STU,SR,,,,https://scholar.google.com/citations?user=NmmBTawAAAAJ&hl=sk&oi=sra,6,,,,,,,,,,,,,,,,
Rastislav,Ries,Rastislav Ries,NIE,,,SAV,SR,,,,https://scholar.google.com/citations?user=p6M8xRoAAAAJ&hl=sk&oi=ao,5,,,,,,,,,,,,,,,,
Patrik,Richnák,Patrik Richnák,NIE,,,EU,SR,,,,https://scholar.google.com/citations?user=m7QtE0gAAAAJ&hl=sk&oi=ao,6,,,,,,,,,,,,,,,,
Katarína,Rišová,Katarína Rišová,NIE,,,SAV,SR,,,,https://scholar.google.com/citations?user=QpAOTKEAAAAJ&hl=sk&oi=ao,5,,,,,,,,,,,,,,,,
Zuzana,Rošťáková,Zuzana Rošťáková,NIE,,,SAV,SR,,,,https://scholar.google.com/citations?user=I5YjU2kAAAAJ&hl=sk&oi=ao,4,,,,,,,,,,,,,,,,
Lukáš,Smerek,Lukáš Smerek,NIE,,,UMB,SR,,,,https://scholar.google.com/citations?hl=sk&user=4GIXQk8AAAAJ,6,,,,,,,,,,,,,,,,
Ján,Stanek,Ján Stanek,NIE,,,U. of South Australia,,,,,https://scholar.google.com/citations?hl=sk&user=HqkkFrYAAAAJ,5,,,,,,,,,,,,,,,,
Marek ,Sokáč,Marek Sokáč,NIE,,,SAV,SR,,,,https://scholar.google.com/citations?user=7_ZR0h0AAAAJ&hl=sk&oi=sra,6,,,,,,,,,,,,,,,,
Miroslav,Smatana,Miroslav Smatana,NIE,,,TUKE,SR,,,,https://scholar.google.com/citations?user=k3PeOn4AAAAJ&hl=sk&oi=ao,5,,,,,,,,,,,,,,,,
Samuel,Spáč,Samuel Spáč,NIE,,,UK,SR,,,,https://scholar.google.com/citations?user=IC5AJKgAAAAJ&hl=en&oi=ao,6,,,,,,,,,,,,,,,,
Dušan,Steinhauser,Dušan Steinhauser,,,,EU,SR,,,,https://scholar.google.com/citations?user=vJUPBHYAAAAJ&hl=sk&oi=sra,5,,,,,,,,,,,,,,,,
Zuzana ,Strápeková Čierna,Zuzana Szrápeková Čierna,NIE,,,SPU,SR,,,,https://scholar.google.sk/citations?user=_ibeGnkAAAAJ&hl=sk,5,,,,,,,,,,,,,,,,
Daniel,Šagáth,Daniel Šagáth,NIE,,,Amsterdam Business Research Institute,NL,,,,https://scholar.google.com/citations?user=CROTYnQAAAAJ&hl=en,6,,,,,,,,,,,,,,,,
Veronika,Šidlová Kukučková,Veronika Šidlová Kukučková,NIE,,,Uniag,SR,,,,https://scholar.google.com/citations?user=eWGzjA0AAAAJ&hl=sk&oi=sra,5,,,,,,,,,,,,,,,,
Michal,Šimečka,Michal Šimečka,NIE,,,IIR,ČR,EU Common Foreign and Security PolicyEU integration and enlargementPolitics of the post-Soviet regionTheories of democracy,,,https://scholar.google.com/citations?user=dO-RFmIAAAAJ&hl=sk&oi=ao,5,,,,,,,,,,,,,,,,
Miloš,Štefanovský,Miloš Štefanovský,NIE,,,UK,SR,,,,https://scholar.google.com/citations?user=5lLNLBsAAAAJ&hl=sk&oi=sra,6,,,,,,,,,,,,,,,,
Eliška,Gbúrová Štubňová,Eliška Gbúrová Štubňová,NIE,,,SNM,SR,,,,https://scholar.google.com/citations?user=Bh5i47QAAAAJ&hl=en&oi=sra,6,,,,,,,,,,,,,,,,
Darina,Štyriaková,Darina Štyriaková,NIE,,,Ekolive,SR,,,,https://scholar.google.com/citations?user=Hkcy7ykAAAAJ&hl=sk&oi=ao,5,,,,,,,,,,,,,,,,
Simona,Procházková,Simona Procházková,NIE,,,UK,SR,,,,https://scholar.google.com/citations?user=gQXV8WgAAAAJ&hl=sk&oi=sra,5,,,,,,,,,,,,,,,,
Martin ,Šuster,Martin  Šuster,NIE,,,NBS,SR,,,,https://scholar.google.com/citations?user=FSRjdlkAAAAJ&hl=en,6,,,,,,,,,,,,,,,,
,,,NIE,,,,,,,,,,,,,,,,,,,,,,,,,
Peter,Tkáč,Peter Tkáč,NIE,,,MU,ČR,,,,https://scholar.google.com/citations?user=5DQFH6sAAAAJ&hl=sk&oi=ao,6,,,,,,,,,,,,,,,,
Lubor,Tománek,Lubor Tománek,NIE,,,UK,SR,,,,https://scholar.google.com/citations?user=c7I5X_oAAAAJ&hl=sk&oi=ao,5,,,,,,,,,,,,,,,,
Sándor János,Tóth,Sándor János Tóth,NIE,,,SelyeUni,SR,,,,https://scholar.google.co.th/citations?hl=en&user=TBg5KcIAAAAJ,7,,,,,,,,,,,,,,,,
Natália,Václavíková,Natália Václavíková,NIE,,,Membrain.cz,,,,,https://scholar.google.com/citations?user=_arYtzUAAAAJ&hl=sk,5,,,,,,,,,,,,,,,,
Matej,Vajda,Matej Vajda,NIE,,,UK,SR,,,,https://scholar.google.com/citations?user=j7ctcbYAAAAJ&hl=en&oi=sra,6,,,,,,,,,,,,,,,,
Veronika,Valkovičová,Veronika Valkovičová,NIE,,,UK,SR,,,,https://scholar.google.sk/citations?user=qNc9VVIAAAAJ&hl=sk,6,,,,,,,,,,,,,,,,
Richard,Valo,Richard Valo,NIE,,,STU,SR,,,,https://scholar.google.com/citations?user=OT849TgAAAAJ&hl=sk&oi=sra,5,,,,,,,,,,,,,,,,
Marek,Vančo,Marek Vančo,NIE,,,STU,SR,,,,https://scholar.google.com/citations?user=daW5OC0AAAAJ&hl=sk&oi=ao,5,,,,,,,,,,,,,,,,
Andrej,Vrtel,Andrej Vrtel,NIE,,,UK,SR,archeológia,,,https://scholar.google.com/citations?user=q0kCZwcAAAAJ&hl=sk&oi=ao,5,,,,,,,,,,,,,,,,
Ján,Výbošťok,Ján Výbošťok,NIE,,,SAV,SR,Income InequalityQuantitative AnalysisIncome GeographyBig DataSpatial Statistics,,,https://scholar.google.com/citations?user=9QQny1MAAAAJ&hl=sk&oi=ao,5,,,,,,,,,,,,,,,,
Lucián,Zastko,Lucián Zastko,NIE,,,SAV,SR,,,,https://scholar.google.com/citations?user=EKH15aoAAAAJ&hl=sk&oi=sra,5,,,,,,,,,,,,,,,,
,,,NIE,,,,,,,,,,,,,,,,,,,,,,,,,
Miroslav ,Žigrai,Miroslav Žigrai,,,,SZU,SR,,,,https://scholar.google.com/citations?user=bmfdz1IAAAAJ&hl=en&oi=sra,5,,,,,,,,,,,,,,,,
,,,NIE,,,,,,,,,,,,,,,,,,,,,,,,,
 ,,  ,NIE,,,,,,,,,4,,,,,,,,,,,,,,,,
Eugen,Antal,Eugen Antal,NIE,,,STU,SR,,,,https://scholar.google.sk/citations?user=H-p3PsEAAAAJ&hl=en,4,,,,,,,,,,,,,,,,
Pavel,Babal,Pavel Babal,NIE,,,Kipp & Zonen,,,,,https://scholar.google.com/citations?user=hsiOEK4AAAAJ&hl=sk&oi=ao,5,,,,,,,,,,,,,,,,
Martin,Baláž,Martin Baláž,NIE,,,UK,SR,,,,https://scholar.google.sk/citations?user=16-vzbkAAAAJ&hl=en,4,,,,,,,,,,,,,,,,
Peter,Baláž,Peter Baláž,NIE,,,iom.gov.pl,SR,,,,https://scholar.google.sk/citations?user=BstkfpkAAAAJ&hl=en,5,,,,,,,,,,,,,,,,
Petra,Barančíková,Petra Barančíková,NIE,,,CUNI,ČR,,,,https://scholar.google.com/citations?user=Y2nzLI0AAAAJ&hl=en&oi=ao,4,,,,,,,,,,,,,,,,
Lenka,Belicová,Lenka Belicová,NIE,,,Karolinska institutet,Švédsko,,,,https://scholar.google.com/citations?user=93lxk_wAAAAJ&hl=en&oi=ao,4,,,,,,,,,,,,,,,,
Kristína,Bilková,Kristína Bilková,NIE,,,UK,SR,,,,https://scholar.google.com/citations?user=j2_yBWgAAAAJ&hl=sk&oi=sra,4,,,,,,,,,,,,,,,,
Maroš,Blaha,Maroš Blaha,NIE,,,ETH,Švajčiarsko,,,,https://scholar.google.com.sg/citations?user=EWMPYXwAAAAJ&hl=th,4,,,,,,,,,,,,,,,,
Daniel,Brezina,Daniel Brezina,NIE,,,Akadémia ozbroj. síl,SR,,,,https://scholar.google.com/citations?user=wBA6tqcAAAAJ&hl=en&oi=sra,4,,,,,,,,,,,,,,,,
Michaela,Brchnelová,Michela Brchnelová,NIE,,,kuleuven,Belgicko,,,,https://scholar.google.cz/citations?user=dmja1A8AAAAJ&hl=en&oi=ao,5,,,,,,,,,,,,,,,,
Dušana,Dokupilová,Dušana Dokupilová,NIE,,,SAV,SR,,,,https://scholar.google.com/citations?user=l4mJbDEAAAAJ&hl=sk&oi=ao,6,,,,,,,,,,,,,,,,
Jakub,Drábik,Jakub Drábik,NIE,,,SAV,SR,,,,https://scholar.google.com/citations?user=e3hWBZkAAAAJ&hl=en&oi=ao,4,,,,,,,,,,,,,,,,
Katarína ,Ďurčanská,Katarína Ďurčanská,NIE,,,STU,SR,,,,https://scholar.google.com/citations?user=IvzYzjkAAAAJ&hl=sk&oi=ao,4,,,,,,,,,,,,,,,,
Katarína,Džubáková Budáčová,Katarína Džubáková Budáčová,NIE,,,??,Švajčiarsko,,,,https://scholar.google.ch/citations?user=Cow83ekAAAAJ&hl=en,4,,,https://www.linkedin.com/in/kbudacova/,,,,,,,,,,,,,
Peter,Fulla,Peter Fulla,NIE,,,Chuo Univ.,Japonsko,combinatorial optimizationcomputational complexity,,,https://scholar.google.com/citations?user=NqKWjD4AAAAJ&hl=en,4,,,http://www.cs.ox.ac.uk/files/9616/cv.pdf,,,,,,,,,,,,,
ľudmila,Gábrišová,Ľudmila Gábrišová,NIE,,,STU,SR,,,,https://scholar.google.com/citations?user=y4oLeLcAAAAJ&hl=en&oi=sra,5,,,,,,,,,,,,,,,,
Veronika,Gáliková,Veronika Gáliková,NIE,,,TUL,ČR,,,,https://scholar.google.com/citations?user=_1HzB9oAAAAJ&hl=sk&oi=sra,4,,,,,,,,,,,,,,,,
Ahmad,Gharaibeh,Ahmad Gharaibeh,NIE,,,UPJŠ,SR,,,,https://scholar.google.sk/citations?hl=en&user=h6W_L5sAAAAJ,5,,,,,,,,,,,,,,,,
,,,NIE,,,,,,,,,,,,,,,,,,,,,,,,,
Zsuzsanna,Godány,Zsuzsanna Godány,NIE,,,SelyeUni,SR,,,,https://scholar.google.co.th/citations?hl=en&user=BS5X5x4AAAAJ,4,,,,,,,,,,,,,,,,
Peter,Hanuliak,Peter Hanuliak,NIE,,,STU,SR,,,,https://scholar.google.com/citations?user=oqfOKaMAAAAJ&hl=sk&oi=sra,4,,,,,,,,,,,,,,,,
Juraj,Hamár,Juraj hamár,NIE,,,UK,SR,,,,https://scholar.google.com/citations?user=_jna9EMAAAAJ&hl=sk&oi=ao,4,,,,,,,,,,,,,,,,
Juraj,Hladký,Juraj Hladký,NIE,,,TrUni,SR,,,,https://scholar.google.com/citations?user=Uc7SWo4AAAAJ&hl=en&oi=ao,4,,,,,,,,,,,,,,,,
Ján,Hlavinka,Ján Hlavinka,NIE,,,SAV,SR,,,,https://scholar.google.com/citations?user=DlE0sMIAAAAJ&hl=sk&oi=ao,5,,,,,,,,,,,,,,,,
Juraj,Hledík,Juraj Hledík,NIE,,,Wirtschaftsuniversität Wien,Rakúsko,,,,https://scholar.google.sk/citations?user=3KO-i-QAAAAJ&hl=sk,4,,,,,,,,,,,,,,,,
Miroslava,Horniačková,Miroslava Horniačková,NIE,,,SZU,SR,,,,https://scholar.google.com/citations?user=BXMtnHUAAAAJ&hl=sk&oi=sra,4,,,,,,,,,,,,,,,,
Tatiana,Hrivíková,Tatiana Hrivíková,NIE,,,EU,SR,,,,https://scholar.google.com/citations?user=Z6QKR_oAAAAJ&hl=sk&oi=sra,4,,,,,,,,,,,,,,,,
Juraj,Hub,Juraj Hub,NIE,,,UNOB,ČR,,,,https://scholar.google.com/citations?hl=sk&user=RhddH1cAAAAJ,4,,,,,,,,,,,,,,,,
Martin,Hudcovský,Martin Hudcovský,NIE,,,EU,SR,,,,https://scholar.google.com/citations?user=27gJzs0AAAAJ&hl=sk&oi=ao,5,,,,,,,,,,,,,,,,
Peter,Chovanec,Peter Chovanec,NIE,,,Uni.of Ostrava,ČR,,,,https://scholar.google.cz/citations?user=Pmuf7GUAAAAJ&hl=en,4,,,,,,,,,,,,,,,,
Lenka,Janík Blašková,Lenka Janík Blašková,NIE,,,U.of Cambridge,Veľká Británia,,,,https://scholar.google.com/citations?user=zrKo8iAAAAAJ&hl=sk&oi=ao,4,,,,,,,,,,,,,,,,
Pavlína,Jasovská,Pavlína Jasovská,NIE,,,UoSydney,Austrália,International Business,,,https://scholar.google.com/citations?user=L8rnigMAAAAJ&hl=sk&oi=ao,4,,,,,,,,,,,,,,,,
Adriana,Jesenková,Adriana Jesenková,NIE,,,UPJŠ,SR,,,,https://scholar.google.com/citations?user=LIJ1xx0AAAAJ&hl=sk&oi=sra,5,,,,,,,,,,,,,,,,
Jana,Jurinová,Jana Jurinová,,,,UCM,SR,,,,https://scholar.google.sk/citations?user=nFrsrNoAAAAJ&hl=en,4,,,,,,,,,,,,,,,,
Šarlota,Kaňuková,Šarlota Kaňuková,NIE,,,UCM,SR,,,,https://scholar.google.com/citations?user=pawnqpAAAAAJ&hl=sk&oi=sra,4,,,,,,,,,,,,,,,,
Martin,Kasko,Martin Kasko,NIE,,,UK,SR,,,,https://scholar.google.com/citations?user=4EfMb7gAAAAJ&hl=sk&oi=ao,4,,,,,,,,,,,,,,,,
Peter,Kilián,Peter Kilián,NIE,,,MultiplexDX,SR,,,,https://scholar.google.com/citations?user=Bi8vNoYAAAAJ&hl=sk&oi=sra,4,,,,,,,,,,,,,,,,
Alica,Kizeková,Alica Kizeková,NIE,,,IIR,ČR,,,,https://scholar.google.com/citations?user=J9enOD0AAAAJ&hl=sk&oi=ao,4,,,,,,,,,,,,,,,,
Ľudovít,Kolláth,Ľudovít Kolláth,NIE,,,STU,SR,,,,https://scholar.google.com/citations?user=elCCO6MAAAAJ&hl=sk&oi=ao,4,,,,,,,,,,,,,,,,
Andrea,Korimová,Andrea Korimová,,,,SAV,SR,,,,https://scholar.google.com/citations?user=GBQySRUAAAAJ&hl=en&oi=sra,5,,,,,,,,,,,,,,,,
Jozef,Kováč,Jozef Kováč,NIE,,,UK,SR,,,,https://scholar.google.com/citations?user=tsB-Ia0AAAAJ&hl=sk&oi=ao,5,,,,,,,,,,,,,,,,
,,,NIE,,,,,,,,,,,,,,,,,,,,,,,,,
Jana,Krystofová Mike,Jana Krystofova Mike,NIE,,,U. of California,USA,,,,https://scholar.google.com/citations?user=aPtRqfkAAAAJ&hl=en&oi=sra,4,,,,,,,,,,,,,,,,
Hana,Holá Kutlíková,Hana Holá Kutlíková,,,,U. of Vienna,Rakúsko,,,,https://scholar.google.com/citations?user=_nZQ2o0AAAAJ&hl=en&oi=sra,5,,,http://www.nbu-vienna.com/hana.html,,,,,,,,,,,,,
Pavel,Labath,Pavel Labath,,,,UK,SR,,,,https://scholar.google.com/citations?user=UvDYFMwAAAAJ&hl=sk&oi=sra,4,,,,,,,,,,,,,,,,
Jadža,Lejková,Jadža Lejková,NIE,,,STU,SR,,,,https://scholar.google.sk/citations?user=AgM5iygAAAAJ&hl=sk,5,,,,,,,,,,,,,,,,
Tomáš,Lichard,Tomáš Lichard,NIE,,,cerge-ei,ČR,,,,https://scholar.google.com/citations?user=ZCbzmtsAAAAJ&hl=sk&oi=ao,4,,,http://home.cerge-ei.cz/tlichard/CV/Lichard_CV_academic.pdf,,,,,,,,,,,,,
Patrik,Novák,Patrik Novák,NIE,,,STU,SR,,,,https://scholar.google.com/citations?user=U-SJWFIAAAAJ&hl=sk&oi=sra,4,,,,,,,,,,,,,,,,
Michal,Marcin,Michal Marcin,NIE,,,TUKE,SR,,,,https://scholar.google.com/citations?user=VOK-OhsAAAAJ&hl=sk&oi=sra,4,,,,,,,,,,,,,,,,
Miriam,Martinkovičová,Miriam Martinkovičová,NIE,,,UMB,SR,,,,https://scholar.google.com/citations?user=nJol4kkAAAAJ&hl=sk&oi=sra,5,,,,,,,,,,,,,,,,
Ivan,Matúš,Ivan Matúš,NIE,,,PU,SR,,,,https://scholar.google.com/citations?user=oTGGwMAAAAAJ&hl=sk&oi=sra,5,,,,,,,,,,,,,,,,
Peter,Minárik,Peter Minárik,NIE,,,onlife.sk,SR,,,,https://scholar.google.sk/citations?user=Cp2NbVEAAAAJ&hl=sk,4,,,,,,,,,,,,,,,,
Norbert,Moravanský,Norbert Moravanský,NIE,,,,,,,,https://scholar.google.com/citations?user=-vW_MsYAAAAJ&hl=sk&oi=sra,4,,,,,,,,,,,,,,,,
Peter,Murár,Peter Murár,NIE,,,UCM,SR,,,,https://scholar.google.com/citations?user=7nwDOW0AAAAJ&hl=sk&oi=ao,4,,,,,,,,,,,,,,,,
Eduard,Nežinský,Eduard Nežinský,NIE,,,SAV,SR,,,,https://scholar.google.com/citations?user=kXvRhbgAAAAJ&hl=sk&oi=sra,6,,,,,,,,,,,,,,,,
Miroslav ,Olvecký,Miroslav Olvecký,,,,UCM,SR,,,,https://scholar.google.com/citations?user=MEvi8nUAAAAJ&hl=en,4,,,,,,,,,,,,,,,,
Filip,Ostrihoň,Filip Ostrihoň,NIE,,,SAV,SR,,,,https://scholar.google.sk/citations?user=glOTiawAAAAJ&hl=en,4,,,,,,,,,,,,,,,,
Tomáš,Páleník,Tomáš Páleník,NIE,,,STU,SR,,,,https://scholar.google.com/citations?user=TB9YRVEAAAAJ&hl=sk&oi=ao,5,,,,,,,,,,,,,,,,
Jana,Péliová,Jana Péliová,NIE,,,EU,SR,,,,https://scholar.google.com/citations?user=IPIQapoAAAAJ&hl=sk&oi=sra,6,,,,,,,,,,,,,,,,
Peter,Pištek,Peter Pištek,NIE,,,KINIT,SR,,,,https://scholar.google.com/citations?user=4UABSvEAAAAJ&hl=sk&oi=sra,5,,,,,,,,,,,,,,,,
Zuzana,Polačková,Zuzana Polačková,NIE,,,SAV,SR,,,,https://scholar.google.com/citations?user=HUu5yYQAAAAJ&hl=sk&oi=sra,4,,,,,,,,,,,,,,,,
Samuel,Rosa,Samuel Rosa,NIE,,,UK,SR,,,,https://scholar.google.com/citations?user=7ZbkgfQAAAAJ&hl=sk&oi=ao,5,,,,,,,,,,,,,,,,
Zdenka,Rózová,Zdenka Rózová,NIE,,,UKF,SR,,,,https://scholar.google.com/citations?user=n-wcpYYAAAAJ&hl=en&oi=sra,4,,,,,,,,,,,,,,,,
Jozef,Preťo,Jozef Preťo,NIE,,,VIPO,SR,,,,https://scholar.google.sk/citations?user=_TsFrrwAAAAJ&hl=sk,4,,,,,,,,,,,,,,,,
Tomáš,Rusňák,Tomáš Rusňák,,,,SAV,SR,,,,https://scholar.google.com/citations?user=DNqbBscAAAAJ&hl=en&oi=ao,5,,,,,,,,,,,,,,,,
Zlatica,Sáposová,Zlatica Sáposová,NIE,,,SAV,SR,,,,https://scholar.google.sk/citations?user=brqOUM8AAAAJ&hl=sk,4,,,,,,,,,,,,,,,,
Matúš,Sloboda,Matúš Sloboda,NIE,,,UK,SR,,,,https://scholar.google.com/citations?user=P3nuyfgAAAAJ&hl=en&oi=ao,4,,,,,,,,,,,,,,,,
Jozef,Slugeň,Jozef Slugeň,NIE,,,TUZVO,SR,,,,https://scholar.google.com/citations?hl=sk&user=piJMQnsAAAAJ,4,,,,,,,,,,,,,,,,
Ján,Somorčík,Ján Somorčík,NIE,,,UK,SR,,,,https://scholar.google.com/citations?user=OAQFsBMAAAAJ&hl=sk&oi=sra,4,,,,,,,,,,,,,,,,
Ľudmila,Staňová,Ľudmila Staňová,NIE,,,UK,SR,,,,https://scholar.google.com/citations?user=HDk1GRsAAAAJ&hl=sk,4,,,,,,,,,,,,,,,,
Denisa,Straková,Denisa Straková,NIE,,,UNIZA,SR,,,,https://scholar.google.com/citations?user=BcglY6cAAAAJ&hl=sk&oi=sra,4,,,,,,,,,,,,,,,,
Mária,Šedivá,Mária Šedivá,NIE,,,SAV,SR,,,,https://scholar.google.com/citations?user=u3hLZ5oAAAAJ&hl=sk&oi=sra,4,,,,,,,,,,,,,,,,
Miroslava,Špaglová,Miroslava Špaglová,NIE,,,UK,SR,,,,https://scholar.google.com/citations?user=A4M-QtoAAAAJ&hl=sk&oi=sra,5,,,,,,,,,,,,,,,,
Mária,Šupínová,Mária Šupínová,NIE,,,SZU,SR,,,,https://scholar.google.com/citations?user=8ZYZu2gAAAAJ&hl=sk&oi=ao,5,,,,,,,,,,,,,,,,
Lenka,Štofejová,Lenka Štofejová,NIE,,,UNIPO,SR,,,,https://scholar.google.com/citations?user=Ymv7QeYAAAAJ&hl=en&oi=sra,5,,,,,,,,,,,,,,,,
Mária,Tatarková,Mária Tatarková,NIE,,,UK,SR,,,,https://scholar.google.com/citations?user=ZULJ5YAAAAAJ&hl=en&oi=sra,4,,,,,,,,,,,,,,,,
Mária,Tomková,Mária Tomková,NIE,,,UPJŠ,SR,,,,https://scholar.google.com/citations?user=RvPZQMkAAAAJ&hl=sk&oi=ao,5,,,,,,,,,,,,,,,,
,,,NIE,,,,,,,,,,,,,,,,,,,,,,,,,
Katarína,Urbanová,Katarína Urbanová,NIE,,,UNIPO,SR,,,,https://scholar.google.com/citations?user=asjOP10AAAAJ&hl=sk&oi=sra,4,,,,,,,,,,,,,,,,
Ján,Urminský,Ján Urminský,NIE,,,STU,SR,,,,https://scholar.google.sk/citations?user=JX6tD5EAAAAJ&hl=sk,4,,,,,,,,,,,,,,,,
Zlata,Vaľovská,Zlata Vaľovská,NIE,,,UPJŠ,SR,,,,https://scholar.google.sk/citations?hl=en&user=PgIgHWYAAAAJ,4,,,,,,,,,,,,,,,,
Peter ,Vanya,Peter Vanya,NIE,,,Inovec Tech,SR,molecular dynamicspolymerstransport modellingcomputer vision,,,https://scholar.google.com/citations?user=mvvXHfIAAAAJ&hl=sk&oi=ao,4,,,,,,,,,,,,,,,,
Jan,Varga,Jan Varga,NIE,,,UofSouth Australia,Austrália,,,,https://scholar.google.com/citations?hl=sk&user=MSIRmdkAAAAJ,4,,,,,,,,,,,,,,,,
,,,NIE,,,,,,,,,,,,,,,,,,,,,,,,,
Jozef ,Zavadský,Jozef Zavadský,NIE,,,TUKE,SR,,,,https://scholar.google.sk/citations?user=JCmrcccAAAAJ&hl=sk,4,,,,,,,,,,,,,,,,
Jana,Zlacká (Horváthová),Jana Zlacká (Horváthová),NIE,,,UK,SR,,,,https://scholar.google.com/citations?user=TzLlFzAAAAAJ&hl=en&oi=sra,4,,,,,,,,,,,,,,,,
Dominik,Želinský,Dominik Želinský,NIE,,,U.of Copenhagen,Dánsko,,,,https://scholar.google.sk/citations?user=UZgalE0AAAAJ&hl=sk,4,,,,,,,,,,,,,,,,
,,,NIE,,,,,,,,,,,,,,,,,,,,,,,,,
,, ,NIE,,,,,,,,,3,,,,,,,,,,,,,,,,
Marián ,Andričík,Marián Andričik,NIE,,,,SR,,,,https://scholar.google.com/citations?user=4v_FRx0AAAAJ&hl=sk&oi=ao,3,,,,,,,,,,,,,,,,
Peter,Baus,Peter Baus,NIE,,,UK,SR,,,,https://scholar.google.com/citations?user=oTXTkMIAAAAJ&hl=sk,3,,,,,,,,,,,,,,,,
Andrej,Baláž,Andrej Baláž,NIE,,,UK,SR,,,,https://scholar.google.sk/citations?user=8TD6Zd4AAAAJ&hl=en,3,,,,,,,,,,,,,,,,
Katarína,Bellová,Katarína Bellová,NIE,,,uni-leipzig,Nemecko,,,,https://scholar.google.com/citations?user=cRf_Ck0AAAAJ&hl=sk&oi=sra,3,,,,,,,,,,,,,,,,
Petra,Brandoburová,Petra Brandoburová,NIE,,,UK,SR,,,,https://scholar.google.com/citations?user=QKKcy0cAAAAJ&hl=en&oi=ao,3,,,,,,,,,,,,,,,,
Martin,Braxatoris,Martin Braxatoris,NIE,,,SAV,SR,,,,https://scholar.google.com/citations?user=_pFSsZUAAAAJ&hl=sk&oi=sra,3,,,,,,,,,,,,,,,,
Lucia,Budinská,Lucia Budinská,NIE,,,UK,SR,,,,https://scholar.google.com/citations?user=GuhoifcAAAAJ&hl=sk&oi=ao,3,,,,,,,,,,,,,,,,
Martin,Ernek,Martin Ernek,NIE,,,STU,SR,,,,https://scholar.google.com/citations?user=UVoJnyIAAAAJ&hl=sk&oi=sra,3,,,,,,,,,,,,,,,,
Jana,Faixová Chalachanová,Jana Faixová Chalachanová,NIE,,,STU,SR,,,,https://scholar.google.com/citations?user=85NVQAUAAAAJ&hl=sk&oi=sra,3,,,,,,,,,,,,,,,,
Robert,Fencík,Robert Fencík,NIE,,,STU,SR,,,,https://scholar.google.sk/citations?user=Mp7a_B8AAAAJ&hl=sk,3,,,,,,,,,,,,,,,,
,,,NIE,,,,,,,,,,,,,,,,,,,,,,,,,
Jana,Fúsková,Jana Fúsková,NIE,,,TRUNI,SR,,,,https://scholar.google.com/citations?user=LG0_X_8AAAAJ&hl=sk&oi=sra,3,,,,,,,,,,,,,,,,
Mária,Goboová,Mária Goboová,NIE,,,FN Nitra,SR,,,,https://scholar.google.com/citations?user=xKe3PPcAAAAJ&hl=sk&oi=sra,3,,,,,,,,,,,,,,,,
Tomáš,Goga,Tomáš Goga,NIE,,,SAV,SR,,,,https://scholar.google.sk/citations?user=hNxEz90AAAAJ&hl=sk,3,,,,,,,,,,,,,,,,
Peter,Hric,Peter Hric,NIE,,,UNIPO,SR,,,,https://scholar.google.com/citations?user=GEHvG1MAAAAJ&hl=en&oi=ao,3,,,,,,,,,,,,,,,,
Martin,Hulényi,Martin Hulényi,NIE,,,U. de Lille,Francúzsko,,,,https://scholar.google.com/citations?user=Xk7W1hMAAAAJ&hl=cs,3,,,,,,,,,,,,,,,,
Peter,Chochol,Peter Chochol,NIE,,,Sfera,SR,,,,https://scholar.google.sk/citations?user=2Id6NtwAAAAJ&hl=en,3,,,,,,,,,,,,,,,,
Anna,Jacková,Anna Jacková,NIE,,,UNIZA,SR,,,,https://scholar.google.com/citations?user=vmXX7EoAAAAJ&hl=en&oi=sra,3,,,,,,,,,,,,,,,,
Jaromír,Jakab,Jaromír Jakab,,,,UPJŠ,SR,,,,https://scholar.google.sk/citations?hl=en&user=9N5B02IAAAAJ,3,,,,,,,,,,,,,,,,
,,,NIE,,,,,,,,,,,,,,,,,,,,,,,,,
Iveta,Jeleňová,Iveta Jeleňová,NIE,,,UPJŠ,SR,,,,https://scholar.google.com/citations?user=uYDFWigAAAAJ&hl=sk&oi=sra,4,,,,,,,,,,,,,,,,
Martin,Kasarda,Martin Kasarda,,,,Paneuropska,SR,,,,https://scholar.google.com/citations?user=cT-sDCUAAAAJ&hl=sk&oi=sra,5,,,,,,,,,,,,,,,,
Daniel,Keleti,Daniel Keleti,,,,,USA,,,,https://scholar.google.com/citations?user=taHizMcAAAAJ&hl=sk&oi=ao,3,,,https://www.piestanskydennik.sk/2011/07/22/slovenske-osobnosti-mediciny-vo-svete-6/,,,,,,,,,,,,,
Jana,Kicura Sokolova,Jana Kicura Sokolova,NIE,,,UniPo,SR,,,,https://scholar.google.com/citations?user=vq-0KooAAAAJ&hl=sk,3,,,,,,,,,,,,,,,,
Renáta,Kissová,Renáta Kissová,NIE,,,VZBB,SR,,,,https://scholar.google.com/citations?user=HevBL7kAAAAJ&hl=sk&oi=ao,3,,,,,,,,,,,,,,,,
Zuzana,Klepcová,Zuzana Klepcová,NIE,,,UPJŠ,SR,,,,https://scholar.google.com/citations?user=XlXGikMAAAAJ&hl=sk&oi=sra,3,,,,,,,,,,,,,,,,
Silvia,Tóbiás Kosár,Silvia Tóbiás Kosár,NIE,,,SelyeUni,SR,,,,https://scholar.google.co.th/citations?hl=en&user=99Xnv8AAAAAJ,3,,,,,,,,,,,,,,,,
Lucia,Kováčová,Lucia Kováčová,NIE,,,CELSI,SR,,,,https://scholar.google.com/citations?user=WF7HhG0AAAAJ&hl=sk&oi=sra,5,,,,,,,,,,,,,,,,
Michal,Kšiňan,Michal Kšiňan,NIE,,,SAV,SR,,,,https://scholar.google.com/citations?user=5QWowBAAAAAJ&hl=sk&oi=ao,3,,,,,,,,,,,,,,,,
Jana,Kuzmíková,Jana Kuzmíková,NIE,,,SAV,SR,,,,https://scholar.google.com/citations?user=51tkQfQAAAAJ&hl=sk&oi=sra,3,,,,,,,,,,,,,,,,
Róbert ,Kysel,Róbert Kysel,NIE,,,UK,SR,,,,https://scholar.google.com/citations?user=yYE5vBsAAAAJ&hl=en,3,,,,,,,,,,,,,,,,
Diana,Kvasnová,Diana Kvasnová,NIE,,,UMB,SR,,,,https://scholar.google.com/citations?user=PHA3wGAAAAAJ&hl=sk&oi=sra,3,,,,,,,,,,,,,,,,
Katarína,Labudová,Katarína Labudová,NIE,,,KU,SR,,,,https://scholar.google.com/citations?user=Kzn4ugsAAAAJ&hl=sk&oi=ao,4,,,,,,,,,,,,,,,,
Petra,Lacková,Petra Lacková,NIE,,,U. of Aberdeen,Veľká Británia,,,,https://scholar.google.com/citations?user=GulVu_UAAAAJ&hl=en,3,,,,,,,,,,,,,,,,
Monika,Laššánová,Monika Laššánová,NIE,,,UK,SR,,,,https://scholar.google.com/citations?user=Pkgv2-QAAAAJ&hl=sk&oi=sra,3,,,,,,,,,,,,,,,,
Martin,Liška,Martin Liška,NIE,,,eneroaqua,SR,,,,https://scholar.google.com/citations?user=vC91XJMAAAAJ&hl=sk&oi=sra,3,,,,,,,,,,,,,,,,
Lukáš,Michaleje,Lukáš Michaleje,NIE,,,SAV,SR,,,,https://scholar.google.com/citations?user=wuJbofAAAAAJ&hl=sk&oi=sra,3,,,,,,,,,,,,,,,,
Martin,Mierka,Martin Mierka,NIE,,,STU,SR,,,,https://scholar.google.com/citations?user=WuKeD98AAAAJ&hl=en&oi=sra,3,,,,,,,,,,,,,,,,
Dávid,Miško,Dávid Miško,NIE,,,UniPO,SR,,,,https://scholar.google.sk/citations?user=Xt3zHJ4AAAAJ&hl=sk,3,,,,,,,,,,,,,,,,
Lucia,Mokrá,Lucia Mokrá,NIE,,,UK,SR,,,,https://scholar.google.com/citations?user=JpqJavEAAAAJ&hl=sk,3,,,,,,,,,,,,,,,,
Zuzana,Molnárová,Zuzana Molnárová,NIE,,,Austrian Productivity Board,Rakúsko,macroeconomics,,,https://scholar.google.com/citations?user=PVf_5EgAAAAJ&hl=sk&oi=ao,3,,,,,,,,,,,,,,,,
Peter,Murín,Peter Murín,NIE,,,UK,SR,,,,https://scholar.google.com/citations?user=4Ehtxs4AAAAJ&hl=sk&oi=sra,3,,,,,,,,,,,,,,,,
Matej,Navrátil,Matej Navrátil,NIE,,,SAV,SR,,,,https://scholar.google.com/citations?user=6hPau78AAAAJ&hl=sk&oi=ao,3,,,,,,,,,,,,,,,,
Katarína,Nemčoková,Katarína Nemčoková,NIE,,,UTB,ČR,,,,https://scholar.google.com/citations?user=K_6pGDwAAAAJ&hl=sk&oi=sra,4,,,,,,,,,,,,,,,,
Lenka,Nosáková,Lenka Nosáková,NIE,,,UNM,SR,,,,https://scholar.google.com/citations?user=yfSNJFQAAAAJ&hl=sk&oi=sra,3,,,,,,,,,,,,,,,,
Marcel,Novák,Marcel Novák,NIE,,,EU,SR,,,,https://scholar.google.com/citations?user=hy3YxqkAAAAJ&hl=sk&oi=sra,3,,,,,,,,,,,,,,,,
Simona,Oľhová,Simona Oľhová (Andraščíková),NIE,,,SAV,SR,,,,https://scholar.google.com/citations?user=niXvPkIAAAAJ&hl=sk&oi=ao,3,,,,,,,,,,,,,,,,
Iveta,Onderová,Iveta Onderová,NIE,,,STU,SR,,,,https://scholar.google.com/citations?user=akhH3swAAAAJ&hl=sk&oi=ao,3,,,,,,,,,,,,,,,,
Michal,Patarák,Michal Patarák,NIE,,,NSPBB,SR,psychiatria,,,https://scholar.google.com/citations?user=yv_fXXQAAAAJ&hl=en&oi=ao,4,,,,,,,,,,,,,,,,
Patrik,Pekarčík,Patrik Pekarčík,NIE,,,UPJŠ,SR,,,,https://scholar.google.sk/citations?hl=en&user=yUVGfXsAAAAJ,3,,,,,,,,,,,,,,,,
Gabriella,Petres Czizmadia,Gabriella Petres  Czizmadia,NIE,,,UKF,SR,,,,https://scholar.google.com/citations?user=nqyhfNsAAAAJ&hl=sk&oi=ao,3,,,,,,,,,,,,,,,,
Juraj,Podroužek,Juraj Podroužek,NIE,,,KINIT,SR,,,,https://scholar.google.com/citations?user=piw5W2AAAAAJ&hl=sk&oi=ao,4,,,,,,,,,,,,,,,,
Monika,Prostináková Hossová,Monika Prostináková Hossová,,,,UCM,SR,,,,https://scholar.google.com/citations?user=Q9qo8EYAAAAJ&hl=sk&oi=sra,3,,,,,,,,,,,,,,,,
Oliver,Rafaj,Oliver Rafaj,NIE,,,EU,SR,,,,https://scholar.google.com/citations?user=vmAAKfwAAAAJ&hl=sk&oi=sra,3,,,,,,,,,,,,,,,,
Peter ,Rosputinský,Peter Rosputinský,NIE,,,UMB,SR,,,,https://scholar.google.sk/citations?user=X2tfi5cAAAAJ&hl=sk,3,,,,,,,,,,,,,,,,
Radoslav,Rusňák,Radoslav Rusňák,NIE,,,UNIPO,SR,,,,https://scholar.google.com/citations?user=aKDDMqUAAAAJ&hl=en&oi=ao,3,,,,,,,,,,,,,,,,
Ingrid,Semanišinová,Ingrid Semanišinová,NIE,,,UPJŠ,SR,,,,https://scholar.google.sk/citations?hl=en&user=LZubpqwAAAAJ,4,,,,,,,,,,,,,,,,
Dávid,Sklenár,Dávid Sklenár,NIE,,,ITcom,SR,,,,https://scholar.google.com/citations?user=Oi5rFL8AAAAJ&hl=en&oi=sra,3,,,,,,,,,,,,,,,,
Roman,Staňo,Roman Staňo,,,,U. of Vienna,Rakúsko,,,,https://scholar.google.com/citations?user=P5OUlscAAAAJ&hl=sk,4,,,,,,,,,,,,,,,,
Mária,Stanková,Mária Stanková,,,,UK,SR,,,,https://scholar.google.com/citations?user=3xYjd_UAAAAJ&hl=sk&oi=sra,4,,,,,,,,,,,,,,,,
Gábor ,Szudi,Gábor Szudi,NIE,,,EU,SR,,,,https://scholar.google.fr/citations?user=9aKHZLoAAAAJ&hl=en,4,,,,,,,,,,,,,,,,
Michal,Šašala,Michal Šašala,NIE,,,TUKE,SR,,,,https://scholar.google.com/citations?user=_yDMHAoAAAAJ&hl=sk&oi=sra,3,,,,,,,,,,,,,,,,
Eva,Tomková,Eva Tomková,NIE,,,TUKE,SR,,,,https://scholar.google.com/citations?user=e-tHyzsAAAAJ&hl=sk&oi=ao,4,,,,,,,,,,,,,,,,
Silvester,Trnovec,Silvester Trnovec,NIE,,,SAV,SR,,,,https://scholar.google.com/citations?user=5TB1mOYAAAAJ&hl=sk&oi=ao,3,,,,,,,,,,,,,,,,
Terézia,Valkovičová,Terézia Valkovičová,NIE,,,SAV,SR,genetika,,,https://scholar.google.com/citations?user=dp86PXkAAAAJ&hl=sk&oi=ao,3,,,,,,,,,,,,,,,,
,,,NIE,,,,,,,,,,,,,,,,,,,,,,,,,
Ivana,Varhaníková,Ivana Varhaníková,NIE,,,sccg.sk,SR,,,,https://scholar.google.sk/citations?user=rCIsxUQAAAAJ&hl=sk,3,,,,,,,,,,,,,,,,
Jakub,Vonkomer,Jakub Vonkomer,NIE,,,VONSCH,SR,,,,https://scholar.google.com/citations?user=YmVmxt8AAAAJ&hl=sk&oi=ao,3,,,,,,,,,,,,,,,,
,,,NIE,,,,,,,,,,,,,,,,,,,,,,,,,
,, ,NIE,,,,,,,,,2,,,,,,,,,,,,,,,,
Barbora,Balážová,Barbora Balážová,,,,SAV,SR,,,,https://scholar.google.com/citations?user=vQWI_agAAAAJ&hl=th,2,,,,,,,,,,,,,,,,
Ján,Ďuraš,Ján Ďuraš,,,,"Texas Tech, University",USA,,,,https://scholar.google.com/citations?user=LoehfbUAAAAJ&hl=en,2,,,,,,,,,,,,,,,,
Tomáš,Eichler,Tomáš Eichler,NIE,,,IMP,Rakúsko,,,,https://scholar.google.com/citations?user=vi5qykQAAAAJ&hl=en,2,,,,,,,,,,,,,,,,
Ján,Fehér,Ján Fehér,NIE,,,TUKE,SR,,,,https://scholar.google.com/citations?user=ox9THgYAAAAJ&hl=sk&oi=sra,3,,,,,,,,,,,,,,,,
Michal,Franek,Michal Franek,NIE,,,STU,SR,Wind EngineeringCivil Engineering,,,https://scholar.google.com/citations?user=yVIpRPIAAAAJ&hl=sk&oi=sra,3,,,,,,,,,,,,,,,,
Milan,Ftáčnik,Milan Ftáčnik,NIE,,SK,,SR,,,zomrel,https://scholar.google.com/citations?user=UcSVWjEAAAAJ&hl=sk&oi=ao,3,,,,,,,,,,,,,,,,
Andrea,Galusová,Andrea Galusová,NIE,,,,,,,,https://scholar.google.com/citations?user=ePVKDWEAAAAJ&hl=sk&oi=ao,2,,,,,,,,,,,,,,,,
Miroslav,Gašpárek,Miroslav Gašpárek,NIE,,,Oxford,Veľká Británia,,,,https://scholar.google.com/citations?user=_lmfPy4AAAAJ&hl=en&oi=ao,3,,,,,,,,,,,,,,,,
Michal,Hanko,Michal Hanko,NIE,,,UK,SR,,,,https://scholar.google.com/citations?user=x0Vm--N5-sgC&hl=sk&oi=ao,2,,,,,,,,,,,,,,,,
Jana,Ižvoltová,Jana Ižvoltová,NIE,,,UNIZA,SR,,,,https://scholar.google.com/citations?user=MYeVsssAAAAJ&hl=sk&oi=sra,3,,,,,,,,,,,,,,,,
Veronika,Janáčová,Veronika Janáčová,NIE,,,Mediuniwien,Rakúsko,,,,https://scholar.google.com/citations?hl=sk&user=OvRhMzYAAAAJ,2,,,,,,,,,,,,,,,,
Michal,Kabát,Michal Kabát,NIE,,,USCM,SR,,,,https://scholar.google.com/citations?user=58EUPZ0AAAAJ&hl=sk&oi=ao,2,,,,,,,,,,,,,,,,
Janka,Kováčiková,Janka Kováčiková,NIE,,,Linnaeus University,Švédsko,,,,https://scholar.google.com/citations?hl=en&user=zVAXDZ8AAAAJ,3,,,,,,,,,,,,,,,,
Hana ,Krakovská,Hana Krakovská,NIE,,,Meduniwien,Rakúsko,,,,https://scholar.google.com/citations?hl=sk&user=JIwTqVgAAAAJ,2,,,https://www.linkedin.com/in/hana-krakovsk%C3%A1-844441127/,,,,,,,,,,,,,
Eleonóra,Krivosudská,Eleonóra Krivosudská,NIE,,,UNIAG,SR,,,,https://scholar.google.com/citations?user=CSUbd20AAAAJ&hl=sk&oi=sra,2,,,,,,,,,,,,,,,,
Jana ,Križanová,Jana Križanová,NIE,,,UofGranada,Španielsko,vegetarianismveganismwell-beingpro-environmental behaviournature connectedness,,,https://scholar.google.com/citations?hl=sk&user=pX9cgr8AAAAJ,2,,,,,,,,,,,,,,,,
Matej,Lorko,Matej Lorko,NIE,,,EU,SR,,,,https://scholar.google.com/citations?user=sfJ8vfwAAAAJ&hl=en&oi=sra,2,,,,,,,,,,,,,,,,
Alexander,Loziak,Alexander Loziak,NIE,,,SAV,SR,,,,https://scholar.google.com/citations?user=jb08-IkAAAAJ&hl=sk&oi=ao,3,,,,,,,,,,,,,,,,
Vladimír,Madola,Vladimír Madola,NIE,,,UNIAG,SR,,,,https://scholar.google.com/citations?user=iGqNR6wAAAAJ&hl=sk&oi=sra,2,,,,,,,,,,,,,,,,
Pavol,Marák,Pavol Marák,NIE,,,STU,SR,,,,https://scholar.google.com/citations?user=7IrUJGQAAAAJ&hl=sk,2,,,,,,,,,,,,,,,,
Matej,Mišík,Matej Mišík,NIE,,,MZ SR,SR,,,,https://scholar.google.com/citations?user=IGJ7tZcAAAAJ&hl=en&oi=sra,3,,,,,,,,,,,,,,,,
Pavol ,Nechaj,Pavol Nechaj,NIE,,,UK,SR,,,,https://scholar.google.com/citations?user=NuHnLPIAAAAJ&hl=en&oi=sra,2,,,,,,,,,,,,,,,,
Martin,Niepel,Martin Niepel,NIE,,,UK,SR,,,,https://scholar.google.com/citations?user=isa22nUAAAAJ&hl=sk&oi=ao,2,,,,,,,,,,,,,,,,
Jana,Papcunova,Jana Papcunova,NIE,,,SAV,SR,,,,https://scholar.google.com/citations?user=HGSilyYAAAAJ&hl=sk&oi=ao,2,,,,,,,,,,,,,,,,
Miroslav,Perniš,Miroslav Perniš,NIE,,,SAV,SR,,,,https://scholar.google.com/citations?user=3LE19MYAAAAJ&hl=sk&oi=sra,2,,,,,,,,,,,,,,,,
Zuzana,Pinkosová,Zuzana Pinkosová,NIE,,,UNIMIB,Taliansko,Human Information InteractionNeuropsychologyFalse InformationMental Health,,,https://scholar.google.com/citations?user=lKv3AbUAAAAJ&hl=sk&oi=ao,3,,,,,,,,,,,,,,,,
Martin,Richter,Martin Richter,NIE,,,UNIAG,SR,,,,https://scholar.google.sk/citations?user=jgIY-OIAAAAJ&hl=sk,2,,,,,,,,,,,,,,,,
Radovan,Semančík,Radovan Semančík,NIE,,,Evolveum,SR,,https://dracones.ideosystem.com/about/bio/,,https://scholar.google.com/citations?user=Xf0trHEAAAAJ&hl=sk&oi=ao,2,,,,,,,,,,,,,,,,
Zuzana,Skorková,Zuzana Skorková,NIE,,,EU,SR,,,,https://scholar.google.co.th/citations?hl=en&user=bECBxPQAAAAJ,11,,,,,,,,,,,,,,,,
,,,NIE,,,,,,,,,,,,,,,,,,,,,,,,,
Juraj,Sucik,Juraj Sucik,NIE,,,CERN,Švajčiarsko,,,,https://scholar.google.com/citations?hl=sk&user=6TmKgTUAAAAJ,2,,,,,,,,,,,,,,,,
Žofia,Šimeková,Žofia Šimeková,NIE,,,TUKE,SR,,,,https://scholar.google.com/citations?user=iTK9Un4AAAAJ&hl=sk&oi=sra,2,,,,,,,,,,,,,,,,
Július,Šoltész,Július Šoltész,NIE,,,STU,SR,,,,https://scholar.google.sk/citations?user=4muoI0IAAAAJ&hl=sk,2,,,,,,,,,,,,,,,,
Kristína,Uličná,Kristína Uličná,NIE,,,UCL,Veľká Británia,,,,https://scholar.google.com/citations?user=3YKbZ6cAAAAJ&hl=en,2,,,,,,,,,,,,,,,,
Veronika,Zibrinyiová,Veronika Zibrinyiová,NIE,,,UPJŠ,SR,,,,https://scholar.google.sk/citations?hl=en&user=qlcll7QAAAAJ,2,,,,,,,,,,,,,,,,
,,,NIE,,,,,,,,,,,,,,,,,,,,,,,,,
,, ,NIE,,,,,,,,,1,,,,,,,,,,,,,,,,
Martin,Baláž,Martin Baláž,NIE,,,UK,SR,,,,https://scholar.google.com/citations?user=8-112B0AAAAJ&hl=en,1,,,,,,,,,,,,,,,,
Martin,Benko,Martin Benko,NIE,,,SHMU,SR,,,,https://scholar.google.sk/citations?user=CHcfHR8AAAAJ&hl=sk,1,,,,,,,,,,,,,,,,
Ján,Gašper,Ján Gašper,NIE,,,UK,SR,,,,https://scholar.google.com/citations?user=0ZVu6qsAAAAJ&hl=sk&oi=sra,1,,,,,,,,,,,,,,,,
Alexandra,Kukumbergová,Alexandra Kukumbergová,NIE,,,USCM,SR,,,,https://scholar.google.com/citations?user=fdUlLaAAAAAJ&hl=sk&oi=sra,1,,,,,,,,,,,,,,,,
Filip,Michlík,Filip Michlík,,,,UK,SR,,,,https://scholar.google.sk/citations?user=Q_-17JoAAAAJ&hl=sk,1,,,,,,,,,,,,,,,,
Marek,Ondov,Marek Ondov,NIE,,,TUKE,SR,,,,https://scholar.google.com/citations?user=g-lOBFkAAAAJ&hl=sk&oi=sra,1,,,,,,,,,,,,,,,,
Patrik,Pavlovský,Patrik Pavlovský,NIE,,,UK,SR,,,,https://scholar.google.com/citations?user=jbDW3k4AAAAJ&hl=en&oi=sra,1,,,,,,,,,,,,,,,,
Monika,Práznovská,Monika Práznovská,NIE,,,UCM,SR,,,,https://scholar.google.com/citations?user=DnQyyqMAAAAJ&hl=sk&oi=sra,1,,,,,,,,,,,,,,,,
Silvia,Slezáková,Silvia Slezáková,NIE,,,MU,ČR,,,,https://scholar.google.com/citations?user=rLmeYCsAAAAJ&hl=sk&oi=ao,1,,,,,,,,,,,,,,,,
Jana,Zaťková,Jana Zaťková,NIE,,,VHU,SR,,,,https://scholar.google.sk/citations?user=DJ5QMboAAAAJ&hl=sk,1,,,,,,,,,,,,,,,,
,,,NIE,,,,,,,,,,,,,,,,,,,,,,,,,
,, ,NIE,,,,,,,,,0,,,,,,,,,,,,,,,,
Milan,Labuda,Milan Labuda,NIE,1945,,,,,,zomrel,,,,40,https://domov.sme.sk/c/3469249/zomrel-vyznamny-slovensky-vedec-milan-labuda.html,,,,,,,,,,,,,
Alexander,Kupčo,Alexander Kupčo,NIE,25.9.1974,?,AV ČR,"ČR, Portugalsko",Subjadrová fyzika,,"kupco@fzu.cz",nemá,111 ?,https://www.semanticscholar.org/author/A.-Kupco/104212839,77,https://www.sciencedirect.com/author/35227510800/alexander-kupco,file:///C:/Users/admin/Downloads/Stanovisko.pdf,,,,,,,,,,,,
Michal,Novák,Michal Novák,NIE,,,,,,https://www.sav.sk/?lang=en&doc=user-org-user&user_no=3149,michal.novak@savba.sk,,,https://www.semanticscholar.org/author/M.-Nov%C3%A1k/152409459,46,https://www.learned.sk/wp-content/uploads/2020/03/Zivotopis-Michal-Novak.pdf,,,,,,,,,,,,,
Ružena,Tkáčová,Ružena Tkáčová,NIE,,,UPJŠ,SR,,http://science.dennikn.sk/kto-je-kto-v-slovenskej-vede/osobnosti/veda-a-vyskum/2606-ruzena-tkacova,ruzena.tkacova@upjs.sk,,,https://www.semanticscholar.org/author/R.-Tkacova/4860842,31,https://zenskyweb.sk/slovenka-roka/prof-mudr-ruzena-tkacova-drsc-sms-9958,https://www.semanticscholar.org/author/R.-Tkacova/4860842,,,,,,,,,,,,
Miroslav,Pikna,Miroslav Pikna,NIE,,,,,,,Miroslav.Pikna@fmph.uniba.sk,,,https://www.semanticscholar.org/author/M.-Pikna/1379583535,71,,,,,,,,,,,,,,
Peter,Poláčik,Peter Poláčik,NIE,,,U. Minessota,SR,matematika,https://www-users.cse.umn.edu/~polacik/,polacik@math.umn.edu,,,https://www.semanticscholar.org/author/P.-Pol%C3%A1cik/2859823,31,,,,,,,,,,,,,,
Marián,Putiš,Marián Putiš,NIE,,,,,,,marian.putis@uniba.sk,,,https://www.semanticscholar.org/author/M.-Puti%C5%A1/71450178,39,,,,,,,,,,,,,,
Ján,Labuda,Ján Labuda,NIE,,,STU,SR,,,jan.labuda@stuba.sk,,,https://www.semanticscholar.org/author/J.-Labuda/4485368,32,,,,,,,,,,,,,,
Anton,Kočan,Anton Kočan,NIE,,,SZU,,,,anton.kocan@szu.sk,,,https://www.semanticscholar.org/author/A.-Ko%C4%8Dan/31898338,37,,,,,,,,,,,,,,
Peter,Baláž,Peter Baláž,NIE,,,SAV,SR,"mechanochémia, chémia tuhej fázy, mineralurgia, metalurgia",https://ugt.saske.sk/pracovnici/zakladne-info/?user_no=3437&publication_author_id=0142918,balaz@saske.sk,,,https://www.semanticscholar.org/author/P.-Bal%C3%A1%C5%BE/51029087,39,,,,,,,,,,,,,,
Matej ,Mičušík,Matej Mičušík,NIE,,,SAV,SR,,,matej.micusik@savba.sk,,,https://www.semanticscholar.org/author/M.-Mi%C4%8Du%C5%A1%C3%ADk/6111294,35,,,,,,,,,,,,,,
Fedor,Šimko,Fedor Šimko,NIE,,,,,,https://uniba.sk/ludia/simko1/publications/,fedor.simko@fmed.uniba.sk,,,https://www.semanticscholar.org/author/F.-Simko/5669461,33,,,,,,,,,,,,,,
Peter,Kordoš,Peter Kordoš,NIE,,,,SR,,,kordos@is.stuba.sk, ,,https://www.semanticscholar.org/author/P.-Kordos/3413056,35,https://elu.sav.sk/wp-content/uploads/2019/04/Kordos.pdf,https://sk.linkedin.com/in/peter-kordos-215182108,,,,,,,,,,,,
Ján ,Kuzmík,Ján Kuzmík,NIE,,,SAV,SR,,,elekkuzm@savba.sk,,,https://www.semanticscholar.org/author/J.-Kuzm%C3%ADk/2421464,31,,,,,,,,,,,,,,
Dušan,Dobrota,Dušan Dobrota,NIE,,,UK,SR,lekárska biochémia,https://www.jfmed.uniba.sk/pracoviska/vedecko-pedagogicke-pracoviska/teoreticke-ustavy/ustav-lekarskej-biochemie/zamestnanci-ustavu/prof-mudr-dusan-dobrota-csc-veduci-ustavu/,dobrota@jfmed.uniba.sk,,,https://www.semanticscholar.org/author/D.-Dobrota/2090568,30,,,,,,,,,,,,,,
Miroslav,Barančík,Miroslav Barančík,NIE,,,SAV,SR,,https://www.sav.sk/?lang=sk&doc=user-org-user&user_no=900,usrdmiro@savba.sk,,,https://www.semanticscholar.org/author/M.-Baran%C4%8D%C3%ADk/3601872,28,,,,,,,,,,,,,,
Miriam,Sutovsky,Miriam Sutovsky,NIE,,SK,U. Missouri,USA,,https://cafnrfaculty.missouri.edu/sutovskylab/miriam-sutovsky/,sutovskym@missouri.edu,,,https://www.semanticscholar.org/author/M.-Sutovsky/6884217,29,Manželka P. Šutovského,,,,,,,,,,,,,
Peter ,Kaplán,Peter Kaplán,NIE,,,,SR,,,kaplan@jfmed.uniba.sk,,,https://www.semanticscholar.org/author/P.-Kaplan/145778257,28,,,,,,,,,,,,,,
Daniela,Gašperíková,Daniela Gašperíková,ANO,,,SAV,SR,,,daniela.gasperikova@savba.sk,,,https://www.semanticscholar.org/author/D.-Ga%C5%A1per%C3%ADkov%C3%A1/3776216,29,,,,,,,,,,,,,,
Andrej,Staško,Andrej Staško,NIE,,,,,,,andrej stasko@stuba.sk,zrušený ,27,https://www.semanticscholar.org/author/A.-Sta%C5%A1ko/4602555,27,dochodca,"prof. Ing. Andrej Staško, DrSc.",,,,,,,,,,,,
Barbara,Ukropcová,Barbara Ukropcová,NIE,,,,SR,,,barbara.ukropcova@savba.sk,,,https://www.semanticscholar.org/author/B.-Ukropcov%C3%A1/3614990,27,,,"Publikácie s Ukropec, De Courten",,,,,,,,,,,
Viliam,Pavliak,Viliam Pavliak,NIE,,,,USA,,,viliam.pavliak@ivi.int,,,,,https://www.blesk.cz/clanek/zpravy-pribehy/673890/skromny-slovak-pracoval-pro-pfizer-nyni-dela-pro-billa-gatese-a-zabezpecuje-pro-svet-vakciny.html,https://domov.sme.sk/c/22784477/s-vakcinou-proti-covidu-sme-mali-obrovske-stastie.html,,,,,,,,,,,,
Danka ,Pavliakova,Danka  Pavliakova,NIE,,,,USA,,,,,,,,https://www.linkedin.com/in/danka-pavliakova-9903221b/,https://domov.sme.sk/c/22784477/s-vakcinou-proti-covidu-sme-mali-obrovske-stastie.html,,,,,,,,,,,,
Ivica,Labuda,Ivica Labuda,NIE,,,,USA,,,ivica.labuda@novakera.com,,,,,,,,,,,,,,,,,,
Katarína ,Kráľová,Katarína  Kráľová,NIE,,,,SR,,,neželá si zverejňovanie,,,https://www.semanticscholar.org/author/K.-Kr%C3%A1%C4%BEov%C3%A1/5723642,,https://www.researchgate.net/profile/Katarina-Kralova-3/3?page=3&sorting=recent,,,,,,,,,,,,,
Lucia ,Hošeková,Lucia  Hošeková,NIE,,,,,,https://www.iceinmotion.com/,lhosekova@apl.uw.edu,,,https://www.semanticscholar.org/author/K.-Kov%C3%A1%C5%99%C3%ADk/143754714,7,https://apl.uw.edu/people/profile.php?last_name=Hosekova&first_name=Lucia,,,,,,,,,,,,,
Karol,Kovařík,Karol Kovařík,NIE,,,Uni Muenster,Nemecko,,http://pauli.uni-muenster.de/~kovarik/,karol.kovarik@uni-muenster.de,,,https://www.semanticscholar.org/author/K.-Kov%C3%A1%C5%99%C3%ADk/143754714,23,https://unijano.wixsite.com/zipomat/kovarik,,,,,,,,,,,,,
Slavomír,Adamčík,Slavomír Adamčík,NIE,,,SAV,SR,,,,,,,,,,,,,,,,,,,,,
Veronika,Altanerová,Veronika Altanerová,NIE,,,,,,,,,,https://www.semanticscholar.org/author/V.-Altanerov%C3%A1/5267323,22,,,,,,,,,,,,,,
Pavol,Alexy,Pavol Alexy,NIE,,,,,,,,,,https://www.semanticscholar.org/author/P.-Alexy/35605062,16,,,,,,,,,,,,,,
Daniela,Antolová,Daniela Antolová,NIE,,,SAV,SR,,,,,,,,,,,,,,,,,,,,,
Jaroslav,Antoš,Jaroslav Antoš,NIE,,,,,,, ,,,,,,,,,,,,,,,,,,
Andrea,Bábelová,Andrea Bábelová,NIE,,,SAV,SR,,,,,,,,,,,,,,,,,,,,,
Ljuba,Bachárová,Ljuba Bachárová,NIE,,,,,,,,,,,,,,,,,,,,,,,,,
Miroslav,Baláž,Miroslav Baláž,NIE,,,ETH,Švajčiarsko,,,,,,,,,,,,,,,,,,,,,
Peter,Baláž,Peter Baláž,NIE,,,,,,,,,,https://www.semanticscholar.org/author/P.-Bal%C3%A1%C5%BD/51029087,23,,,,,,,,,,,,,,
Štefan,Baláž,Štefan Baláž,NIE,,,Albany College...,USA,,,,,,,,,,,,,,,,,,,,,
Lucia,Balážová,Lucia Balážová,NIE,,,ETH,Švajčiarsko,,,,,,,,,,,,,,,,,,,,,
Dušan,Bakoš,Dušan Bakoš,NIE,,,,,,,,,,https://www.semanticscholar.org/author/D.-Bako%C5%A1/6094949,22,,,,,,,,,,,,,,
,,,NIE,,,,,,,,,,,,,,,,,,,,,,,,,
Eva,Bartels,Eva Bartels,NIE,,SR,,Nemecko,,,,,,,,https://slovensko.rtvs.sk/rubriky/nasi-a-svetovi/166578/nasi-a-svetovi-eva-bartels-neurologicka,http://www.neurosonologie.de/pdf/Bartels_cv_englisch.pdf,http://www.neurosonologie.de/biography.php,,,,,,,,,,,
Zuzana,Benková,Zuzana Benková,NIE,,,U.de Porto,Portugalsko,,,,,,,,,,,,,,,,,,,,,
Jozef,Bízik,Jozef Bízik,NIE,,,,,,,,,,https://www.semanticscholar.org/author/J.-B%C3%ADzik/152399412,22,,,,,,,,,,,,,,
Juraj,Bies,Juraj Bies,NIE,,,U.S. Department of Health and Human Services,USA,,,,,,https://www.semanticscholar.org/author/J.-Bies/5805265,20,,,,,,,,,,,,,,
Jana,Biznárová,Jana Biznárová,NIE,,,Chalmers univ.,Švédsko,,,https://www.chalmers.se/en/Staff/Pages/jankab.aspx,,,,,https://www.facebook.com/esetscienceaward/videos/532076761871323/,,,,,,,,,,,,,
Ján,Breza,Ján Breza,NIE,,,,,,,,,,,,,,,,,,,,,,,,,
Július,Brtko,Július Brtko,NIE,,,SAV,SR,,,,,,https://www.semanticscholar.org/author/J.-Brtko/4701859,22,,,,,,,,,,,,,,
Dušan,Bruncko,Dušan Bruncko,NIE,,,,,,,,,,,,,,,,,,,,,,,,,
Ivan,Černušák,Ivan Černušák,NIE,,,,,,,,,,,,https://fns.uniba.sk/fileadmin/prif/chem/kfz/profiles/CuricuVit_IC_2020.pdf,,,,,,,,,,,,,
Daniel,Daniš,Daniel Daniš,NIE,,,The Jackson Lab,USA,,https://www.jax.org/about-us/where-we-work/connecticut,,,,,,,,,,,,,,,,,,,
Daniel,Donoval,Daniel Donoval,NIE,,,,,,,,,,,,,,,,,,,,,,,,,
Stanislav,Dubnička,Stanislav Dubnička,NIE,,,,,,,,,,https://www.semanticscholar.org/author/S.-Dubni%C4%8Dka/91605911,14,,,,,,,,,,,,,,
J,Fančovičová,J Fančovičová,NIE,,,,,,,,,,https://www.semanticscholar.org/author/J.-Fan%C4%8Dovi%C4%8Dov%C3%A1/4856685,21,,,,,,,,,,,,,,
P,Fedoročko,P Fedoročko,NIE,,,,,,,,,,https://www.semanticscholar.org/author/P.-Fedoro%C4%8Dko/6677802,22,,,,,,,,,,,,,,
M,Ficková,M Ficková,NIE,,,,,,,,,,https://www.semanticscholar.org/author/M.-Fickov%C3%A1/5987403,21,,,,,,,,,,,,,,
Zuzana,Ferencová,Zuzana Ferencová,NIE,,,U. Complutense de Madrid,Španielsko,,,,,,,,,,,,,,,,,,,,,
Jozej,Ferencei,Jozej Ferencei,NIE,,,,,,,,,,,,Projekt ALICE,,,,,,,,,,,,,
Ivana,Fleischer,Ivana Fleischer,NIE,,,Uni. Tubingen,Nemecko,,,,,,,,,,,,,,,,,,,,,
Karol,Frohlich,Karol Frohlich,NIE,,,,,,,,,,https://www.semanticscholar.org/author/K.-Fr%C3%B6hlich/25670353,21,,,,,,,,,,,,,,
Dalibor,Fronček,Dalibor Fronček,NIE,,,U.of Minnesota Duluth,USA,Matematika,,,,,,,https://www.researchgate.net/profile/Dalibor-Froncek,,,,,,,,,,,,,
Alena,Gábelová,Alena Gábelová,NIE,,,SAV,SR,,,,,,,,,,,,,,,,,,,,,
Andrea,Gálisová,Andrea Gálisová,NIE,,,Weizmann Inst.,Izrael,,,andrea.galisova@weizmann.ac.il,,,,,https://www.researchgate.net/profile/Andrea-Galisova,https://www.expres.sk/249323/slovenska-vedkyna-andrea-galisova-v-izraeli-prajem-si-aby-ludia-vnimali-vedu-pozitivne-pretoze-spolocnost-vedu-potrebuje/,,,,,,,,,,,,
Ján,Gálik,Ján Gálik,NIE,,,SAV,SR,,,,,,,,,,,,,,,,,,,,,
Erika,Gašperíková,Erika Gašperíková,NIE,,,Berkeley,USA,,https://eesa.lbl.gov/profiles/erika-gasperikova/,egasperikova@lbl.gov,,,,,https://eesa.lbl.gov/wp-content/uploads/2015/05/Gasperikova-Erika-CV-July-2018.pdf,,,,,,,,,,,,,
Monika ,Gullerová,Monika  Gullerová,NIE,,,,,,,,,,https://www.semanticscholar.org/author/M.-Gullerova/5865970,17,https://www.vedatechnika.sk/SK/enoviny/RozhovoryReportaze/Documents/CV%20-%20Gullerov%C3%A1.pdf,,,,,,,,,,,,,
Stanislava,Gunišová,Stanislava Gunišová,NIE,,,AV ČR,ČR,,,,,,,,,,,,,,,,,,,,,
Robert,Gyepes,Robert Gyepes,NIE,,,J Selye university,SR,,http://www.cucam.cuni.cz/people/robert-gyepes/,robert.gyepes@natur.cuni.cz,,,,,http://www.cucam.cuni.cz/people/robert-gyepes/,,,,,,,,,,,,,
Petra,Hamerlik,Petra Hamerlik,NIE,,,DCRC,Dánsko,,,,,,,,https://slovensko.rtvs.sk/rubriky/nasi-a-svetovi/24924/nasi-a-svetovi-juraj-hromkovic,https://slovensko.rtvs.sk/rubriky/nasi-a-svetovi/121122/nasi-a-svetovi-petra-hamerlik,https://crukcambridgecentre.org.uk/sites/default/files/downloads/CRUK%20CC%20Neuro-oncology%20Conference%202021%20speaker%20details%20FINAL.pdf,,,,,,,,,,,
Lubica,Hikkerova,Lubica Hikkerova,NIE,,,,Francúzsko,,,,,,https://www.semanticscholar.org/author/Lubica-Hikkerova/2089421386,,,,,,,,,,,,,,,
Július,Hodosy,Július Hodosy,NIE,,,,,,,,,,,,,,,,,,,,,,,,,
Dagmar,Homerová,Dagmar Homerová,NIE,,,,,,,,,,https://www.semanticscholar.org/author/D.-Homerova/5226648,21,,,,,,,,,,,,,,
Tomáš,Hromádka,Tomáš Hromádka,NIE,,,SAV,SR,,,,,,,,,,,,,,,,,,,,,
Radovan,Hudák,Radovan Hudák,NIE,,,,,,,,,,,,,vedec roka 2016,,,,,,,,,,,,
Alžbeta ,Hulíková,Alžbeta  Hulíková,NIE,,,,,,,,,,https://www.semanticscholar.org/author/A.-Hulikova/5011862,23,,,,,,,,,,,,,,
Milan,Hutta,Milan Hutta,NIE,,,,,,,,,,,,,,,,,,,,,,,,,
Miroslav,Chovanec,Miroslav Chovanec,NIE,,,,,,,,,,,,,,,,,,,,,,,,,
Peter,Chrenek,Peter Chrenek,NIE,,,VUŽV,SR,,,,,,https://www.semanticscholar.org/author/P.-Chrenek/3876119,21,,,,,,,,,,,,,,
Milan,Chromek,Milan Chromek,NIE,,,Karolinska institut,Švédsko,,,milan.chromek@ki.se,,,,,https://staff.ki.se/people/milan-chromek,,,,,,,,,,,,,
Marián,Janek,Marián Janek,NIE,,,STU,SR,,,,,,,, ,,,,,,,,,,,,,
Ivica,Janigová,Ivica Janigová,NIE,,,SAV,SR,,,Ivica.Janigova@savba.sk,,,,,,,,,,,,,,,,,,
Jana,Kaduková,Jana Kaduková,NIE,,,,,,,,,,,,,,,,,,,,,,,,,
Milota,Kaluzova,Milota Kaluzova,NIE,,,Emory university,USA,,,,,,https://www.semanticscholar.org/author/M.-Kaluzov%C3%A1/48189561,26,,,,,,,,,,,,,,
Alina,Kalyniukova,Alina Kalyniukova,NIE,,,,,,,,,,,,Abs UPJŠ,,,,,,,,,,,,,
Zuzana,Kečkéšová,Zuzana Kečkéšová,ANO,1980,,AV ČR,Česko,,,,,,https://www.semanticscholar.org/author/Z.-Keckesova/6486065,13,https://en.wikipedia.org/wiki/Zuzana_Ke%C4%8Dk%C3%A9%C5%A1ov%C3%A1,,,,,,,,,,,,,
Alica,Kizeková,Alica Kizeková,NIE,,,,Austrália,,https://www.iir.cz/en/alica-kizekova,,,,,,,,,,,,,,,,,,,
Grigorij,Kogan,Grigorij Kogan,NIE,,,,,,,,,,,,,,,,,,,,,,,,,
Milan,Kolář,Milan Kolář,NIE,,,,,,,,,,,,,,,,,,,,,,,,,
Anna,Kolesárová,Anna Kolesárová,NIE,,,STU,SR,Matematika,,anna.kolesarova@stuba.sk,,,,,,,,,,,,,,,,,,
Stanislav,Komorovský,Stanislav Komorovský,NIE,,,,,,,,,,,,,,,,,,,,,,,,,
Martina,Koneracká,Martina Koneracká,,,,SAV,,,,,,,https://www.semanticscholar.org/author/M.-Konerack%C3%A1/2471164,24,,,,,,,,,,,,,,
Juraj,Kopáček,Juraj Kopáček,,,,,,,,,,,https://www.semanticscholar.org/author/J.-Kop%C3%A1%C4%8Dek/3624833,23,https://www.researchgate.net/scientific-contributions/Juraj-Kopacek-39117310,,,,,,,,,,,,,
Richard,Královič,Richard Královič,NIE,,,,,,,,,,https://www.semanticscholar.org/author/Richard-Kr%C3%A1lovic/30505060,17,,,,,,,,,,,,,,
Vladimír,Krčméry,Vladimír Krčméry,NIE,,,,,,,,,,https://www.semanticscholar.org/author/V.-Kr%C4%8Dm%C3%A9ry/46731288,12,,,,,,,,,,,,,,
Lubica,Kubíková,Lubica Kubíková,NIE,,,,,,,,,,https://www.semanticscholar.org/author/Lubica-Kubikova/4172094,13,,,,,,,,,,,,,,
Lucia,Kučerová,Lucia Kučerová,NIE,,,,,,,,,,https://www.semanticscholar.org/author/L.-Kucerova/33994019,23,,,,,,,,,,,,,,
Jozef,Kúdelčík,Jozef Kúdelčík,NIE,,,,,,,,,,https://www.semanticscholar.org/author/J.-K%C3%BAdel%C4%8D%C3%ADk/31016627,8,,,,,,,,,,,,,,
Ján ,Kuzmík,Ján  Kuzmík,,,,,,,,,,,,,,,,,,,,,,,,,,
Soňa,Kucharíková,Soňa Kucharíková,NIE,,,,,,,,,,https://www.semanticscholar.org/author/S.-Kuchar%C3%ADkov%C3%A1/5135986,24,,,,,,,,,,,,,,
Ivica,Labuda-Truillaud ,Ivica Labuda-Truillaud ,NIE,,,Georgetown Uni,USA,,,,,,,,Uniba absolventi 1982,,,,,,,,,,,,,
Jozef ,Lengyel,Jozef Lengyel,NIE,,1987,U. of Munich,Nemecko,,,,,,,,,,,,,,,,,,,,,
Kristína,Londáková,Kristína Londáková,NIE,,,BIT,Veľká Británia,,https://www.itapa.sk/speakers/kristina-londakova/,,,,,,https://www.linkedin.com/in/kristinalondakova/?locale=en_US,,,,,,,,,,,,,
Vladimír,Lukeš,Vladimír Lukeš,NIE,,,STU,SR,,https://ufchchf.fchpt.stuba.sk/ludia/vedenie-ustavu/5-vladimir-lukes,vladimir.lukes@stuba.sk,,,,,,,,,,,,,,,,,,
Mikuláš,Luptáčik,Mikuláš Luptáčik,NIE,,,,Rakúsko,,,,https://scholar.google.com/scholar?q=Mikul%C3%A1s+Lupt%C3%A1cik,,,,,,,,,,,,,,,,,
Alexander,Lux,Alexander Lux,NIE,,,,,,,,,,,,,,,,,,,,,,,,,
Edita,Máčajová,Edita Máčajová,NIE,,,UK,SR,,,,,,,,https://www.scinapse.io/authors/42341288,,,,,,,,,,,,,
Miroslava,Macová,Miroslava Macová,NIE,,,,,,https://www.ufz.de/index.php?en=38514,,,,https://www.researchgate.net/profile/Miroslava-Macova,,,,,,,,,,,,,,,
Eva,Majková,Eva Majková,ANO,,,,,,,,https://scholar.google.com/citations?user=hAajWA0AAAAJ,,,,,,,,,,,,,,,,,
Emil,Makovicky,Emil Makovicky,NIE,,,U.in Copenhagen,Dánsko,geológia,https://ign.ku.dk/english/employees/geology/?pure=en%2Fpersons%2Femil-makovicky(c6f47702-45b0-4c24-a171-d1a75ab9035c).html,emilm@ign.ku.dk,,,https://www.semanticscholar.org/author/E.-Makovicky/48117237,38,https://ign.ku.dk/english/employees/geology/?pure=en%2Fpersons%2Femil-makovicky(c6f47702-45b0-4c24-a171-d1a75ab9035c)%2Fcv.html,https://uniba.sk/detail-aktuality/back_to_page/univerzita-komenskeho/article/uznavany-svetovy-mineralog-prof-emil-makovicky-cestnym-doktorom-univerzity-komenskeho/,V roku 2017 mal h-index 27,,,,,,,,,,,
Vladimir,Malkin,Vladimir Malkin,NIE,,,,,,,,,,,,,,,,,,,,,,,,,
Olga,Malkina,Olga Malkina,NIE,,,,,,,,,,,,,,,,,,,,,,,,,
Marian ,Masár,Marian  Masár,NIE,,,,,,,,,,,,,,,,,,,,,,,,,
Miroslav,Medveď,Miroslav Medveď,NIE,,,UMB,SR,,,,,,,,,,,,,,,,,,,,,
Milan,Melník,Milan Melník,NIE,,,,,anorganická chémia,,,,,,,dochodca," prof. RNDr. Milan Melnik, DrSc",,,,,,,,,,,,
Andrea,Mezencevová,Andrea Mezencevová,NIE,,,Georgia State University,USA,,https://www.upjs.sk/prirodovedecka-fakulta/ustav/uchv/study/24237/,,,,,,,,,,,,,,,,,,,
Eva ,Mihóková,Eva  Mihóková,NIE,,,AV ČR,ČR,,,,,,https://www.semanticscholar.org/author/E.-Mih%C3%B3kov%C3%A1/48613605,23,,,,,,,,,,,,,,
Danica ,Mislovičová,Danica Mislovičová,NIE,,,,SR,,,,,,https://www.scinapse.io/authors/293174780,20,,,,,,,,,,,,,,
Jela,Mistríková,Jela Mistríková,NIE,,,UK,SR,,,,,,,,,,,,,,,,,,,,,
Eva,Mitrová,Eva Mitrová,NIE,,,,,,,,,,https://www.semanticscholar.org/author/E.-Mitrov%C3%A1/4090809,25,dôchodkyňa,,,,,,,,,,,,,
Marián,Mokráň,Marián Mokráň,ANO,,,,,,,,,,,,,,,,,,,,,,,,,
Hana,Šmitala Mizerová,Hana Šmitala Mizerová,NIE,,,,,,,,,,https://www.semanticscholar.org/author/H.-Mizerov%C3%A1/8596904,8,,,,,,,,,,,,,,
K.,Muchová,K. Muchová,NIE,,,,,,,,,,https://www.semanticscholar.org/author/K.-Muchov%C3%A1/3856731,13,,,,,,,,,,,,,,
Michal,Munk,Michal Munk,NIE,,,,,,,,,,,,,,,,,,,,,,,,,
Zuzana,Murdoch,Zuzana Murdoch,NIE,,,.of Bergen,Norsko,,,,,,https://www.semanticscholar.org/author/Zuzana-Murdoch/8924783,12,,,,,,,,,,,,,,
M.,Mazúr,,NIE,,,,,,,,,,https://www.semanticscholar.org/author/M.-Maz%C3%BAr/47971405,24,,,,,,,,,,,,,,
Ján ,Moncoľ,Ján Moncoľ,NIE,,,,,,,,,,https://www.semanticscholar.org/author/J.-Moncol%E2%80%99/5099353,24,,,,,,,,,,,,,,
Boris,Mravec,Boris Mravec,NIE,,,,,,,,,,https://www.semanticscholar.org/author/B.-Mravec/4309799,22,https://orcid.org/0000-0003-0331-3304,,,,,,,,,,,,,
Jozef,Mravec,Jozef Mravec,NIE,,,University of Copenhaven,Dánsko,,,,,,,,,,,,,,,,,,,,,
Ivana,Nemčovičová,Ivana Nemčovičová,NIE,,,SAV,SR,,,,,,,,,,,,,,,,,,,,,
Pavel,Neogrády,Pavel Neogrády,NIE,,,,,,,,,,,,,,,,,,,,,,,,,
Renáta,Oriňaková,Renáta Oriňaková,NIE,,,UPJŠ,SR,,,,,,,,,,,,,,,,,,,,,
Daniela,Ostatníková,Daniela Ostatníková,NIE,,,,,,,,https://www.semanticscholar.org/author/D.-Ostatn%C3%ADkov%C3%A1/4448979,,,24,,,,,,,,,,,,,,
Jozef,Osvald,Jozef Osvald,ANO,,,,,,,,,,https://www.semanticscholar.org/author/J.-Osvald/144072405,22,,,,,,,,,,,,,,
Alena,Paulenová,Alena Paulenová,NIE,,,Oregon State University,USA,,,,,,,,,,,,,,,,,,,,,
Viliam,Pavliak,Viliam Pavliak,NIE,,,,USA,,,,,,,,,,,,,,,,,,,,,
Danka ,Pavliakova,Danka  Pavliakova,,,,,USA,,,,,,,,https://www.linkedin.com/in/danka-pavliakova-9903221b/,,,,,,,,,,,,,
Juraj,Payer,Juraj Payer,,,,,,,,,,,,,,,,,,,,,,,,,,
,,,,,,,,,,,,,,,,,,,,,,,,,,,,
,,,,,,,,,,,,,,,,,,,,,,,,,,,,
Jana ,Pittichová Chesley,Jana Pitichová Chesley,,,,,,,,,,,,,https://spravy.pravda.sk/domace/clanok/174116-za-rozpravkoveho-manzela-vdaci-komete/,,,,,,,,,,,,,
Andrej,Pleceník,Andrej Pleceník,,,,UK,SR,,,,,,,,,,,,,,,,,,,,,
Tomáš,Pleceník,Tomáš Pleceník,,,,,,,,,,,,,,,,,,,,,,,,,,
Matej,Poliaček,Matej Poliaček,,,,DLR,Nemecko,,,,,,,,https://tech.sme.sk/c/22903641/slovak-z-letovej-prevadzky-iss-ak-by-rusi-zo-stanice-odisli-zrejme-pridem-o-pracu.html,,,,,,,,,,,,,
David,Porubský,David Porubský,,,SK,,,,https://eichlerlab.gs.washington.edu/porubsky.html,porubsky@u.washington.edu,,,,,https://www-beta.aminer.cn/profile/david-porubsky/5617f88345ce1e5963eebb63,,,,,,,,,,,,,
,,,,,,,,,,,,,,,,,,,,,,,,,,,,
Enikő,Račeková,Enikő Račeková,,,,,,,,,,,,,,,,,,,,,,,,,,
Žofia,Rádiková,Žofia Rádiková,,,,,,,,,,,https://www.semanticscholar.org/author/%C5%BD.-R%C3%A1dikov%C3%A1/52054114,21,,,,,,,,,,,,,,
Cyril,Rajnák,Cyril Rajnák,,,,,,,,,,,https://www.semanticscholar.org/author/C.-Rajn%C3%A1k/10008719,19,,,,,,,,,,,,,,
Rastislav,Rajnoha,Rastislav Rajnoha,,,,,,,,,,,,,,,,,,,,,,,,,,
Peter,Rapta,Peter Rapta,,,,,,,,,,,https://www.semanticscholar.org/author/P.-Rapta/3608420,24,,,,,,,,,,,,,,
Edita,Révay,Edita Révay,,,,Univ. of Bamako,Mali,,,erevay@gmail.com,,,,,,,,,,,,,,,,,,
Peter,Sabaka,Peter Sabaka,,,,,,,,,,,,,,,,,,,,,,,,,,
Henrieta,Scholtzová,Henrieta Scholtzová,,,SK,NYU,USA,,,,,,https://www.semanticscholar.org/author/H.-Scholtzova/4788234,26,https://www.svu2000.org/newyork/wp-content/6-Minutes-IV-Program-notes-2.pdf,,,,,,,,,,,,,
Eva,Schunová-Lilly,Eva Schunová-Lilly,,,,,,,,,,,,,https://www.startitup.sk/top-5-sloveniek-ktore-ovladli-vesmir/,,,,,,,,,,,,,
František,Simančík,František Simančík,,,,,,,,,,,https://www.semanticscholar.org/author/F.-Siman%C4%8D%C3%ADk/3216294,25,,,,,,,,,,,,,,
Zuzana,Sitková,Zuzana Sitková,,,,SR,,,,,,,,,,,,,,,,,,,,,,
Peter,Skyba,Peter Skyba,,,,,,,,,,,,,,,,,,,,,,,,,,
Jozef,Strečka,Jozef Strečka,,,,,,,,,,,https://scholar.google.sk/citations?user=0y7ZNmkAAAAJ&hl=sk,22,,,,,,,,,,,,,,
Peter,Sutoris,Peter Sutoris,,,,U. of London,Veľká Británia,,,ps81@soas.ac.uk,,,,,https://home.dartmouth.edu/news/2015/04/peter-sutoris-11-named-gates-cambridge-scholar,https://www.soas.ac.uk/staff/staff147273.php,https://dennikn.sk/894056/vedec-peter-sutoris-ludske-prava-treba-branit-hoci-aj-silou/,https://www.linkedin.com/in/peter-sutoris-phd-273461111/,,,,,,,,,,
Elena ,Šeboková,Elena  Šeboková,,,,SAV,SR,,,,,,https://www.semanticscholar.org/author/E.-Sebokova/5885888,22,,,,,,,,,,,,,,
Peter,Šimon,Peter Šimon,,,,,,,,peter.simon@stuba.sk,,,,,,"prof. Ing. Peter Šimon, DrSc.",,,,,,,,,,,,
Martin,Škoviera,Martin Škoviera,,,,UK,SR,,,,,,https://www.semanticscholar.org/author/M.-Skoviera/2956670,22,https://www.vedatechnika.sk/SK/enoviny/RozhovoryReportaze/Documents/profesny_zivotopis_prof_Stich.pdf,,,,,,,,,,,,,
Ivan,Štich,Ivan Štich,NIE,,,,,,,,,,,,,,,,,,,,,,,,,
Rastislav,Tamaškovič,Rastislav Tamaškovič,,,SK,UZH,Švajčiarsko,,,,,,,,https://www.linkedin.com/in/rastislav-tamaskovic-34ba38139/?originalSubdomain=ch,https://spravy.pravda.sk/domace/clanok/396679-slovak-objavil-achilovu-patu-rakoviny-prsnika/,https://www.topky.sk/gl/374725/1808257/Slovensky-vedec-odhalil-slabinu-agresivnej-rakoviny-prsnika--Je-to-kluc-k-novej-terapii,,,,,,,,,,,
Roman,Tandlich,Roman Tandlich,,,SK,Rhodes University,Južná Afrika,,https://tiems.info/index.php/about-us/tiems-board-of-directors/145-roman-tandlich-south-africa,,,,,,https://www.linkedin.com/in/roman-tandlich-a3821767/?originalSubdomain=za,https://www.voiceamerica.com/guest/43484/dr-roman-tandlich,,,,,,,,,,,,
Michaela,Tencerová-Kováčiková,Michaela Tencerová Kováčiková,,,Nar. Detva,Univ. of South Denmark,,,,,,,,,,,,,,,,,,,,,,
Stanislav,Tokár,Stanislav Tokár,NIE,,,,,,,,,,,,,,,,,,,,,,,,,
Štefan,Toma,Štefan Toma,NIE,,,,,,,,,,https://www.semanticscholar.org/author/%C5%A0.-Toma/89374074,26,,,,,,,,,,,,,,
Natália,Tomašovičová,Natália Tomašovičová,,,,SAV,SR,,,,,,,,,,,,,,,,,,,,,
Teodor,Tóth,Teodor Tóth,,,,TUKE,SR,,,,,, ,,,,,,,,,,,,,,,
Ľubomíra,Tóthová,Ľubomíra Tóthová,,,,UK,SR,,,,,,,,,,,,,,,,,,,,,
Danica,Tóthová,Danica Tóthová,,,,Swinburne Univ. of Technology,Austrália,wave energy,,dtothova@swinburne.edu.au,,,,,,,,,,,,,,,,,,
Daniela ,Uhríková,Daniela  Uhríková,NIE,,,,,,,,,,,,,,,,,,,,,,,,,
Ivo,Vanický,Ivo Vanický,,,,SAV,SR,,,,,,https://www.semanticscholar.org/author/I.-Vanick%C3%BD/4465077,24,,,,,,,,,,,,,,
Lydia,Vargová,Lydia Vargová,,,,CUNI,ČR,,https://www.lf2.cuni.cz/kontakty/adresar/doc-mudr-lydia-vargova-phd,,,,https://www.semanticscholar.org/author/L.-Vargova/3654243,25,,,,,,,,,,,,,,
Valéria,Vaškaninová,Valéria Vaškaninová,,,,Karlova univerzita,ČR,,,,,,,,,,,,,,,,,,,,,
Oksana,Velgosova,Oksana Velgosova,,,,TUKE,SR,,,,,,,,,,,,,,,,,,,,,
Martin,Venhart,Martin Venhart,NIE,,,SAV,SR,,,,,,https://www.semanticscholar.org/author/M.-Venhart/3709863,20,,,,,,,,,,,,,,
Štefan,Vilček,Štefan Vilček,,,,,,,,,,,,,,,,,,,,,,,,,,
Peter,Vršanský,Peter Vršanský,NIE,,,,,,,,,,https://www.semanticscholar.org/author/Peter-Vr%C5%A1ansk%C3%BD/47440528,,,nema 30. -napisal som mu email,,,,,,,,,,,,
Vladimír,Zelník ,Vladimír Zelník ,,,,,,,,,,,,,,,,,,,,,,,,,,
Erika,Zemková,Erika Zemková,,,,UK,SR,,,erika.zemková@uniba.sk,,,,,,,,,,,,,,,,,,
Gabriela,Czanner,Gabriela Czanner,NIE,SK (Comenius MSc),SK (Comenius MSc),University of Southampton,UK,digital health / biostatistics,https://www.southampton.ac.uk/,https://scholar.google.com/citations?user=YfYcTBMAAAAJ,https://scholar.google.com/citations?user=YfYcTBMAAAAJ,29,,live GS h=29 (2026-09-07 top50 hunt); Comenius MSc Math/Stats 1994,live GS h=29 (2026-09-07 top50 hunt); Comenius MSc Math/Stats 1994,,,,,,,,,,,,,
Juraj,Somorovsky,Juraj Somorovsky,NIE,,,Paderborn University,Nemecko,IT security,,,https://scholar.google.com/citations?user=aPYih6YAAAAJ,28,,,verify SK birth/undergrad before add,Slovak nationality not verified,,,,,,,,,,,,
Jozef,Živčák,Jozef Živčák,NIE,,SR,SjF TUKE,SR,biomedicínske inžinierstvo,,,https://scholar.google.com/citations?user=0lU3JgcAAAAJ,27,,,live GS h=27; Learned Society fellow (2026-09-07 Monday hunt),,,,,,,,,,,,,
Marek,Vaculík,Marek Vaculík,NIE,,SR,PriF UK / CBRB SAV,SR,fyziológia rastlín,https://orcid.org/0000-0002-4125-2074,,,,32,no public Google Scholar; Research.com/SemanticScholar h~32 (2026-09-07),,,,,,,,,,,,,,
Jozef,Kováčik,Jozef Kováčik,NIE,,SR,Trnavská univerzita,SR,rastlinná stresov fyziológia,https://pdf.truni.sk/katedry/kb/pracovnici/jozef-kovacik,,,,40,no public Google Scholar; Research.com D~40; UPJŠ biology first degree (2026-09-07),,,,,,,,,,,,,,
Anna,Ebringerová,Anna Ebringerová,NIE,1934,SR,Chemick ústav SAV,SR,hemicelulózy,http://www.chem.sk/people/ebringerovaanna/,,,,,,no public GS; secondary h~43; born 1934 Bratislava; ne Vojtíšková (2026-09-07),,,,,,,,,,,,,
Pavol,Černý,Pavol Černý,NIE,,SK citizenship,TU Wien,Rakúsko,formal methods,,,https://scholar.google.com/citations?user=FQm9ZGgAAAAJ,25,,,live GS h=25; Slovak citizenship (2026-09-07),,,,,,,,,,,,,
Silvester,Czanner,Silvester Czanner,NIE,1971,SR (born Bratislava),University of Chester,UK,computer science,,,https://scholar.google.com/citations?user=Kq1ES-wAAAAJ,13,,,live GS h=13; born Bratislava 1971; Comenius PhD (2026-09-07),,,,,,,,,,,,,
Júlia,Volaufová,Júlia Volaufová,NIE,,SR,LSU Health (emerita),USA,biostatistics,,,,,,,no public GS id; Comenius 1974/1984; LinkedIn claims ~33 unverified (2026-09-07),,,,,,,,,,,,,
Andrea,Čalkovská,Andrea Čalkovská,NIE,,SR,JLF UK Martin,SR,,,,,,,,off-sheet; Rankless ~28; no Scholar user id this run (2026-09-07),,,,,,,,,,,,,
Vladimír,Frecer,Vladimír Frecer,NIE,,SR,FaF UK,SR,,,,,,,,Learned Society; SemanticScholar h~23; no GS≥30 (2026-09-07),,,,,,,,,,,,,
Monika,Janiová,Monika Janiová,ANO,,,Botanický ústav CBRB SAV,,,,,https://scholar.google.com/citations?user=bQ8o3uQAAAAJ,35,,,live GS h=35; Botanický stav CBRB SAV,,,,,,,,,,,,,